Date,bbb_spread,vix,us10y,us2y,yield_curve_slope,spread_lag_1d,spread_lag_5d,spread_lag_21d,spread_chg_21d,vix_lag_1d,equity_vol_21d,equity_vol_63d,equity_mom_1m,equity_mom_3m,interest_coverage,debt_to_equity
2021-07-12,1.11,16.17,1.38,0.23,1.15,1.11,1.08,1.12,-0.010000000000000009,16.18,0.1307606820464154,0.18091481170463977,0.07805949746849472,0.08616429632088463,52.84,0.18
2021-07-13,1.1,17.12,1.42,0.26,1.16,1.11,1.08,1.11,-0.010000000000000009,16.17,0.13480152614687713,0.1816301366159017,0.08953425586561137,0.08951501932166495,52.84,0.18
2021-07-14,1.1,16.33,1.37,0.23,1.1400000000000001,1.1,1.09,1.1,0.0,17.12,0.13425423599151268,0.17996469468506626,0.08703662463775341,0.1078771073597169,52.84,0.18
2021-07-15,1.11,17.01,1.31,0.23,1.08,1.1,1.12,1.1,0.010000000000000009,16.33,0.13366861154963242,0.17833306727107015,0.08774624858655367,0.085468284290112,52.84,0.18
2021-07-16,1.12,18.45,1.31,0.25,1.06,1.11,1.11,1.08,0.040000000000000036,17.01,0.13194211125191393,0.17825779494415675,0.09079921252028145,0.07922917220381964,52.84,0.18
2021-07-19,1.14,22.5,1.19,0.21,0.98,1.12,1.11,1.08,0.05999999999999983,18.45,0.1403359887988508,0.1797619687983982,0.06174754183214981,0.07308382585454609,52.84,0.18
2021-07-20,1.15,19.73,1.23,0.2,1.03,1.14,1.1,1.08,0.06999999999999984,22.5,0.1379638282341027,0.18021725423659565,0.07666815801363347,0.08404307603869787,52.84,0.18
2021-07-21,1.14,17.91,1.3,0.22,1.08,1.15,1.1,1.08,0.05999999999999983,19.73,0.13505475760971591,0.17997864843542064,0.07146922672182421,0.08239246664668731,52.84,0.18
2021-07-22,1.13,17.69,1.27,0.2,1.07,1.14,1.11,1.08,0.04999999999999982,17.91,0.1406634525519724,0.1801954702158623,0.07769996836035853,0.11521867893141091,52.84,0.18
2021-07-23,1.13,17.2,1.3,0.22,1.08,1.13,1.12,1.09,0.039999999999999813,17.69,0.14277538175539664,0.1793339832446476,0.09198161984807607,0.11177048701180081,52.84,0.18
2021-07-26,1.13,17.58,1.29,0.22,1.07,1.13,1.14,1.08,0.04999999999999982,17.2,0.14438826232742816,0.1795021404107959,0.08384248344052536,0.10769423079822693,52.84,0.18
2021-07-27,1.13,19.36,1.25,0.2,1.05,1.13,1.15,1.07,0.05999999999999983,17.58,0.14675570031075813,0.1806968720830146,0.08120148597547194,0.09631472154983967,52.84,0.18
2021-07-28,1.12,18.31,1.26,0.2,1.06,1.13,1.14,1.07,0.050000000000000044,19.36,0.14279782115382175,0.17035300052598434,0.06512362035284203,0.12696768103115263,52.84,0.18
2021-07-29,1.12,17.7,1.28,0.2,1.08,1.12,1.13,1.07,0.050000000000000044,18.31,0.1406846843353491,0.16914961736031048,0.055637395370719434,0.13722836594230925,52.84,0.18
2021-07-30,1.12,18.24,1.24,0.19,1.05,1.12,1.13,1.07,0.050000000000000044,17.7,0.14273721035154519,0.16970879602174332,0.05171656690133619,0.13239694889464748,52.84,0.18
2021-08-02,1.14,19.46,1.2,0.17,1.03,1.12,1.13,1.08,0.05999999999999983,18.24,0.14305405382925568,0.1696441418183558,0.048674972200784206,0.13347769142221,52.84,0.18
2021-08-03,1.15,18.04,1.19,0.17,1.02,1.14,1.13,1.08,0.06999999999999984,19.46,0.12544863198570527,0.16595672241461687,0.034107530661635854,0.16139871998281108,52.84,0.18
2021-08-04,1.15,17.97,1.19,0.17,1.02,1.15,1.12,1.08,0.06999999999999984,18.04,0.12601607733697848,0.16547106120001495,0.03187354438220091,0.16513806275673115,52.84,0.18
2021-08-05,1.15,17.28,1.23,0.21,1.02,1.15,1.12,1.09,0.05999999999999983,17.97,0.1278112988503734,0.16484122302327164,0.03425854556501151,0.16200904661126514,52.84,0.18
2021-08-06,1.15,16.15,1.31,0.21,1.1,1.15,1.12,1.12,0.029999999999999805,17.28,0.12213159286273527,0.1640119906372756,0.04339954464236495,0.1492050578592108,52.84,0.18
2021-08-09,1.15,16.72,1.33,0.23,1.1,1.15,1.14,1.11,0.039999999999999813,16.15,0.12386610038645048,0.15764683606405902,0.03738187269776083,0.16917114527215404,52.84,0.18
2021-08-10,1.15,16.79,1.36,0.24,1.12,1.15,1.15,1.11,0.039999999999999813,16.72,0.12650694064486337,0.15818490987363668,0.032886205908214894,0.16598874540705477,52.84,0.18
2021-08-11,1.15,16.06,1.35,0.23,1.12,1.15,1.15,1.1,0.04999999999999982,16.79,0.11926184284694664,0.1443545882958812,0.02124737386298592,0.20340031146367576,52.84,0.18
2021-08-12,1.15,15.59,1.36,0.23,1.1300000000000001,1.15,1.15,1.1,0.04999999999999982,16.06,0.12235984123935899,0.1423043012212062,0.025839816789709147,0.19523994851310378,52.84,0.18
2021-08-13,1.14,15.45,1.29,0.23,1.06,1.15,1.15,1.11,0.029999999999999805,15.59,0.12398075464908519,0.13832470540279945,0.04205948204710741,0.1828582040496285,52.84,0.18
2021-08-16,1.15,16.12,1.26,0.21,1.05,1.14,1.15,1.12,0.029999999999999805,15.45,0.12421476886206335,0.13520752308458578,0.04933261452357374,0.2043408896718537,52.84,0.18
2021-08-17,1.15,17.91,1.26,0.23,1.03,1.15,1.15,1.14,0.010000000000000009,16.12,0.11406502466971394,0.13419231064317771,0.05801196229686356,0.20847720985439477,52.84,0.18
2021-08-18,1.16,21.57,1.27,0.23,1.04,1.15,1.15,1.15,0.010000000000000009,17.91,0.11605842258830848,0.13543568920371452,0.04284180537384463,0.19811851612576947,52.84,0.18
2021-08-19,1.17,21.67,1.24,0.22,1.02,1.16,1.15,1.14,0.030000000000000027,21.57,0.13199376282424866,0.13839508032587347,0.05663853961386023,0.20633769994149653,52.84,0.18
2021-08-20,1.17,18.56,1.26,0.23,1.03,1.17,1.14,1.13,0.040000000000000036,21.67,0.14648591996132457,0.14448989533742024,0.06571122669687357,0.24380106033097948,52.84,0.18
2021-08-23,1.17,17.15,1.25,0.23,1.02,1.17,1.15,1.13,0.040000000000000036,18.56,0.14267635998817013,0.13909530003985085,0.05372731384462459,0.21713531251245488,52.84,0.18
2021-08-24,1.16,17.22,1.29,0.24,1.05,1.17,1.15,1.13,0.030000000000000027,17.15,0.14537772141465177,0.1404686152271442,0.04895142894152715,0.20451028388062342,52.84,0.18
2021-08-25,1.15,16.79,1.35,0.23,1.12,1.16,1.16,1.13,0.020000000000000018,17.22,0.14078224923635982,0.14061052384882347,0.05600681340227509,0.20318157536215198,52.84,0.18
2021-08-26,1.14,18.84,1.34,0.25,1.09,1.15,1.17,1.12,0.019999999999999796,16.79,0.14664887740417715,0.14096107589097442,0.046965789476309805,0.20196756622466427,52.84,0.18
2021-08-27,1.14,16.39,1.31,0.22,1.09,1.14,1.17,1.12,0.019999999999999796,18.84,0.14657977082374452,0.14094003052173465,0.0481458055368722,0.20271457652001357,52.84,0.18
2021-08-30,1.14,16.19,1.29,0.2,1.09,1.14,1.17,1.12,0.019999999999999796,16.39,0.14809480740192021,0.14013831061994672,0.06760446269083409,0.2294713221448157,52.84,0.18
2021-08-31,1.14,16.48,1.3,0.2,1.1,1.14,1.16,1.14,0.0,16.19,0.1507883553940037,0.14109035534490513,0.06192642970903606,0.22304039687073218,52.84,0.18
2021-09-01,1.14,16.11,1.31,0.2,1.11,1.14,1.15,1.15,-0.010000000000000009,16.48,0.14992987862052773,0.1398967003464611,0.053245449050953964,0.23075103226354687,52.84,0.18
2021-09-02,1.14,16.41,1.29,0.2,1.09,1.14,1.14,1.15,-0.010000000000000009,16.11,0.14998054223014706,0.13580412295409347,0.05311007529548717,0.20310431957646524,52.84,0.18
2021-09-03,1.13,16.41,1.33,0.21,1.12,1.14,1.14,1.15,-0.020000000000000018,16.41,0.14732045923708117,0.1346699795336906,0.042126932178095045,0.1887496308103418,52.84,0.18
2021-09-07,1.13,18.14,1.38,0.22,1.16,1.13,1.14,1.15,-0.020000000000000018,16.41,0.1482440404939387,0.13431939804914614,0.03902006267826197,0.19077752392065284,52.84,0.18
2021-09-08,1.14,17.96,1.35,0.22,1.1300000000000001,1.13,1.14,1.15,-0.010000000000000009,18.14,0.1469236249314833,0.13440396281391362,0.043196491985285634,0.18610656437943685,52.84,0.18
2021-09-09,1.13,18.8,1.3,0.23,1.07,1.14,1.14,1.15,-0.020000000000000018,17.96,0.14978273710875253,0.1346156746086778,0.03972578247770131,0.15774795073019288,52.84,0.18
2021-09-10,1.12,20.95,1.35,0.23,1.12,1.13,1.14,1.15,-0.029999999999999805,18.8,0.15178002025015763,0.13545755460045716,0.03250030243177271,0.14884656396744878,52.84,0.18
2021-09-13,1.12,19.37,1.33,0.21,1.12,1.12,1.13,1.15,-0.029999999999999805,20.95,0.14908149869482842,0.13506332413811134,0.026736649384851985,0.14494017008865834,52.84,0.18
2021-09-14,1.12,19.46,1.28,0.21,1.07,1.12,1.13,1.14,-0.019999999999999796,19.37,0.1482999926620477,0.13481540655278576,0.025657736630570804,0.16257924174293614,52.84,0.18
2021-09-15,1.12,18.18,1.31,0.21,1.1,1.12,1.14,1.15,-0.029999999999999805,19.46,0.15709931966668148,0.13721296729690102,0.036671842703065005,0.18658619109512764,52.84,0.18
2021-09-16,1.11,18.69,1.34,0.23,1.11,1.12,1.13,1.15,-0.039999999999999813,18.18,0.15509283553166028,0.13542989003249728,0.04341622940003753,0.17211285680649313,52.84,0.18
2021-09-17,1.1,20.81,1.37,0.23,1.1400000000000001,1.11,1.12,1.16,-0.05999999999999983,18.69,0.16724414223204745,0.14035433024892804,0.03143813597974465,0.15809313392499602,52.84,0.18
2021-09-20,1.12,25.71,1.31,0.23,1.08,1.1,1.12,1.17,-0.04999999999999982,20.81,0.165727045278862,0.14497353387227144,-0.00832281744941299,0.12273295392420236,52.84,0.18
2021-09-21,1.12,24.36,1.33,0.22,1.11,1.12,1.12,1.17,-0.04999999999999982,25.71,0.1367831528847462,0.14379290161237576,-0.03141032097700758,0.11244166907922648,52.84,0.18
2021-09-22,1.11,20.87,1.32,0.25,1.07,1.12,1.12,1.17,-0.05999999999999983,24.36,0.14535780702791345,0.14538158531704018,-0.019924295929482083,0.12772495082298607,52.84,0.18
2021-09-23,1.09,18.63,1.41,0.27,1.14,1.11,1.11,1.16,-0.06999999999999984,20.87,0.14448498303523294,0.14524355215258164,-0.010111805129316087,0.12540202949342616,52.84,0.18
2021-09-24,1.08,17.75,1.47,0.29,1.18,1.09,1.1,1.15,-0.06999999999999984,18.63,0.1443765457236317,0.14439389651784396,-0.008807593546404147,0.13170001187707614,52.84,0.18
2021-09-27,1.07,18.76,1.48,0.31,1.17,1.08,1.12,1.14,-0.06999999999999984,17.75,0.15274541662314572,0.1473813541282241,-0.01644980766096915,0.09680402208946881,52.84,0.18
2021-09-28,1.08,23.25,1.54,0.31,1.23,1.07,1.12,1.14,-0.05999999999999983,18.76,0.19542232600056772,0.1645405307353903,-0.05405037292260462,0.04665722936683836,52.84,0.18
2021-09-29,1.07,22.56,1.55,0.3,1.25,1.08,1.11,1.14,-0.06999999999999984,23.25,0.18794506087194507,0.1644636763076634,-0.06452754678340245,0.05036465443479887,52.84,0.18
2021-09-30,1.1,23.14,1.52,0.28,1.24,1.07,1.09,1.14,-0.039999999999999813,22.56,0.18832279047772754,0.16522702507851839,-0.06611891736740427,0.039984606746535034,52.84,0.18
2021-10-01,1.1,21.15,1.48,0.27,1.21,1.1,1.08,1.14,-0.039999999999999813,23.14,0.21283944950949685,0.16703667933203198,-0.042176082732106934,0.043232166515604575,52.84,0.18
2021-10-04,1.11,22.96,1.49,0.27,1.22,1.1,1.07,1.14,-0.029999999999999805,21.15,0.22254733426797887,0.1724555313703085,-0.05990367701333765,0.021580512377465055,52.84,0.18
2021-10-05,1.1,21.3,1.54,0.28,1.26,1.11,1.08,1.13,-0.029999999999999805,22.96,0.23608879483434586,0.17618463128540202,-0.04111073040848534,0.033518360666143776,52.84,0.18
2021-10-06,1.11,21.0,1.53,0.3,1.23,1.1,1.07,1.13,-0.019999999999999796,21.3,0.24318593798877278,0.17744102924870123,-0.023552343112037688,0.058579657504994165,52.84,0.18
2021-10-07,1.11,19.54,1.58,0.32,1.26,1.11,1.1,1.14,-0.029999999999999805,21.0,0.2443626490378471,0.1777113047429798,-0.017854563948296542,0.06287104399544918,52.84,0.18
2021-10-08,1.11,18.77,1.61,0.32,1.29,1.11,1.1,1.13,-0.019999999999999796,19.54,0.2421047102924746,0.17760089762055972,-0.008074130754827658,0.0652474609161584,52.84,0.18
2021-10-11,1.11,20.0,1.61,0.32,1.29,1.11,1.11,1.12,-0.010000000000000009,18.77,0.2415528821628605,0.17598152957240196,-0.005004672669989163,0.049161104217493534,52.84,0.18
2021-10-12,1.12,19.85,1.59,0.35,1.2400000000000002,1.11,1.1,1.12,0.0,20.0,0.24145497455206075,0.17605442310710495,-0.01383890620421313,0.03869126842127146,52.84,0.18
2021-10-13,1.12,18.64,1.56,0.37,1.19,1.12,1.11,1.12,0.0,19.85,0.242770268665488,0.17700614493961725,-0.011608047871854543,0.05638973036506423,52.84,0.18
2021-10-14,1.12,16.86,1.52,0.36,1.1600000000000001,1.12,1.11,1.12,0.0,18.64,0.24775547804186213,0.18177302813129306,-0.0067909058257145105,0.08042633556209577,52.84,0.18
2021-10-15,1.1,16.3,1.59,0.41,1.1800000000000002,1.12,1.11,1.11,-0.010000000000000009,16.86,0.248324603301845,0.17945121971160044,-0.003309135650696682,0.10029374247430956,52.84,0.18
2021-10-18,1.1,16.31,1.59,0.44,1.1500000000000001,1.1,1.11,1.1,0.0,16.3,0.24218815845529099,0.17975981305724678,0.024744123543928964,0.10224225047731439,52.84,0.18
2021-10-19,1.1,15.7,1.65,0.41,1.24,1.1,1.12,1.12,-0.020000000000000018,16.31,0.2311909217922439,0.17939454683473877,0.04733290045125482,0.09744184129603717,52.84,0.18
2021-10-20,1.1,15.49,1.65,0.4,1.25,1.1,1.12,1.12,-0.020000000000000018,15.7,0.23182756254727088,0.17685450429591637,0.04277479759988223,0.07639061925617407,52.84,0.18
2021-10-21,1.1,15.01,1.68,0.45,1.23,1.1,1.12,1.11,-0.010000000000000009,15.49,0.23079921862583527,0.1765103156252798,0.04079286381833325,0.07486065683939058,52.84,0.18
2021-10-22,1.11,15.43,1.66,0.48,1.18,1.1,1.1,1.09,0.020000000000000018,15.01,0.23205659974566106,0.1768444075289975,0.0320471575696053,0.07162063067948554,52.84,0.18
2021-10-25,1.1,15.24,1.64,0.47,1.17,1.11,1.1,1.08,0.020000000000000018,15.43,0.23256447696346783,0.1759553484539835,0.02933006580893438,0.07740588855223729,52.84,0.18
2021-10-26,1.1,15.98,1.63,0.47,1.16,1.1,1.1,1.07,0.030000000000000027,15.24,0.22273437405673205,0.17619044000236656,0.054186459193366066,0.08554155253125906,52.84,0.18
2021-10-27,1.1,16.98,1.54,0.5,1.04,1.1,1.1,1.08,0.020000000000000018,15.98,0.21589649031834385,0.19411994803479593,0.13984904774346263,0.13015250448628923,52.84,0.18
2021-10-28,1.1,16.53,1.57,0.5,1.07,1.1,1.1,1.07,0.030000000000000027,16.98,0.21547165789521613,0.19353346919088493,0.1420771060019348,0.14060904100615357,52.84,0.18
2021-10-29,1.1,16.26,1.55,0.48,1.07,1.1,1.11,1.1,0.0,16.53,0.2161731477271291,0.1976454173437074,0.1762909625711342,0.16654304389636998,52.84,0.18
2021-11-01,1.12,16.41,1.58,0.5,1.08,1.1,1.1,1.1,0.020000000000000018,16.26,0.21188065792759356,0.19818282632792453,0.13929436844365384,0.14934713948949896,52.84,0.18
2021-11-02,1.12,16.03,1.56,0.46,1.1,1.12,1.1,1.11,0.010000000000000009,16.41,0.18813385192454785,0.19880661189369087,0.17668032675938128,0.16494283399331877,52.84,0.18
2021-11-03,1.12,15.1,1.6,0.47,1.1300000000000001,1.12,1.1,1.1,0.020000000000000018,16.03,0.18360252695869655,0.19814087638486091,0.1566701832224644,0.15584239233181796,52.84,0.18
2021-11-04,1.12,15.44,1.53,0.41,1.12,1.12,1.1,1.11,0.010000000000000009,15.1,0.18127004752026107,0.1983120748665174,0.14782811919075378,0.16452753264716624,52.84,0.18
2021-11-05,1.11,16.48,1.45,0.39,1.06,1.12,1.1,1.11,0.0,15.44,0.18326113006698497,0.19802552958782746,0.1397660975117503,0.16777091816976353,52.84,0.18
2021-11-08,1.11,17.22,1.51,0.45,1.06,1.11,1.12,1.11,0.0,16.48,0.18230850231279852,0.19716090044453782,0.14292029994460864,0.17872902221110532,52.84,0.18
2021-11-09,1.12,17.78,1.46,0.41,1.05,1.11,1.12,1.11,0.010000000000000009,17.22,0.18292014636860693,0.19749202499950286,0.14179395738290457,0.1730025846582277,52.84,0.18
2021-11-10,1.11,18.73,1.56,0.51,1.05,1.12,1.12,1.12,-0.010000000000000009,17.78,0.1944676678808347,0.20012581917495026,0.1294730758230369,0.143622817688698,52.84,0.18
2021-11-11,1.11,17.66,1.56,0.51,1.05,1.11,1.12,1.12,-0.010000000000000009,18.73,0.19332319064468373,0.1994987008537758,0.12189930935798676,0.13732750320663478,52.84,0.18
2021-11-12,1.12,16.29,1.58,0.53,1.05,1.11,1.11,1.12,0.0,17.66,0.18630938046526646,0.2005214865141394,0.11220495400995589,0.14516170204103562,52.84,0.18
2021-11-15,1.12,16.49,1.63,0.53,1.0999999999999999,1.12,1.11,1.1,0.020000000000000018,16.29,0.18791667791783936,0.2001412580618832,0.10473043525334513,0.14887924555347865,52.84,0.18
2021-11-16,1.14,16.37,1.63,0.54,1.0899999999999999,1.12,1.12,1.1,0.039999999999999813,16.49,0.18795653374770133,0.20002340905682525,0.10485178438460574,0.167784328350161,52.84,0.18
2021-11-17,1.15,17.11,1.6,0.52,1.08,1.14,1.11,1.1,0.04999999999999982,16.37,0.18841858704355788,0.1965867233764955,0.10223016299743737,0.14479403718701134,52.84,0.18
2021-11-18,1.15,17.59,1.59,0.52,1.07,1.15,1.11,1.1,0.04999999999999982,17.11,0.18655163442772707,0.19098410287060197,0.11217690272700942,0.12332192348129212,52.84,0.18
2021-11-19,1.15,17.91,1.54,0.52,1.02,1.15,1.12,1.1,0.04999999999999982,17.59,0.18538213365881076,0.1910991576877629,0.10611964954868736,0.12830376268690813,52.84,0.18
2021-11-22,1.15,19.17,1.63,0.63,0.9999999999999999,1.15,1.12,1.11,0.039999999999999813,17.91,0.1889830322547221,0.19171894842626305,0.10121521565675629,0.12501390565503612,52.84,0.18
2021-11-23,1.18,19.38,1.67,0.6,1.0699999999999998,1.15,1.14,1.1,0.07999999999999985,19.17,0.1908559260401106,0.19227382326055156,0.09790619116443011,0.1201543213792744,52.84,0.18
2021-11-24,1.17,18.58,1.64,0.64,0.9999999999999999,1.18,1.15,1.1,0.06999999999999984,19.38,0.19117238638681563,0.19085730446072094,0.09163929048787733,0.1318610618529159,52.84,0.18
2021-11-26,1.23,28.62,1.48,0.5,0.98,1.17,1.15,1.1,0.1299999999999999,18.58,0.16169535262629045,0.19802270551804504,0.02201061959182682,0.10197250729984919,52.84,0.18
2021-11-29,1.24,22.96,1.52,0.51,1.01,1.23,1.15,1.1,0.1399999999999999,28.62,0.175833007093112,0.2005737316197501,0.03975910025821139,0.11085956612976378,52.84,0.18
2021-11-30,1.26,27.19,1.43,0.52,0.9099999999999999,1.24,1.15,1.1,0.15999999999999992,22.96,0.17209193304843584,0.20389844948237393,-0.0012820927879917399,0.09710747833268174,52.84,0.18
2021-12-01,1.27,31.12,1.43,0.56,0.8699999999999999,1.26,1.18,1.12,0.1499999999999999,27.19,0.17043997621882917,0.20396423632419064,0.0039888012798317,0.09559614795415161,52.84,0.18
2021-12-02,1.28,27.95,1.44,0.63,0.8099999999999999,1.27,1.17,1.12,0.15999999999999992,31.12,0.16560441885786667,0.20393124872276652,-0.009117258344597201,0.09610740253836103,52.84,0.18
2021-12-03,1.27,30.67,1.35,0.6,0.7500000000000001,1.28,1.23,1.12,0.1499999999999999,27.95,0.17804157833912118,0.20828035495210756,-0.031134859060710673,0.07458637501059573,52.84,0.18
2021-12-06,1.25,27.18,1.43,0.65,0.7799999999999999,1.27,1.24,1.12,0.1299999999999999,30.67,0.17982259795782732,0.2087878418605194,-0.028692248599006875,0.08863597519417787,52.84,0.18
2021-12-07,1.22,21.89,1.48,0.7,0.78,1.25,1.26,1.11,0.10999999999999988,27.18,0.20447268997117227,0.21481850211500003,-0.0015689792013423576,0.11765973030483368,52.84,0.18
2021-12-08,1.22,19.9,1.52,0.68,0.84,1.22,1.27,1.11,0.10999999999999988,21.89,0.20422789125026053,0.2135283280146681,-0.004175655716659898,0.1289583036345363,52.84,0.18
2021-12-09,1.22,21.58,1.49,0.7,0.79,1.22,1.28,1.12,0.09999999999999987,19.9,0.20486677522863392,0.21358484245610046,-0.006669471497952384,0.1285026015087487,52.84,0.18
2021-12-10,1.22,18.69,1.48,0.67,0.8099999999999999,1.22,1.27,1.11,0.10999999999999988,21.58,0.2196545494393206,0.21994828474164058,0.03738409467786896,0.15548239374890938,52.84,0.18
2021-12-13,1.23,20.31,1.42,0.66,0.7599999999999999,1.22,1.25,1.11,0.11999999999999988,18.69,0.22256539009279955,0.22067301687803306,0.022834806124073292,0.13419722261690503,52.84,0.18
2021-12-14,1.23,21.89,1.44,0.67,0.7699999999999999,1.23,1.22,1.12,0.10999999999999988,20.31,0.24681082916889352,0.22924289147416085,-0.02310330881661371,0.07913095688685967,52.84,0.18
2021-12-15,1.24,19.29,1.47,0.69,0.78,1.23,1.22,1.12,0.11999999999999988,21.89,0.2564864314545872,0.23202322427909688,-0.0024036730861364264,0.09842810868557827,52.84,0.18
2021-12-16,1.24,20.57,1.44,0.64,0.7999999999999999,1.24,1.22,1.14,0.10000000000000009,19.29,0.2724708758862715,0.2370191338059032,-0.041281796935793036,0.0854515203463393,52.84,0.18
2021-12-17,1.24,21.57,1.41,0.66,0.7499999999999999,1.24,1.22,1.15,0.09000000000000008,20.57,0.2723564896705987,0.2337371793405662,-0.04517601511544134,0.10225063527991818,52.84,0.18
2021-12-20,1.26,22.87,1.43,0.65,0.7799999999999999,1.24,1.23,1.15,0.1100000000000001,21.57,0.2726461893188417,0.23532973722109485,-0.06258958525811742,0.0871617703395442,52.84,0.18
2021-12-21,1.25,21.01,1.48,0.7,0.78,1.26,1.23,1.15,0.10000000000000009,22.87,0.2859962407055146,0.2382194449920675,-0.046107681484104934,0.09816036425506902,52.84,0.18
2021-12-22,1.24,18.63,1.46,0.68,0.7799999999999999,1.25,1.24,1.15,0.09000000000000008,21.01,0.2928281487830506,0.24046622373586662,-0.019509804204285497,0.11433302300641035,52.84,0.18
2021-12-23,1.23,17.96,1.5,0.71,0.79,1.24,1.24,1.18,0.050000000000000044,18.63,0.29263810515366084,0.24046724940198694,-0.008854505875715013,0.12010130538756436,52.84,0.18
2021-12-27,1.22,17.68,1.48,0.76,0.72,1.23,1.24,1.17,0.050000000000000044,17.96,0.30372512229462734,0.2409489149661235,0.013435214682499419,0.16625248731004882,52.84,0.18
2021-12-28,1.21,17.54,1.49,0.74,0.75,1.22,1.26,1.23,-0.020000000000000018,17.68,0.29024598571955734,0.22810118946251076,0.03509422951550922,0.205820427156304,52.84,0.18
2021-12-29,1.2,16.95,1.55,0.75,0.8,1.21,1.25,1.24,-0.040000000000000036,17.54,0.2816801559088095,0.22809347899203936,0.015803937381876354,0.20625200375800468,52.84,0.18
2021-12-30,1.2,17.33,1.52,0.73,0.79,1.2,1.24,1.26,-0.06000000000000005,16.95,0.27520531094849726,0.2281627521999083,0.02640734093880348,0.20580573961850157,52.84,0.18
2021-12-31,1.21,17.22,1.52,0.73,0.79,1.2,1.23,1.27,-0.06000000000000005,17.33,0.27733662532521264,0.22477017906819272,0.018904955284156033,0.16546300840439243,52.84,0.18
2022-01-03,1.2,16.6,1.63,0.78,0.8499999999999999,1.21,1.22,1.28,-0.08000000000000007,17.22,0.2778854289841135,0.2202688852318528,0.015964115303754634,0.18456562404146504,52.84,0.18
2022-01-04,1.19,16.91,1.66,0.77,0.8899999999999999,1.2,1.21,1.27,-0.08000000000000007,16.6,0.2756642316451544,0.22101213108456097,0.01857494786628555,0.14147357324220922,52.84,0.18
2022-01-05,1.17,19.73,1.71,0.83,0.88,1.19,1.2,1.25,-0.08000000000000007,16.91,0.3052564226765598,0.23384613081976538,-0.030074383520396153,0.08136458919604062,52.84,0.18
2022-01-06,1.17,19.61,1.73,0.88,0.85,1.17,1.2,1.22,-0.050000000000000044,19.73,0.28828292597747074,0.23438004849427443,-0.0628208854061022,0.06648905346967093,52.84,0.18
2022-01-07,1.17,18.76,1.76,0.87,0.89,1.17,1.21,1.22,-0.050000000000000044,19.61,0.2883341015527699,0.23437227904432767,-0.062483083705130005,0.06703287036395555,52.84,0.18
2022-01-10,1.18,19.4,1.78,0.92,0.86,1.17,1.2,1.22,-0.040000000000000036,18.76,0.28842641368069566,0.23428154403520227,-0.05652948646966571,0.07006425027425744,52.84,0.18
2022-01-11,1.19,18.41,1.75,0.9,0.85,1.18,1.19,1.22,-0.030000000000000027,19.4,0.2664797990857605,0.2339960631159331,-0.08045777692709621,0.07742523585045924,52.84,0.18
2022-01-12,1.19,17.62,1.74,0.92,0.82,1.19,1.17,1.23,-0.040000000000000036,18.41,0.27018506569497885,0.2337804644383447,-0.06225700721748273,0.07607664717660634,52.84,0.18
2022-01-13,1.2,20.31,1.7,0.91,0.7899999999999999,1.19,1.17,1.23,-0.030000000000000027,17.62,0.28533528328271635,0.24578633187330234,-0.07169379739838821,0.008613359033236678,52.84,0.18
2022-01-14,1.2,19.19,1.78,0.99,0.79,1.2,1.17,1.24,-0.040000000000000036,20.31,0.28388078225072805,0.248102323362727,-0.07306118011152096,0.021556122581766868,52.84,0.18
2022-01-18,1.21,22.79,1.87,1.06,0.81,1.2,1.18,1.24,-0.030000000000000027,19.19,0.27885598735003436,0.25218641118057583,-0.06848275316531127,-0.01329825799952078,52.84,0.18
2022-01-19,1.22,23.85,1.83,1.04,0.79,1.21,1.19,1.24,-0.020000000000000018,22.79,0.27949675234535654,0.25215044720202184,-0.06321805527785762,-0.014097147865931525,52.84,0.18
2022-01-20,1.23,25.59,1.83,1.08,0.75,1.22,1.19,1.26,-0.030000000000000027,23.85,0.2777695692133784,0.2523493374743162,-0.05723480618516541,-0.017104863407417126,52.84,0.18
2022-01-21,1.26,28.85,1.75,1.01,0.74,1.23,1.2,1.25,0.010000000000000009,25.59,0.26633337760107545,0.25395387771696337,-0.09551135405996802,-0.04565681086044415,52.84,0.18
2022-01-24,1.29,29.9,1.75,0.99,0.76,1.26,1.2,1.24,0.050000000000000044,28.85,0.25435357456106483,0.25380923878264333,-0.11053423526844586,-0.03961648728520095,52.84,0.18
2022-01-25,1.28,31.16,1.78,1.02,0.76,1.29,1.21,1.23,0.050000000000000044,29.9,0.26175471796788496,0.2590657114891949,-0.13803815560615007,-0.06202624486532948,52.84,0.18
2022-01-26,1.26,31.96,1.85,1.13,0.7200000000000002,1.28,1.22,1.22,0.040000000000000036,31.16,0.26996313419870477,0.26528154284651817,-0.13356669629859363,-0.04145989856176002,52.84,0.18
2022-01-27,1.31,30.49,1.81,1.18,0.6300000000000001,1.26,1.23,1.21,0.10000000000000009,31.96,0.2763497343726372,0.2518262174085657,-0.12134779355563297,-0.07049378073873813,52.84,0.18
2022-01-28,1.33,27.66,1.78,1.15,0.6300000000000001,1.31,1.26,1.2,0.13000000000000012,30.49,0.2996312888770591,0.25833049264980334,-0.09852293984660387,-0.04786769261263246,52.84,0.18
2022-01-31,1.34,24.83,1.79,1.18,0.6100000000000001,1.33,1.29,1.2,0.14000000000000012,27.66,0.30303500856363336,0.2548051688518407,-0.08351971329704388,-0.06052394763102198,52.84,0.18
2022-02-01,1.33,21.96,1.81,1.18,0.6300000000000001,1.34,1.28,1.21,0.1200000000000001,24.83,0.30274746539673436,0.25483959257366623,-0.08194577328186603,-0.060858834568880305,52.84,0.18
2022-02-02,1.32,22.09,1.78,1.16,0.6200000000000001,1.33,1.26,1.2,0.1200000000000001,21.96,0.3098590429665202,0.2556975810300268,-0.0635997624779353,-0.057324656079062675,52.84,0.18
2022-02-03,1.33,24.35,1.82,1.19,0.6300000000000001,1.32,1.31,1.19,0.14000000000000012,22.09,0.33094392647929316,0.2667131395510678,-0.08437401575786674,-0.09640372930295837,52.84,0.18
2022-02-04,1.33,23.22,1.93,1.31,0.6199999999999999,1.33,1.33,1.17,0.16000000000000014,24.35,0.31252933749916,0.26832495882934193,-0.03299865860329876,-0.08899164360192358,52.84,0.18
2022-02-07,1.35,22.86,1.92,1.3,0.6199999999999999,1.33,1.34,1.17,0.18000000000000016,23.22,0.3160671167113151,0.26998980121501437,-0.04119410140253843,-0.10283697901814248,52.84,0.18
2022-02-08,1.34,21.44,1.96,1.35,0.6099999999999999,1.35,1.33,1.17,0.17000000000000015,22.86,0.31961407609141534,0.2712214836588647,-0.03018722287031983,-0.09458068830654753,52.84,0.18
2022-02-09,1.33,19.96,1.94,1.36,0.5799999999999998,1.34,1.32,1.18,0.15000000000000013,21.44,0.3294819881563068,0.27515461737362595,-0.00973698179113991,-0.0719472219113948,52.84,0.18
2022-02-10,1.32,23.91,2.03,1.61,0.4199999999999997,1.33,1.33,1.19,0.13000000000000012,19.96,0.34332857174685893,0.2791167097309347,-0.040002360512716995,-0.0842405142001581,52.84,0.18
2022-02-11,1.35,27.36,1.92,1.5,0.41999999999999993,1.32,1.33,1.19,0.16000000000000014,23.91,0.3488526413541584,0.2825816273233254,-0.07298839135273183,-0.11085109384924208,52.84,0.18
2022-02-14,1.36,28.33,1.98,1.58,0.3999999999999999,1.35,1.35,1.2,0.16000000000000014,27.36,0.31881852756295276,0.28104035236330804,-0.032152450308336245,-0.1222984894941781,52.84,0.18
2022-02-15,1.36,25.7,2.05,1.58,0.46999999999999975,1.36,1.34,1.2,0.16000000000000014,28.33,0.31945356149292403,0.28400252090628286,-0.03136690489120719,-0.10429455252874287,52.84,0.18
2022-02-16,1.39,24.29,2.03,1.52,0.5099999999999998,1.36,1.33,1.21,0.17999999999999994,25.7,0.30830751699299697,0.2829867526220027,-0.008361593345570073,-0.11440488479140587,52.84,0.18
2022-02-17,1.43,28.11,1.97,1.49,0.48,1.39,1.32,1.22,0.20999999999999996,24.29,0.32407255851191197,0.2882288227002606,-0.03955695460483433,-0.14092031813719652,52.84,0.18
2022-02-18,1.46,27.75,1.92,1.47,0.44999999999999996,1.43,1.35,1.23,0.22999999999999998,28.11,0.3249650985268185,0.2880652337639468,-0.04335088868394199,-0.15455377949979898,52.84,0.18
2022-02-22,1.49,28.81,1.94,1.56,0.3799999999999999,1.46,1.36,1.26,0.22999999999999998,27.75,0.31933605502605616,0.2876436132284308,-0.026061876560617425,-0.15970101866739983,52.84,0.18
2022-02-23,1.5,31.02,1.99,1.58,0.4099999999999999,1.49,1.36,1.29,0.20999999999999996,28.81,0.3305203076914176,0.2910853559598687,-0.05236860170773305,-0.1735588483419257,52.84,0.18
2022-02-24,1.59,30.32,1.96,1.54,0.41999999999999993,1.5,1.39,1.28,0.31000000000000005,31.02,0.36634761085431317,0.3103201791176772,0.023256061139835582,-0.12580206045317832,52.84,0.18
2022-02-25,1.54,27.59,1.97,1.55,0.41999999999999993,1.59,1.43,1.26,0.28,30.32,0.3542415323634772,0.31108457279466656,0.004093865817514919,-0.11833126163488583,52.84,0.18
2022-02-28,1.6,30.15,1.83,1.44,0.3900000000000001,1.54,1.46,1.31,0.29000000000000004,27.59,0.35275935181002344,0.30795909488703044,-0.0014412223758683007,-0.09182294556758397,52.84,0.18
2022-03-01,1.64,33.32,1.72,1.31,0.4099999999999999,1.6,1.49,1.33,0.30999999999999983,30.15,0.3402202600428458,0.3053839848743586,-0.04119988149348963,-0.12200377094061854,52.84,0.18
2022-03-02,1.64,30.74,1.86,1.5,0.3600000000000001,1.64,1.5,1.34,0.2999999999999998,33.32,0.3451081762172283,0.3061003673497134,-0.03270090028823658,-0.09007905726440213,52.84,0.18
2022-03-03,1.64,30.48,1.86,1.53,0.33000000000000007,1.64,1.59,1.33,0.30999999999999983,30.74,0.3474685958231787,0.3071877513223706,-0.03960406987565912,-0.1016360422123006,52.84,0.18
2022-03-04,1.69,31.98,1.74,1.5,0.24,1.64,1.54,1.32,0.3699999999999999,30.48,0.3475768026414802,0.30952080968959605,-0.07337674328169241,-0.11845785531317032,52.84,0.18
2022-03-07,1.75,36.45,1.78,1.55,0.22999999999999998,1.69,1.6,1.33,0.41999999999999993,31.98,0.3460822486780744,0.3158219890804828,-0.07224335518452485,-0.13474289769891357,52.84,0.18
2022-03-08,1.81,35.13,1.86,1.63,0.2300000000000002,1.75,1.64,1.33,0.48,36.45,0.33997088651244767,0.31536588385334896,-0.09648792974805553,-0.15257852630248692,52.84,0.18
2022-03-09,1.79,32.45,1.94,1.68,0.26,1.81,1.64,1.35,0.43999999999999995,35.13,0.3789690175375005,0.3247237145590213,-0.03938680171821396,-0.13681904807390177,52.84,0.18
2022-03-10,1.8,30.23,1.98,1.72,0.26,1.79,1.64,1.34,0.45999999999999996,32.45,0.3766695588666486,0.3250772266608002,-0.060347817079301036,-0.14565330966719303,52.84,0.18
2022-03-11,1.82,30.75,2.0,1.75,0.25,1.8,1.69,1.33,0.49,30.23,0.36982318039257617,0.32680117768362305,-0.09820035777702862,-0.15746306065271232,52.84,0.18
2022-03-14,1.84,31.77,2.14,1.87,0.27,1.82,1.75,1.32,0.52,30.75,0.3611197264497029,0.32134955608997945,-0.08389588427236805,-0.1913014299507243,52.84,0.18
2022-03-15,1.85,29.83,2.15,1.85,0.2999999999999998,1.84,1.81,1.35,0.5,31.77,0.3817560476986239,0.33182596200761083,-0.02472987724205855,-0.15219900842272505,52.84,0.18
2022-03-16,1.79,26.67,2.19,1.95,0.24,1.85,1.79,1.36,0.42999999999999994,29.83,0.3923634756483873,0.3305895543188838,-4.393532805457845e-06,-0.10154506385703599,52.84,0.18
2022-03-17,1.71,25.67,2.2,1.94,0.26000000000000023,1.79,1.8,1.36,0.34999999999999987,26.67,0.3868885115081344,0.3280324798379161,-0.015441450631545561,-0.11600069864745222,52.84,0.18
2022-03-18,1.69,23.87,2.14,1.97,0.17000000000000015,1.71,1.82,1.39,0.30000000000000004,25.67,0.3919131390962673,0.325489758754123,0.003104960690300196,-0.07340358158470817,52.84,0.18
2022-03-21,1.65,23.53,2.32,2.14,0.17999999999999972,1.69,1.84,1.43,0.21999999999999997,23.87,0.37731406241117565,0.32551915013308286,0.028995837601347274,-0.07418599574497331,52.84,0.18
2022-03-22,1.63,22.94,2.38,2.18,0.19999999999999973,1.65,1.85,1.46,0.16999999999999993,23.53,0.37829143947592647,0.3265716579048643,0.056020301774367454,-0.04758005792750142,52.84,0.18
2022-03-23,1.63,23.57,2.32,2.13,0.18999999999999995,1.63,1.79,1.49,0.1399999999999999,22.94,0.38321578375476695,0.3242459152655232,0.04090784345952225,-0.08304765271513703,52.84,0.18
2022-03-24,1.64,21.67,2.34,2.13,0.20999999999999996,1.63,1.71,1.5,0.1399999999999999,23.57,0.37161126667090827,0.3236468726148905,0.08502512531139317,-0.08544785252791665,52.84,0.18
2022-03-25,1.61,20.81,2.48,2.3,0.18000000000000016,1.64,1.69,1.59,0.020000000000000018,21.67,0.33024797793099625,0.32344067748266764,0.030856378194553447,-0.09077675565422594,52.84,0.18
2022-03-28,1.61,19.63,2.46,2.35,0.10999999999999988,1.61,1.65,1.54,0.07000000000000006,20.81,0.337681265121361,0.32341942717793476,0.04503715295340749,-0.09083819583103692,52.84,0.18
2022-03-29,1.57,18.9,2.41,2.35,0.06000000000000005,1.61,1.63,1.6,-0.030000000000000027,19.63,0.3405231489439526,0.3250538328961399,0.055624265810919615,-0.07381018174521836,52.84,0.18
2022-03-30,1.56,19.33,2.35,2.31,0.040000000000000036,1.57,1.63,1.64,-0.07999999999999985,18.9,0.3370183444737506,0.3250856800436588,0.06411295532390238,-0.08024853253114628,52.84,0.18
2022-03-31,1.49,20.56,2.32,2.28,0.040000000000000036,1.56,1.64,1.64,-0.1499999999999999,19.33,0.3400419410979119,0.32651763440556,0.027049260523094754,-0.08950998877667637,52.84,0.18
2022-04-01,1.47,19.63,2.39,2.44,-0.04999999999999982,1.49,1.61,1.64,-0.16999999999999993,20.56,0.33523583283183306,0.3262946166085401,0.04562064688789058,-0.07808093599783217,52.84,0.18
2022-04-04,1.44,18.57,2.42,2.43,-0.010000000000000231,1.47,1.61,1.69,-0.25,19.63,0.3286395931442697,0.3284098392868141,0.0866279360836546,-0.05714354786496445,52.84,0.18
2022-04-05,1.42,21.03,2.54,2.51,0.03000000000000025,1.44,1.57,1.75,-0.33000000000000007,18.57,0.29862251457809613,0.3276684688120414,0.1146245644943158,-0.05315085272000086,52.84,0.18
2022-04-06,1.44,22.1,2.61,2.5,0.10999999999999988,1.42,1.56,1.81,-0.3700000000000001,21.03,0.32802828330105976,0.32685282481726197,0.08573493623172501,-0.05139622660361853,52.84,0.18
2022-04-07,1.45,21.55,2.66,2.47,0.18999999999999995,1.44,1.49,1.79,-0.3400000000000001,22.1,0.291160614180792,0.3267978296321602,0.04461019834445579,-0.037870550722419294,52.84,0.18
2022-04-08,1.46,21.16,2.72,2.53,0.1900000000000004,1.45,1.47,1.8,-0.3400000000000001,21.55,0.2939744950335687,0.32802101321097205,0.039847421386301596,-0.05240088208384708,52.84,0.18
2022-04-11,1.5,24.37,2.79,2.5,0.29000000000000004,1.46,1.44,1.82,-0.32000000000000006,21.16,0.31951295414967873,0.3370474334098814,0.01853123837003401,-0.09043241956252179,52.84,0.18
2022-04-12,1.52,24.26,2.72,2.39,0.33000000000000007,1.5,1.42,1.84,-0.32000000000000006,24.37,0.31860434575476626,0.33754938029352927,0.02033000177339339,-0.10266283297455614,52.84,0.18
2022-04-13,1.55,21.82,2.7,2.37,0.33000000000000007,1.52,1.44,1.85,-0.30000000000000004,24.26,0.29635658420940714,0.339385606367772,0.001637048693766685,-0.09443324064373382,52.84,0.18
2022-04-14,1.54,22.7,2.83,2.47,0.3599999999999999,1.55,1.45,1.79,-0.25,21.82,0.2962126341657475,0.3332204461723606,-0.04945789460768635,-0.08002419437893471,52.84,0.18
2022-04-18,1.54,22.17,2.85,2.46,0.3900000000000001,1.54,1.46,1.71,-0.16999999999999993,22.7,0.29613888361675333,0.33110815520536074,-0.049793517234039464,-0.0938108871016643,52.84,0.18
2022-04-19,1.55,21.37,2.93,2.61,0.3200000000000003,1.54,1.5,1.69,-0.1399999999999999,22.17,0.29563115747387636,0.32976977657253886,-0.05036091412677812,-0.05537747288381012,52.84,0.18
2022-04-20,1.56,20.32,2.85,2.6,0.25,1.55,1.52,1.65,-0.08999999999999986,21.37,0.2962554223429142,0.32983603028417924,-0.042786395658532594,-0.053993552122083455,52.84,0.18
2022-04-21,1.57,22.68,2.9,2.68,0.21999999999999975,1.56,1.55,1.63,-0.05999999999999983,20.32,0.2943276450027218,0.3318131424135642,-0.07646508450688738,-0.06700727128388428,52.84,0.18
2022-04-22,1.61,28.21,2.9,2.72,0.17999999999999972,1.57,1.54,1.63,-0.019999999999999796,22.68,0.30041220842115685,0.33322695579923556,-0.08501152996505834,-0.07240314281098059,52.84,0.18
2022-04-25,1.64,27.02,2.81,2.63,0.18000000000000016,1.61,1.54,1.64,0.0,28.21,0.30926345326490773,0.33705637748780076,-0.07688253126097677,-0.05084704001051277,52.84,0.18
2022-04-26,1.65,33.52,2.77,2.54,0.22999999999999998,1.64,1.55,1.61,0.039999999999999813,27.02,0.3304279771936031,0.3411145951207595,-0.11018162454647884,-0.06139284996162053,52.84,0.18
2022-04-27,1.68,31.6,2.82,2.58,0.23999999999999977,1.65,1.56,1.61,0.06999999999999984,33.52,0.36687538940725606,0.3500938892893567,-0.08844529137764867,-0.043491611011044706,52.84,0.18
2022-04-28,1.67,29.99,2.85,2.63,0.2200000000000002,1.68,1.57,1.57,0.09999999999999987,31.6,0.37269717523386664,0.35246533103276956,-0.08173495749722204,-0.03205417730978288,52.84,0.18
2022-04-29,1.69,33.4,2.89,2.7,0.18999999999999995,1.67,1.61,1.56,0.1299999999999999,29.99,0.39533049746804266,0.3572966785712754,-0.11578444913121755,-0.09785996070498038,52.84,0.18
2022-05-02,1.72,32.34,2.99,2.73,0.26000000000000023,1.69,1.64,1.49,0.22999999999999998,33.4,0.4063563220218936,0.36063720671967076,-0.07732454759009055,-0.08335531575654354,52.84,0.18
2022-05-03,1.71,29.25,2.97,2.78,0.1900000000000004,1.72,1.65,1.47,0.24,32.34,0.40599371323352634,0.360823957878205,-0.08932856430923375,-0.08549480720019642,52.84,0.18
2022-05-04,1.71,25.42,2.93,2.66,0.27,1.71,1.68,1.44,0.27,29.25,0.415374293932628,0.3644351990003625,-0.0793406996240067,-0.0729930143175781,52.84,0.18
2022-05-05,1.7,31.2,3.05,2.71,0.33999999999999986,1.71,1.67,1.42,0.28,25.42,0.4370101404123703,0.36649668506304794,-0.10785500295142159,-0.07743254970560176,52.84,0.18
2022-05-06,1.71,30.19,3.12,2.72,0.3999999999999999,1.7,1.69,1.44,0.27,31.2,0.42218204292336353,0.365308604572658,-0.08270436409292758,-0.10015626215712448,52.84,0.18
2022-05-09,1.75,34.75,3.05,2.61,0.43999999999999995,1.71,1.72,1.45,0.30000000000000004,30.19,0.43557838679408084,0.371015462467043,-0.12207584999996857,-0.1190326632506028,52.84,0.18
2022-05-10,1.77,32.99,2.99,2.62,0.3700000000000001,1.75,1.71,1.46,0.31000000000000005,34.75,0.44227587853256434,0.3722413722896731,-0.09250118073323799,-0.11328753247376022,52.84,0.18
2022-05-11,1.77,32.56,2.91,2.66,0.25,1.77,1.71,1.5,0.27,32.99,0.43652554206683475,0.3744073137992543,-0.08662268078541147,-0.161052788008629,52.84,0.18
2022-05-12,1.8,31.77,2.84,2.56,0.2799999999999998,1.77,1.7,1.52,0.28,32.56,0.43940102030559347,0.37241764037449937,-0.09469633803157163,-0.15378685330687114,52.84,0.18
2022-05-13,1.8,28.87,2.93,2.61,0.3200000000000003,1.8,1.71,1.55,0.25,31.77,0.44150068477414717,0.37301338151129926,-0.09213555129574613,-0.11313746335112085,52.84,0.18
2022-05-16,1.82,27.47,2.88,2.58,0.2999999999999998,1.8,1.75,1.54,0.28,28.87,0.4338838913849113,0.3730528947442449,-0.06550432267235362,-0.11172641406924932,52.84,0.18
2022-05-17,1.82,26.1,2.98,2.71,0.27,1.82,1.77,1.54,0.28,27.47,0.44101286987220656,0.3734656287521048,-0.04883735052894711,-0.110155081528166,52.84,0.18
2022-05-18,1.86,30.96,2.89,2.68,0.20999999999999996,1.82,1.77,1.55,0.31000000000000005,26.1,0.45981578470389434,0.38366703296607363,-0.10735449978244571,-0.14967689575556375,52.84,0.18
2022-05-19,1.88,29.35,2.84,2.63,0.20999999999999996,1.86,1.8,1.56,0.31999999999999984,30.96,0.458762777703675,0.37974126326731733,-0.11394889347786197,-0.12726729196687436,52.84,0.18
2022-05-20,1.89,29.43,2.78,2.6,0.17999999999999972,1.88,1.8,1.57,0.31999999999999984,29.35,0.4559860617659662,0.37941568768456774,-0.09850701901928527,-0.12079947987769146,52.84,0.18
2022-05-23,1.87,28.48,2.86,2.65,0.20999999999999996,1.89,1.82,1.61,0.26,29.43,0.4669342925647053,0.38538813519287524,-0.04661113583028331,-0.09197464109958908,52.84,0.18
2022-05-24,1.88,29.45,2.76,2.5,0.2599999999999998,1.87,1.82,1.64,0.24,28.48,0.4570610185295018,0.38216814119311515,-0.07300967474076903,-0.07152125532458053,52.84,0.18
2022-05-25,1.83,28.37,2.75,2.48,0.27,1.88,1.86,1.65,0.18000000000000016,29.45,0.4419946247934091,0.36818017277215415,-0.0262324859532721,-0.10678745441171245,52.84,0.18
2022-05-26,1.78,27.5,2.75,2.46,0.29000000000000004,1.83,1.88,1.68,0.10000000000000009,28.37,0.40834646130746355,0.36868437772719176,-0.05896757127762742,-0.10356447437237248,52.84,0.18
2022-05-27,1.75,25.72,2.74,2.47,0.27,1.78,1.89,1.67,0.08000000000000007,27.5,0.4125548788605698,0.37304365836430464,-0.05439218296105963,-0.08338181295264213,52.84,0.18
2022-05-31,1.73,26.19,2.85,2.53,0.3200000000000003,1.75,1.87,1.69,0.040000000000000036,25.72,0.3870959565785549,0.3723695211725813,-0.018076990188238273,-0.07610351150550909,52.84,0.18
2022-06-01,1.7,25.69,2.94,2.66,0.2799999999999998,1.73,1.88,1.72,-0.020000000000000018,26.19,0.3759472955720156,0.3704738469604611,-0.04012895062382138,-0.09039438242830566,52.84,0.18
2022-06-02,1.71,24.72,2.92,2.65,0.27,1.7,1.83,1.71,0.0,25.69,0.3762392989433267,0.3699656384324073,-0.02328245150795416,-0.06995308707833969,52.84,0.18
2022-06-03,1.71,24.79,2.96,2.66,0.2999999999999998,1.71,1.78,1.71,0.0,24.72,0.36349270178353366,0.36921239703288933,-0.0666635842979787,-0.06627707531132121,52.84,0.18
2022-06-06,1.69,25.07,3.04,2.73,0.31000000000000005,1.71,1.75,1.7,-0.010000000000000009,24.79,0.3325087021222024,0.3616040799143575,-0.02875084113348625,-0.03418330108077461,52.84,0.18
2022-06-07,1.71,24.02,2.98,2.75,0.22999999999999998,1.69,1.73,1.71,0.0,25.07,0.33504728406207707,0.362049010563873,-0.005807324159474381,-0.009843827194378929,52.84,0.18
2022-06-08,1.69,23.96,3.03,2.78,0.25,1.71,1.7,1.75,-0.06000000000000005,24.02,0.3087584451465683,0.3501849401422993,0.024415300361408487,-0.0605204878519775,52.84,0.18
2022-06-09,1.71,26.09,3.04,2.83,0.20999999999999996,1.69,1.71,1.77,-0.06000000000000005,23.96,0.3111391977789462,0.3519929328165029,-0.015188223066513351,-0.07067221611798313,52.84,0.18
2022-06-10,1.75,27.75,3.15,3.06,0.08999999999999986,1.71,1.71,1.77,-0.020000000000000018,26.09,0.3281780639412172,0.3608635923582495,-0.026754033034327995,-0.09458603403857302,52.84,0.18
2022-06-13,1.8,34.02,3.43,3.4,0.03000000000000025,1.75,1.69,1.8,0.0,27.75,0.3527477159590896,0.3694308147390684,-0.049053226147191986,-0.12160239428625019,52.84,0.18
2022-06-14,1.8,32.69,3.49,3.45,0.040000000000000036,1.8,1.71,1.8,0.0,34.02,0.34384643880840515,0.3608839621348967,-0.06150635958258266,-0.14658018209790946,52.84,0.18
2022-06-15,1.8,29.62,3.33,3.2,0.1299999999999999,1.8,1.69,1.82,-0.020000000000000018,32.69,0.3617380289613373,0.36239314427700425,-0.035004252782675827,-0.142816001145324,52.84,0.18
2022-06-16,1.85,32.95,3.28,3.14,0.13999999999999968,1.8,1.71,1.82,0.030000000000000027,29.62,0.36295696527871313,0.36560443504797063,-0.07975218254040972,-0.16827917991623575,52.84,0.18
2022-06-17,1.86,31.13,3.25,3.17,0.08000000000000007,1.85,1.75,1.86,0.0,32.95,0.3323797143184715,0.36433412438595636,-0.0253069818192041,-0.17376144532819326,52.84,0.18
2022-06-21,1.85,30.19,3.31,3.21,0.10000000000000009,1.86,1.8,1.88,-0.029999999999999805,31.13,0.3437481344790246,0.3684000821569325,0.0023702080016509974,-0.14984955806991018,52.84,0.18
2022-06-22,1.91,28.95,3.16,3.06,0.10000000000000009,1.85,1.8,1.89,0.020000000000000018,30.19,0.3437592188646551,0.3664378511811555,0.0022569526441214016,-0.165560706948238,52.84,0.18
2022-06-23,1.94,29.05,3.09,3.01,0.08000000000000007,1.91,1.8,1.87,0.06999999999999984,28.95,0.3342517828682067,0.36898148453977436,-0.00686753093824255,-0.13365100251497775,52.84,0.18
2022-06-24,1.92,27.23,3.13,3.04,0.08999999999999986,1.94,1.85,1.88,0.040000000000000036,29.05,0.35420500825466095,0.37444323268293067,0.031122262559138525,-0.11764706492577426,52.84,0.18
2022-06-27,1.91,26.95,3.2,3.08,0.1200000000000001,1.92,1.86,1.83,0.07999999999999985,27.23,0.35485689410528276,0.3748543474496387,0.009027758254064544,-0.12570143466749883,52.84,0.18
2022-06-28,1.94,28.36,3.2,3.1,0.10000000000000009,1.91,1.85,1.78,0.15999999999999992,26.95,0.3689061227306793,0.3760582461864884,-0.035426656742875595,-0.17258653481801178,52.84,0.18
2022-06-29,1.97,28.16,3.1,3.06,0.040000000000000036,1.94,1.91,1.75,0.21999999999999997,28.36,0.3586856546355092,0.3759777392713725,-0.04750393274417131,-0.1729299461801509,52.84,0.18
2022-06-30,2.04,28.71,2.98,2.92,0.06000000000000005,1.97,1.94,1.73,0.31000000000000005,28.16,0.3606399842843272,0.37653571033599814,-0.05532069084876623,-0.17979957662242574,52.84,0.18
2022-07-01,2.05,26.7,2.88,2.84,0.040000000000000036,2.04,1.92,1.7,0.34999999999999987,28.71,0.3632452676248244,0.37627499312498663,-0.047133248439786724,-0.15609408104240374,52.84,0.18
2022-07-05,2.08,27.54,2.82,2.82,0.0,2.05,1.91,1.71,0.3700000000000001,26.7,0.365215063885688,0.37728814344810213,-0.04271986582567766,-0.14852921445274492,52.84,0.18
2022-07-06,2.06,26.73,2.93,2.97,-0.040000000000000036,2.08,1.94,1.71,0.3500000000000001,27.54,0.36441443024381187,0.37630591792232815,-0.014110027066345454,-0.15283968101664425,52.84,0.18
2022-07-07,2.0,26.08,3.01,3.03,-0.020000000000000018,2.06,1.97,1.69,0.31000000000000005,26.73,0.3652528307801328,0.3762609201644834,-0.0013022695208385615,-0.13463333215959739,52.84,0.18
2022-07-08,1.97,24.64,3.09,3.12,-0.03000000000000025,2.0,2.04,1.71,0.26,26.08,0.36189182449212287,0.36964470731876164,-0.01776108894300399,-0.10422895266825649,52.84,0.18
2022-07-11,1.99,26.17,2.99,3.07,-0.07999999999999963,1.97,2.05,1.69,0.30000000000000004,24.64,0.36317669423781007,0.3698708975651214,-0.02181889413504834,-0.12026408550590484,52.84,0.18
2022-07-12,1.99,27.29,2.96,3.03,-0.06999999999999984,1.99,2.08,1.71,0.28,26.17,0.38335985129379335,0.37728148487212937,-0.041995547905068986,-0.14381654836672142,52.84,0.18
2022-07-13,2.0,26.82,2.91,3.13,-0.21999999999999975,1.99,2.06,1.75,0.25,27.29,0.35061430098332147,0.369634136418825,-0.001067403149958901,-0.11200806595825219,52.84,0.18
2022-07-14,2.01,26.4,2.96,3.15,-0.18999999999999995,2.0,2.0,1.8,0.20999999999999974,26.82,0.31470402067382247,0.36937221698880807,0.04879056580658325,-0.09710082003030762,52.84,0.18
2022-07-15,1.99,24.23,2.93,3.13,-0.19999999999999973,2.01,1.97,1.8,0.18999999999999995,26.4,0.31505078801621583,0.3676782066592381,0.05002245713930398,-0.1053546039121196,52.84,0.18
2022-07-18,1.96,25.3,2.96,3.15,-0.18999999999999995,1.99,1.99,1.8,0.15999999999999992,24.23,0.3014102685461345,0.36438333990311567,0.009890339791815972,-0.08929669190174916,52.84,0.18
2022-07-19,1.94,24.5,3.01,3.23,-0.2200000000000002,1.96,1.99,1.85,0.08999999999999986,25.3,0.2915100986430952,0.3669655131775949,0.05943567073000344,-0.0726702870721384,52.84,0.18
2022-07-20,1.92,23.88,3.04,3.25,-0.20999999999999996,1.94,2.0,1.86,0.05999999999999983,24.5,0.2913803993987342,0.36590256131376425,0.05903483273405796,-0.07858109195170349,52.84,0.18
2022-07-21,1.92,23.11,2.91,3.1,-0.18999999999999995,1.92,2.01,1.85,0.06999999999999984,23.88,0.28185330001590836,0.3664255374685758,0.04374562803889859,-0.07299603462036952,52.84,0.18
2022-07-22,1.92,23.03,2.77,2.98,-0.20999999999999996,1.92,1.99,1.91,0.010000000000000009,23.11,0.289221744947674,0.3659540945408022,0.028562234726672076,-0.07066562443197044,52.84,0.18
2022-07-25,1.94,23.36,2.81,3.0,-0.18999999999999995,1.92,1.96,1.94,0.0,23.03,0.2796760000322029,0.36305003340713654,-0.00011605279459847573,-0.05326844694590949,52.84,0.18
2022-07-26,1.96,24.69,2.81,3.02,-0.20999999999999996,1.94,1.94,1.92,0.040000000000000036,23.36,0.2656116982684863,0.3631443445609627,-0.059021333884814675,-0.10057461156799663,52.84,0.18
2022-07-27,1.95,23.24,2.78,2.96,-0.18000000000000016,1.96,1.92,1.91,0.040000000000000036,24.69,0.3567341388419543,0.38060003352591215,0.014534182907280924,-0.003160863985833706,52.84,0.18
2022-07-28,1.94,22.33,2.68,2.85,-0.16999999999999993,1.95,1.92,1.94,0.0,23.24,0.3481882488370704,0.3725216263858396,0.07770589241541948,-0.02177196995872721,52.84,0.18
2022-07-29,1.91,21.33,2.67,2.89,-0.2200000000000002,1.94,1.92,1.97,-0.06000000000000005,22.33,0.34857000421113676,0.3710529968829013,0.07869068627907416,-0.028436537751457602,52.84,0.18
2022-08-01,1.91,22.84,2.6,2.9,-0.2999999999999998,1.91,1.94,2.04,-0.13000000000000012,21.33,0.346644664862748,0.361858518828118,0.08246715830458218,0.004099080435075342,52.84,0.18
2022-08-02,1.89,23.93,2.75,3.06,-0.31000000000000005,1.91,1.96,2.05,-0.15999999999999992,22.84,0.3497431330038984,0.3590777319288762,0.05871041961146939,-0.031672526630444175,52.84,0.18
2022-08-03,1.88,21.95,2.73,3.1,-0.3700000000000001,1.89,1.95,2.08,-0.20000000000000018,23.93,0.35890416803853,0.36292067988736126,0.07464337897096662,0.00478329089293883,52.84,0.18
2022-08-04,1.88,21.44,2.68,3.03,-0.34999999999999964,1.88,1.94,2.06,-0.18000000000000016,21.95,0.35738710576100263,0.3582845468181047,0.06551236753294276,-0.019550666797939265,52.84,0.18
2022-08-05,1.86,21.15,2.83,3.24,-0.41000000000000014,1.88,1.91,2.0,-0.1399999999999999,21.44,0.3574625709196312,0.3472716901717091,0.0540610676657185,0.022422719225888788,52.84,0.18
2022-08-08,1.86,21.29,2.77,3.21,-0.43999999999999995,1.86,1.91,1.97,-0.10999999999999988,21.15,0.3593860724925192,0.34723795728614176,0.04729862174542854,0.022723478175397327,52.84,0.18
2022-08-09,1.87,21.77,2.8,3.28,-0.48,1.86,1.89,1.99,-0.11999999999999988,21.29,0.3559061616399357,0.3389575273735303,0.06725620375761188,0.06945869117755277,52.84,0.18
2022-08-10,1.83,19.74,2.78,3.23,-0.4500000000000002,1.87,1.88,1.99,-0.15999999999999992,21.77,0.3238760522878383,0.3403307202388842,0.13990618506937724,0.07544912604887188,52.84,0.18
2022-08-11,1.79,20.2,2.87,3.23,-0.3599999999999999,1.83,1.88,2.0,-0.20999999999999996,19.74,0.32556899864286454,0.3335149573796471,0.135723483801226,0.1041584586143447,52.84,0.18
2022-08-12,1.77,19.53,2.84,3.25,-0.41000000000000014,1.79,1.86,2.01,-0.23999999999999977,20.2,0.3276628519050419,0.3319128054733465,0.14889032429327909,0.14583887733759293,52.84,0.18
2022-08-15,1.76,19.95,2.79,3.2,-0.41000000000000014,1.77,1.86,1.99,-0.22999999999999998,19.53,0.3274382269138364,0.3294255305248889,0.14315204459836273,0.12650706301809667,52.84,0.18
2022-08-16,1.75,19.69,2.82,3.25,-0.43000000000000016,1.76,1.87,1.96,-0.20999999999999996,19.95,0.3239389833237287,0.3295572360577053,0.1512685479156486,0.12195711605057058,52.84,0.18
2022-08-17,1.76,19.9,2.89,3.28,-0.3899999999999997,1.75,1.83,1.94,-0.17999999999999994,19.69,0.3214738573405429,0.3275683151726447,0.12487351430852711,0.0966879678086301,52.84,0.18
2022-08-18,1.76,19.56,2.88,3.22,-0.3400000000000003,1.76,1.79,1.92,-0.15999999999999992,19.9,0.3226995384047149,0.31346585641378305,0.10872741673216879,0.14446597826301733,52.84,0.18
2022-08-19,1.78,20.6,2.98,3.25,-0.27,1.76,1.77,1.92,-0.1399999999999999,19.56,0.32872384619898787,0.3149149988486609,0.08275701102842925,0.1328015228214967,52.84,0.18
2022-08-22,1.8,23.8,3.03,3.32,-0.29000000000000004,1.78,1.76,1.92,-0.11999999999999988,20.6,0.341277766624075,0.3210665247724376,0.06905668077468552,0.10207305418368695,52.84,0.18
2022-08-23,1.81,24.11,3.05,3.29,-0.2400000000000002,1.8,1.75,1.94,-0.1299999999999999,23.8,0.34090388633851093,0.31533763219215294,0.0703041148925907,0.06283040951490082,52.84,0.18
2022-08-24,1.8,22.82,3.11,3.36,-0.25,1.81,1.76,1.96,-0.15999999999999992,24.11,0.32367842235313715,0.3152484003363721,0.09716312096613433,0.06453793460279456,52.84,0.18
2022-08-25,1.78,21.78,3.03,3.35,-0.3200000000000003,1.8,1.76,1.95,-0.16999999999999993,22.82,0.233735173349038,0.3152388315698081,0.03982270673449495,0.06445938443925714,52.84,0.18
2022-08-26,1.78,25.56,3.04,3.37,-0.33000000000000007,1.78,1.78,1.94,-0.15999999999999992,21.78,0.2524846835196216,0.3241587217696861,-0.028041343982306066,0.010376659015499223,52.84,0.18
2022-08-29,1.81,26.21,3.12,3.42,-0.2999999999999998,1.78,1.8,1.91,-0.09999999999999987,25.56,0.24669125178423496,0.3201007807080929,-0.05324154600474562,-0.027254317379624915,52.84,0.18
2022-08-30,1.82,26.21,3.11,3.46,-0.3500000000000001,1.81,1.81,1.91,-0.08999999999999986,26.21,0.24628128744638217,0.32039016183448793,-0.0520911271227551,-0.03068324290032376,52.84,0.18
2022-08-31,1.85,25.87,3.15,3.45,-0.30000000000000027,1.82,1.8,1.89,-0.039999999999999813,26.21,0.2444151118544884,0.3205356627587283,-0.04655780634487661,-0.038158020302820894,52.84,0.18
2022-09-01,1.88,25.56,3.26,3.51,-0.25,1.85,1.78,1.88,0.0,25.87,0.2187274119433164,0.3201649471060303,-0.07617522724588477,-0.04962934595634472,52.84,0.18
2022-09-02,1.88,25.47,3.2,3.4,-0.19999999999999973,1.88,1.78,1.88,0.0,25.56,0.22120326439008045,0.3201770830187009,-0.09535178045602732,-0.04968698455081766,52.84,0.18
2022-09-06,1.88,26.91,3.33,3.5,-0.16999999999999993,1.88,1.81,1.86,0.019999999999999796,25.47,0.22211855796684005,0.3207481333539062,-0.10293901038643238,-0.05567430567193421,52.84,0.18
2022-09-07,1.88,24.64,3.27,3.45,-0.18000000000000016,1.88,1.82,1.86,0.019999999999999796,26.91,0.23666790461021955,0.32187046249275075,-0.07734791556190868,-0.05087014632798692,52.84,0.18
2022-09-08,1.86,23.61,3.29,3.48,-0.18999999999999995,1.88,1.85,1.87,-0.010000000000000009,24.64,0.23429623680810588,0.3215815964598551,-0.08229255126592394,-0.041941089067309534,52.84,0.18
2022-09-09,1.83,22.79,3.33,3.56,-0.22999999999999998,1.86,1.88,1.83,0.0,23.61,0.23231948953121295,0.32225988951764306,-0.08347870419783743,0.0008735168102957935,52.84,0.18
2022-09-12,1.82,23.87,3.37,3.58,-0.20999999999999996,1.83,1.88,1.79,0.030000000000000027,22.79,0.23578635184236324,0.3094920513137411,-0.06899873544700397,0.05623137020726032,52.84,0.18
2022-09-13,1.83,27.27,3.42,3.75,-0.33000000000000007,1.82,1.88,1.77,0.06000000000000005,23.87,0.2844913278231107,0.3175799474333092,-0.13492234547857518,0.04237128272764523,52.84,0.18
2022-09-14,1.82,26.16,3.41,3.78,-0.36999999999999966,1.83,1.88,1.76,0.06000000000000005,27.27,0.2825306159660373,0.31712655797481787,-0.13873533653026326,0.033806394356634906,52.84,0.18
2022-09-15,1.81,26.27,3.45,3.87,-0.41999999999999993,1.82,1.86,1.75,0.06000000000000005,26.16,0.29044606295351766,0.316371290658434,-0.1599165180589912,-0.023272751866346364,52.84,0.18
2022-09-16,1.84,26.3,3.45,3.85,-0.3999999999999999,1.81,1.83,1.76,0.08000000000000007,26.27,0.2904527194372388,0.3117033939739617,-0.15989292665630128,0.0011817485754745949,52.84,0.18
2022-09-19,1.84,25.76,3.49,3.95,-0.45999999999999996,1.84,1.82,1.76,0.08000000000000007,26.3,0.29119294324873196,0.31094506057202137,-0.1573215452922212,-0.010543007860741582,52.84,0.18
2022-09-20,1.83,27.16,3.57,3.96,-0.3900000000000001,1.84,1.83,1.78,0.050000000000000044,25.76,0.2904147237825657,0.3073356232945928,-0.1527169711877282,-0.04246604933237341,52.84,0.18
2022-09-21,1.83,27.99,3.51,4.02,-0.5099999999999998,1.83,1.82,1.8,0.030000000000000027,27.16,0.2808371555352795,0.30857750065728917,-0.1396940010805524,-0.05401498362230961,52.84,0.18
2022-09-22,1.84,27.35,3.7,4.11,-0.41000000000000014,1.83,1.81,1.81,0.030000000000000027,27.99,0.2858677023945598,0.3055125058268097,-0.12827380499286878,-0.0670961450897023,52.84,0.18
2022-09-23,1.87,29.92,3.69,4.2,-0.5100000000000002,1.84,1.84,1.8,0.07000000000000006,27.35,0.2862868218558021,0.2979283784183739,-0.13731460715358612,-0.10935748391908029,52.84,0.18
2022-09-26,1.91,32.26,3.88,4.27,-0.3899999999999997,1.87,1.84,1.78,0.1299999999999999,29.92,0.27946155367011616,0.29738844929427166,-0.14846718848762186,-0.10168765432113447,52.84,0.18
2022-09-27,1.95,32.6,3.97,4.3,-0.3299999999999996,1.91,1.83,1.78,0.16999999999999993,32.26,0.25557767342520493,0.2910539987953392,-0.1181694694853006,-0.0762952434174824,52.84,0.18
2022-09-28,2.06,30.18,3.72,4.07,-0.3500000000000001,1.95,1.83,1.81,0.25,32.6,0.26963405227419746,0.292320820679151,-0.09109079636129647,-0.07176781707802726,52.84,0.18
2022-09-29,2.07,31.84,3.76,4.16,-0.40000000000000036,2.06,1.84,1.82,0.24999999999999978,30.18,0.27171728053906224,0.2926145182349455,-0.0968551274055518,-0.07330090686436064,52.84,0.18
2022-09-30,2.06,31.62,3.83,4.22,-0.3899999999999997,2.07,1.87,1.85,0.20999999999999996,31.84,0.2764369927636308,0.29388640305704755,-0.109266999528844,-0.10087702068315274,52.84,0.18
2022-10-03,2.03,30.1,3.67,4.12,-0.4500000000000002,2.06,1.91,1.88,0.1499999999999999,31.62,0.3077623593358474,0.3009341434556914,-0.0754992221871914,-0.08217210667214259,52.84,0.18
2022-10-04,1.99,29.07,3.62,4.1,-0.47999999999999954,2.03,1.95,1.88,0.1100000000000001,30.1,0.3295608880020705,0.30776262997447545,-0.02804025752452166,-0.06311452684868657,52.84,0.18
2022-10-05,1.99,28.55,3.76,4.15,-0.39000000000000057,1.99,2.06,1.88,0.1100000000000001,29.07,0.3276856944879564,0.30724324229229766,-0.015992170683854168,-0.06956444549303875,52.84,0.18
2022-10-06,1.96,30.52,3.83,4.23,-0.40000000000000036,1.99,2.07,1.88,0.08000000000000007,28.55,0.3210122188655242,0.3077183981889106,-0.04378315882674899,-0.07601507095169546,52.84,0.18
2022-10-07,1.98,31.36,3.89,4.3,-0.4099999999999997,1.96,2.06,1.86,0.11999999999999988,30.52,0.36246880547263305,0.3228003704817604,-0.09391906236380176,-0.1125580824207264,52.84,0.18
2022-10-10,1.98,32.45,3.89,4.3,-0.4099999999999997,1.98,2.03,1.83,0.1499999999999999,31.36,0.3525978805428757,0.3153787737498948,-0.13313899335986945,-0.0943484423226395,52.84,0.18
2022-10-11,2.05,33.63,3.93,4.3,-0.36999999999999966,1.98,1.99,1.82,0.22999999999999976,32.45,0.34999020565019906,0.31684471390583313,-0.15465956687234295,-0.1061708399650294,52.84,0.18
2022-10-12,2.1,33.57,3.91,4.28,-0.3700000000000001,2.05,1.99,1.83,0.27,33.63,0.3058309312679672,0.3165932089198877,-0.10413102491636828,-0.10961432800870419,52.84,0.18
2022-10-13,2.1,31.94,3.97,4.47,-0.49999999999999956,2.1,1.96,1.82,0.28,33.57,0.33941198624657487,0.32535748535019376,-0.07128673702503407,-0.08562935653483905,52.84,0.18
2022-10-14,2.09,32.02,4.0,4.48,-0.4800000000000004,2.1,1.98,1.81,0.2799999999999998,31.94,0.3370109908587377,0.3281967357026765,-0.06854690228040439,-0.09913424749782862,52.84,0.18
2022-10-17,2.09,31.37,4.02,4.45,-0.4300000000000006,2.09,1.98,1.84,0.24999999999999978,32.02,0.3676693830886915,0.335284583813076,-0.029459757195932412,-0.08282569277292529,52.84,0.18
2022-10-18,2.07,30.5,4.01,4.43,-0.41999999999999993,2.09,2.05,1.84,0.22999999999999976,31.37,0.368120166351097,0.33461489305009534,-0.024619698905970266,-0.08870149585085896,52.84,0.18
2022-10-19,2.08,30.76,4.14,4.55,-0.41000000000000014,2.07,2.1,1.83,0.25,30.5,0.36812124142423913,0.3341563265006549,-0.024623798490763682,-0.10518827334094938,52.84,0.18
2022-10-20,2.07,29.98,4.24,4.62,-0.3799999999999999,2.08,2.1,1.83,0.23999999999999977,30.76,0.36485042049102806,0.3326931374262624,-0.011717977039189642,-0.09106133385813309,52.84,0.18
2022-10-21,2.09,29.69,4.21,4.49,-0.28000000000000025,2.07,2.09,1.84,0.24999999999999978,29.98,0.3744613184664524,0.33676160242974057,0.004730831102200961,-0.0625739436039554,52.84,0.18
2022-10-24,2.06,29.85,4.25,4.5,-0.25,2.09,2.09,1.87,0.18999999999999995,29.69,0.3778085266535434,0.33538720311834447,0.039215009421579294,-0.016376136813506692,52.84,0.18
2022-10-25,2.06,28.46,4.1,4.42,-0.3200000000000003,2.06,2.07,1.91,0.15000000000000013,29.85,0.3796076868126186,0.30804605890249065,0.05563283256377094,-0.06529713638771417,52.84,0.18
2022-10-26,2.05,27.28,4.04,4.39,-0.34999999999999964,2.06,2.08,1.95,0.09999999999999987,28.46,0.47002693738333906,0.33807786101162574,-0.0215303540774876,-0.1613509098622935,52.84,0.18
2022-10-27,2.06,27.39,3.96,4.3,-0.33999999999999986,2.05,2.07,2.06,0.0,27.28,0.4684062985104832,0.33773758554248295,-0.059401876734648806,-0.19059888036798645,52.84,0.18
2022-10-28,2.03,25.75,4.02,4.41,-0.39000000000000057,2.06,2.09,2.07,-0.040000000000000036,27.39,0.48853031126590685,0.34837541395901545,-0.006863014956714153,-0.14977638227790646,52.84,0.18
2022-10-31,2.03,25.88,4.1,4.51,-0.41000000000000014,2.03,2.06,2.06,-0.03000000000000025,25.75,0.4869128915376536,0.3489525250854022,-0.003305940369819349,-0.15354518500822445,52.84,0.18
2022-11-01,2.01,25.81,4.07,4.54,-0.46999999999999975,2.03,2.06,2.03,-0.020000000000000018,25.88,0.4746667683134074,0.34466606857207116,-0.052214098514341334,-0.19051812507381727,52.84,0.18
2022-11-02,1.99,25.86,4.1,4.61,-0.5100000000000007,2.01,2.05,1.99,0.0,25.81,0.4691476435299805,0.3502941015753907,-0.11563793966670644,-0.22239666795156954,52.84,0.18
2022-11-03,2.01,25.3,4.14,4.71,-0.5700000000000003,1.99,2.06,1.99,0.019999999999999796,25.86,0.47403903332730785,0.35324689526485864,-0.1402488422206275,-0.24108472481772403,52.84,0.18
2022-11-04,1.99,24.55,4.17,4.66,-0.4900000000000002,2.01,2.03,1.96,0.030000000000000027,25.3,0.49368186100197103,0.3609211276456854,-0.1029215174147794,-0.20854760918061532,52.84,0.18
2022-11-07,1.96,24.35,4.22,4.72,-0.5,1.99,2.03,1.98,-0.020000000000000018,24.55,0.47702791038254455,0.3662432834698515,-0.02719441993023064,-0.1910954029881633,52.84,0.18
2022-11-08,1.96,25.54,4.14,4.67,-0.5300000000000002,1.96,2.01,1.98,-0.020000000000000018,24.35,0.47143614350825913,0.3623334002457431,-0.001657607785434445,-0.20682039061886914,52.84,0.18
2022-11-09,1.97,26.09,4.12,4.61,-0.4900000000000002,1.96,1.99,2.05,-0.07999999999999985,25.54,0.4725530892269382,0.363601499319263,-0.00399290327016788,-0.21612945461053035,52.84,0.18
2022-11-10,1.94,23.53,3.82,4.34,-0.52,1.97,2.01,2.1,-0.16000000000000014,26.09,0.551507078015761,0.40020985327018654,0.07632332714263423,-0.16585347734797007,52.84,0.18
2022-11-11,1.94,22.52,3.82,4.34,-0.52,1.94,1.99,2.1,-0.16000000000000014,23.53,0.5402265714022216,0.4018208972879491,0.05494352702735683,-0.15618451964863656,52.84,0.18
2022-11-14,1.87,23.73,3.88,4.4,-0.5200000000000005,1.94,1.96,2.09,-0.21999999999999975,22.52,0.5391438475314543,0.40383190248391093,0.05683435423323435,-0.17302884933305307,52.84,0.18
2022-11-15,1.83,24.54,3.8,4.37,-0.5700000000000003,1.87,1.96,2.09,-0.2599999999999998,23.73,0.5229461172933034,0.40392917311815346,0.018692354315978932,-0.1694013216040453,52.84,0.18
2022-11-16,1.83,24.11,3.67,4.35,-0.6799999999999997,1.83,1.97,2.07,-0.23999999999999977,24.54,0.5228584808576463,0.40401715675221783,0.016399223797639362,-0.16458898888320195,52.84,0.18
2022-11-17,1.82,23.93,3.77,4.43,-0.6599999999999997,1.83,1.94,2.08,-0.26,24.11,0.5216972187488852,0.40338414183542026,0.02486932037430778,-0.1530278014150458,52.84,0.18
2022-11-18,1.79,23.12,3.82,4.51,-0.69,1.82,1.94,2.07,-0.2799999999999998,23.93,0.5217379510690637,0.3996235691874766,0.024348152561124214,-0.12907364015619827,52.84,0.18
2022-11-21,1.78,22.36,3.83,4.48,-0.6500000000000004,1.79,1.87,2.09,-0.30999999999999983,23.12,0.5147176182481688,0.39972118386948824,0.0025282916759521434,-0.12193541086631843,52.84,0.18
2022-11-22,1.77,21.29,3.76,4.47,-0.71,1.78,1.83,2.06,-0.29000000000000004,22.36,0.5111544775353131,0.4007060143865652,-0.006186028096033969,-0.10903026208892641,52.84,0.18
2022-11-23,1.76,20.35,3.71,4.46,-0.75,1.77,1.83,2.06,-0.30000000000000004,21.29,0.510153705362584,0.4006202318729812,-0.009504172590316329,-0.10963736387010103,52.84,0.18
2022-11-25,1.75,20.5,3.68,4.42,-0.7399999999999998,1.76,1.82,2.05,-0.2999999999999998,20.35,0.4261941909547235,0.3934789575675402,0.07291837937523904,-0.0742383772353723,52.84,0.18
2022-11-28,1.75,22.21,3.69,4.46,-0.77,1.75,1.79,2.06,-0.31000000000000005,20.5,0.42870369991763485,0.39552282125108634,0.06920092917048781,-0.08592056872563203,52.84,0.18
2022-11-29,1.76,21.89,3.75,4.48,-0.7300000000000004,1.75,1.78,2.03,-0.2699999999999998,22.21,0.4082558063447344,0.3953589066642522,0.021780037354744985,-0.08351789424755174,52.84,0.18
2022-11-30,1.77,20.58,3.68,4.38,-0.6999999999999997,1.76,1.77,2.03,-0.2599999999999998,21.89,0.45293079426419663,0.41461894391724247,0.10222274838233947,-0.021459550699121532,52.84,0.18
2022-12-01,1.75,19.84,3.53,4.25,-0.7200000000000002,1.77,1.76,2.01,-0.2599999999999998,20.58,0.44658904346383105,0.4145518920587507,0.11937482609224404,-0.019171535886611024,52.84,0.18
2022-12-02,1.74,19.06,3.51,4.28,-0.7700000000000005,1.75,1.75,1.99,-0.25,19.84,0.4214029139763631,0.4131660641236745,0.1619202468480292,-0.0012548126397490256,52.84,0.18
2022-12-05,1.73,20.75,3.6,4.41,-0.81,1.74,1.75,2.01,-0.2799999999999998,19.06,0.4143598110841323,0.414348615309276,0.17108574248954023,-0.00925927131627502,52.84,0.18
2022-12-06,1.73,22.17,3.51,4.34,-0.8300000000000001,1.73,1.76,1.99,-0.26,20.75,0.4144831630559734,0.414530347769783,0.11030669902347245,-0.0475771893800242,52.84,0.18
2022-12-07,1.74,22.68,3.42,4.26,-0.8399999999999999,1.73,1.77,1.96,-0.21999999999999997,22.17,0.40597829841369354,0.41454056707959197,0.07543186590466355,-0.0520706993243808,52.84,0.18
2022-12-08,1.72,22.29,3.48,4.31,-0.8299999999999996,1.74,1.75,1.96,-0.24,22.68,0.40707889077129195,0.41263975978558215,0.08400918038635852,-0.06187234033456834,52.84,0.18
2022-12-09,1.71,22.83,3.57,4.33,-0.7600000000000002,1.72,1.74,1.97,-0.26,22.29,0.4008972249933927,0.41248735429557726,0.09621685872925467,-0.0770236952043174,52.84,0.18
2022-12-12,1.7,25.0,3.61,4.39,-0.7799999999999998,1.71,1.73,1.94,-0.24,22.83,0.3008982651188542,0.4017954911548449,0.04214997646557905,0.00488756634405485,52.84,0.18
2022-12-13,1.7,22.55,3.51,4.22,-0.71,1.7,1.73,1.94,-0.24,25.0,0.3011933692838842,0.40324395184826556,0.04262897206560079,0.021505356259977626,52.84,0.18
2022-12-14,1.7,21.14,3.49,4.23,-0.7400000000000002,1.7,1.74,1.87,-0.17000000000000015,22.55,0.2876326385266611,0.39927438573486185,0.06787372970999472,0.05120596465589178,52.84,0.18
2022-12-15,1.72,22.83,3.44,4.23,-0.7900000000000005,1.7,1.72,1.83,-0.1100000000000001,21.14,0.3124703380177462,0.40464867144410244,0.03199464720242018,0.020314454283077987,52.84,0.18
2022-12-16,1.73,22.62,3.48,4.17,-0.69,1.72,1.71,1.83,-0.10000000000000009,22.83,0.3193438686548733,0.40623687495369015,0.012245171621690032,0.003515347518670442,52.84,0.18
2022-12-19,1.73,22.42,3.57,4.25,-0.6800000000000002,1.73,1.7,1.82,-0.09000000000000008,22.62,0.3254526924231264,0.407405948640772,-0.005089457671371256,-0.005454445827060117,52.84,0.18
2022-12-20,1.75,21.48,3.69,4.25,-0.56,1.73,1.7,1.79,-0.040000000000000036,22.42,0.32595363447767,0.40644350711248617,0.002404394514931907,0.014778940868529933,52.84,0.18
2022-12-21,1.74,20.07,3.68,4.21,-0.5299999999999998,1.75,1.7,1.78,-0.040000000000000036,21.48,0.3278651323727822,0.4066604765512988,0.009832636984808074,0.017175214610356093,52.84,0.18
2022-12-22,1.73,21.97,3.67,4.24,-0.5700000000000003,1.74,1.72,1.77,-0.040000000000000036,20.07,0.33700693618670974,0.4091667228406449,-0.02791488969010536,0.003956277852797285,52.84,0.18
2022-12-23,1.72,20.87,3.75,4.31,-0.5599999999999996,1.73,1.73,1.76,-0.040000000000000036,21.97,0.3346657410067742,0.4091550887504047,-0.035745874245119325,0.008224032825500549,52.84,0.18
2022-12-27,1.71,21.65,3.84,4.32,-0.4800000000000004,1.72,1.73,1.75,-0.040000000000000036,20.87,0.33524863216109313,0.40934579861150633,-0.042547103882738635,0.005151348426162494,52.84,0.18
2022-12-28,1.73,22.14,3.88,4.31,-0.4299999999999997,1.71,1.75,1.75,-0.020000000000000018,21.65,0.3278215854165356,0.4079870964672596,-0.029905609097508723,-0.024387336415300442,52.84,0.18
2022-12-29,1.71,21.44,3.83,4.34,-0.5099999999999998,1.73,1.74,1.76,-0.050000000000000044,22.14,0.34208487009092314,0.41057556767648,0.002829393820748205,0.017638722699138798,52.84,0.18
2022-12-30,1.71,21.67,3.88,4.41,-0.5300000000000002,1.71,1.73,1.77,-0.06000000000000005,21.44,0.2596427692552767,0.40873241876355,-0.06004533664366696,0.03261432788123897,52.84,0.18
2023-01-03,1.73,22.9,3.79,4.4,-0.6100000000000003,1.71,1.72,1.75,-0.020000000000000018,21.67,0.25969520250755296,0.4032592866328546,-0.05932705158957985,-0.0020140324757844663,52.84,0.18
2023-01-04,1.73,22.01,3.69,4.36,-0.6700000000000004,1.73,1.71,1.74,-0.010000000000000009,22.9,0.2952238596708335,0.40686566388351314,-0.10163912703272882,-0.07688193329524418,52.84,0.18
2023-01-05,1.73,22.46,3.71,4.45,-0.7400000000000002,1.73,1.73,1.73,0.0,22.01,0.3038451334846744,0.4108569748322394,-0.11147073612473934,-0.1053911319380747,52.84,0.18
2023-01-06,1.73,21.13,3.55,4.24,-0.6900000000000004,1.73,1.71,1.73,0.0,22.46,0.3043948377485808,0.41135011150756,-0.08236781564990514,-0.08600875188338675,52.84,0.18
2023-01-09,1.7,21.97,3.53,4.19,-0.6600000000000006,1.73,1.71,1.74,-0.040000000000000036,21.13,0.30805003277508053,0.3992328755094929,-0.07058968878312555,-0.02766383249278881,52.84,0.18
2023-01-10,1.67,20.58,3.61,4.24,-0.6300000000000003,1.7,1.73,1.72,-0.050000000000000044,21.97,0.30541358693982135,0.3971851296529762,-0.0749797486490551,0.001068310716212828,52.84,0.18
2023-01-11,1.65,21.09,3.54,4.2,-0.6600000000000001,1.67,1.73,1.71,-0.06000000000000005,20.58,0.3263628460524103,0.40008245498330686,-0.039320325627588026,0.048908275526278855,52.84,0.18
2023-01-12,1.64,18.83,3.43,4.12,-0.69,1.65,1.73,1.7,-0.06000000000000005,21.09,0.31109069382632587,0.40063842847414155,-0.05544328526323694,0.05950013310501534,52.84,0.18
2023-01-13,1.63,18.35,3.49,4.22,-0.7299999999999995,1.64,1.73,1.7,-0.07000000000000006,18.83,0.3033206553908227,0.39378691210053096,-0.06885416161924651,0.024180981671591217,52.84,0.18
2023-01-17,1.6,19.36,3.53,4.18,-0.6499999999999999,1.63,1.7,1.7,-0.09999999999999987,18.35,0.3042035585186975,0.3905804438369452,-0.06558592830633592,0.05454761815444353,52.84,0.18
2023-01-18,1.6,20.34,3.37,4.06,-0.6899999999999995,1.6,1.67,1.72,-0.11999999999999988,19.36,0.2917158411580645,0.3847905244207213,-0.05301003417042516,-0.004443599983710356,52.84,0.18
2023-01-19,1.61,20.52,3.39,4.09,-0.6999999999999997,1.6,1.65,1.73,-0.11999999999999988,20.34,0.29115514807874093,0.3861417658998691,-0.05214775967597862,-0.024806765855102553,52.84,0.18
2023-01-20,1.6,19.85,3.48,4.14,-0.6599999999999997,1.61,1.64,1.73,-0.1299999999999999,20.52,0.31398516079919936,0.39232597777238604,-0.0009564237177193124,0.01867807075787864,52.84,0.18
2023-01-23,1.59,19.81,3.52,4.21,-0.69,1.6,1.63,1.75,-0.15999999999999992,19.85,0.315245888605002,0.3927363363734005,0.003225822746379725,0.030123400209720153,52.84,0.18
2023-01-24,1.59,19.2,3.46,4.12,-0.6600000000000001,1.59,1.6,1.74,-0.1499999999999999,19.81,0.312988276413077,0.389599748542745,-0.009777898845328203,0.002486782603236204,52.84,0.18
2023-01-25,1.59,19.08,3.46,4.11,-0.6500000000000004,1.59,1.6,1.73,-0.1399999999999999,19.2,0.3001637878425446,0.3874680969801789,0.010159821989615514,-0.024113118337646178,52.84,0.18
2023-01-26,1.56,18.73,3.49,4.17,-0.6799999999999997,1.59,1.61,1.72,-0.15999999999999992,19.08,0.31775229956606554,0.39139148550103187,0.038830636258483375,-0.007823571603494228,52.84,0.18
2023-01-27,1.55,18.51,3.52,4.19,-0.6700000000000004,1.56,1.6,1.71,-0.15999999999999992,18.73,0.31596296071208324,0.3584584114013304,0.04726534076126532,0.07582301997085494,52.84,0.18
2023-01-30,1.55,19.94,3.55,4.25,-0.7000000000000002,1.55,1.59,1.73,-0.17999999999999994,18.51,0.3243574487916024,0.3590144021519668,0.03487825055234439,0.07340244630960013,52.84,0.18
2023-01-31,1.56,19.4,3.52,4.21,-0.69,1.55,1.59,1.71,-0.1499999999999999,19.94,0.31848350870580017,0.35256405447444517,0.028214759116128585,0.05358190248219863,52.84,0.18
2023-02-01,1.56,17.87,3.39,4.09,-0.6999999999999997,1.56,1.59,1.71,-0.1499999999999999,19.4,0.32374214083831776,0.35284736087773444,0.05391537255572798,0.09189786330134608,52.84,0.18
2023-02-02,1.52,18.73,3.4,4.09,-0.69,1.56,1.56,1.73,-0.20999999999999996,17.87,0.3575696720440478,0.3621303363075583,0.10443292428894324,0.16292989670386837,52.84,0.18
2023-02-03,1.5,18.33,3.53,4.3,-0.77,1.52,1.55,1.73,-0.22999999999999998,18.73,0.32864360237780954,0.3578542341253073,0.12767365337259817,0.1770924709082209,52.84,0.18
2023-02-06,1.5,19.43,3.63,4.44,-0.8100000000000005,1.5,1.55,1.73,-0.22999999999999998,18.33,0.3058704773183708,0.35332878986516564,0.15500874780635665,0.20183736785594997,52.84,0.18
2023-02-07,1.51,18.66,3.67,4.47,-0.7999999999999998,1.5,1.56,1.73,-0.21999999999999997,19.43,0.3288279405785294,0.35675782204034406,0.18952590901638544,0.21195223311540268,52.84,0.18
2023-02-08,1.51,19.63,3.63,4.45,-0.8200000000000003,1.51,1.56,1.7,-0.18999999999999995,18.66,0.3312190517384443,0.3530355442858757,0.17440133900832544,0.17383464947311933,52.84,0.18
2023-02-09,1.51,20.71,3.67,4.48,-0.8100000000000005,1.51,1.52,1.67,-0.15999999999999992,19.63,0.33807936943841727,0.3541967772778644,0.1519335283243961,0.15507881890006936,52.84,0.18
2023-02-10,1.54,20.53,3.74,4.5,-0.7599999999999998,1.51,1.5,1.65,-0.10999999999999988,20.71,0.32842388813060625,0.3516045799261143,0.11591798678781862,0.17518802325147065,52.84,0.18
2023-02-13,1.55,20.34,3.72,4.52,-0.7999999999999994,1.54,1.5,1.64,-0.08999999999999986,20.53,0.3399115963731472,0.31792952178944744,0.13756240220341986,0.11978202660478554,52.84,0.18
2023-02-14,1.54,18.91,3.77,4.6,-0.8299999999999996,1.55,1.51,1.63,-0.08999999999999986,20.34,0.33989764924426125,0.31647597844015685,0.1376917463736187,0.10451623218536854,52.84,0.18
2023-02-15,1.54,18.23,3.81,4.62,-0.81,1.54,1.51,1.6,-0.06000000000000005,18.91,0.3435109820839522,0.31326721177788186,0.1233391466241911,0.12090851012471115,52.84,0.18
2023-02-16,1.54,20.17,3.86,4.62,-0.7600000000000002,1.54,1.51,1.6,-0.06000000000000005,18.23,0.35145954655164935,0.3184569563690622,0.1144847434823868,0.08917320758672087,52.84,0.18
2023-02-17,1.57,20.02,3.82,4.6,-0.7799999999999998,1.54,1.54,1.61,-0.040000000000000036,20.17,0.35080345591514916,0.32029848657822496,0.11545042911256953,0.07022879005186322,52.84,0.18
2023-02-21,1.59,22.87,3.95,4.67,-0.7199999999999998,1.57,1.55,1.6,-0.010000000000000009,20.02,0.34396233808625004,0.32334367724908114,0.05446202203027761,0.0480920024973972,52.84,0.18
2023-02-22,1.59,22.29,3.93,4.66,-0.73,1.59,1.54,1.59,0.0,22.87,0.34385127071472454,0.3234846738637585,0.03940948708562053,0.045269650137812256,52.84,0.18
2023-02-23,1.59,21.14,3.88,4.66,-0.7800000000000002,1.59,1.54,1.59,0.0,22.29,0.34548528825680225,0.3243472295020297,0.05523108552961453,0.05518739432984998,52.84,0.18
2023-02-24,1.59,21.67,3.95,4.78,-0.8300000000000001,1.59,1.54,1.59,0.0,21.14,0.3547721870700782,0.32669843403139265,0.03837839677710919,0.019647423224482763,52.84,0.18
2023-02-27,1.59,20.95,3.92,4.78,-0.8600000000000003,1.59,1.57,1.56,0.030000000000000027,21.67,0.33926310953402616,0.32615100640684885,0.01123615654368626,0.01295194820637513,52.84,0.18
2023-02-28,1.6,20.7,3.92,4.81,-0.8899999999999997,1.59,1.59,1.55,0.050000000000000044,20.95,0.3395063572382178,0.32621731364497025,0.0075946450041717295,0.010322438996766437,52.84,0.18
2023-03-01,1.59,20.58,4.01,4.89,-0.8799999999999999,1.6,1.59,1.55,0.040000000000000036,20.7,0.3331806394344145,0.32380324222662105,0.017209197955745825,0.021206409109115754,52.84,0.18
2023-03-02,1.58,19.59,4.08,4.89,-0.8099999999999996,1.59,1.59,1.56,0.020000000000000018,20.58,0.3321844878582996,0.3257646746779656,0.015854655484368374,0.0474720991236528,52.84,0.18
2023-03-03,1.56,18.49,3.97,4.86,-0.8900000000000001,1.58,1.59,1.56,0.0,19.59,0.33000533139866733,0.30336108257951117,0.012579335660302338,0.003094170078821623,52.84,0.18
2023-03-06,1.54,18.61,3.98,4.89,-0.9099999999999997,1.56,1.59,1.52,0.020000000000000018,18.49,0.2855086151095862,0.3035657438699513,-0.02678249949400302,0.011085563970481438,52.84,0.18
2023-03-07,1.55,19.59,3.97,5.0,-1.0299999999999998,1.54,1.6,1.5,0.050000000000000044,18.61,0.27598935809734465,0.30434553472395476,-0.013793068752775417,-0.000915289429119337,52.84,0.18
2023-03-08,1.58,19.11,3.98,5.05,-1.0699999999999998,1.55,1.59,1.5,0.08000000000000007,19.59,0.27528855985896356,0.301902263751578,-0.009481491329525582,0.016528605960512532,52.84,0.18
2023-03-09,1.61,22.61,3.93,4.9,-0.9700000000000002,1.58,1.58,1.51,0.10000000000000009,19.11,0.22843481808106686,0.299203187605638,-0.05459732577455911,0.03195169697573297,52.84,0.18
2023-03-10,1.69,24.8,3.7,4.6,-0.8999999999999995,1.61,1.56,1.51,0.17999999999999994,22.61,0.23232717687525772,0.3007125720883742,-0.06567458614453192,0.019816856314062825,52.84,0.18
2023-03-13,1.84,26.52,3.55,4.03,-0.4800000000000004,1.69,1.54,1.51,0.33000000000000007,24.8,0.24496312154320837,0.3027054609044073,-0.0343826823961908,0.028924967526314793,52.84,0.18
2023-03-14,1.83,23.73,3.64,4.2,-0.56,1.84,1.55,1.54,0.29000000000000004,26.52,0.26421713960079934,0.3067350934848457,-0.006297098338795881,0.06528898858223364,52.84,0.18
2023-03-15,1.98,26.14,3.51,3.93,-0.4200000000000004,1.83,1.58,1.55,0.42999999999999994,23.73,0.24769369356544665,0.30345555843578037,-0.019221563666891983,0.05383878509700679,52.84,0.18
2023-03-16,1.96,22.99,3.56,4.14,-0.5799999999999996,1.98,1.61,1.54,0.41999999999999993,26.14,0.28610317716625805,0.3119298394975452,0.017348610457610603,0.07773530579673937,52.84,0.18
2023-03-17,1.97,25.51,3.39,3.81,-0.41999999999999993,1.96,1.69,1.54,0.42999999999999994,22.99,0.2864573459874537,0.3126106862817018,0.037538577678154494,0.0890667959572029,52.84,0.18
2023-03-20,1.96,24.15,3.47,3.92,-0.44999999999999973,1.97,1.84,1.54,0.41999999999999993,25.51,0.28539613198564207,0.31016664128945887,0.03845123946437101,0.09598753295467932,52.84,0.18
2023-03-21,1.85,21.38,3.59,4.17,-0.5800000000000001,1.96,1.83,1.57,0.28,24.15,0.2783398122474312,0.30784700058810216,0.060916028427383084,0.12168762003718592,52.84,0.18
2023-03-22,1.83,22.26,3.48,3.96,-0.48,1.85,1.98,1.59,0.24,21.38,0.2665561631545004,0.30572297355079503,0.07765068338684511,0.13525489447525585,52.84,0.18
2023-03-23,1.85,22.61,3.38,3.76,-0.3799999999999999,1.83,1.96,1.59,0.26,22.26,0.2703057028911818,0.3076596455542755,0.10397207340543724,0.15118061058463095,52.84,0.18
2023-03-24,1.88,21.74,3.38,3.76,-0.3799999999999999,1.85,1.97,1.59,0.2899999999999998,22.61,0.26950396425019413,0.30761639085784304,0.10126787009913807,0.1507292711183934,52.84,0.18
2023-03-27,1.85,20.6,3.53,3.94,-0.41000000000000014,1.88,1.96,1.59,0.26,21.74,0.26194740766065766,0.3044177487989092,0.10898015008930728,0.1632404821890343,52.84,0.18
2023-03-28,1.86,19.97,3.55,4.02,-0.46999999999999975,1.85,1.85,1.59,0.27,20.6,0.2638757646213675,0.304716179558089,0.10021594463665062,0.1557802604110572,52.84,0.18
2023-03-29,1.83,19.12,3.57,4.08,-0.5100000000000002,1.86,1.83,1.6,0.22999999999999998,19.97,0.2669205797564174,0.30584673470987334,0.12464918544389048,0.18675113173843072,52.84,0.18
2023-03-30,1.8,19.02,3.55,4.1,-0.5499999999999998,1.83,1.85,1.59,0.20999999999999996,19.12,0.25924265506636596,0.30526788084601864,0.15340884476940753,0.21417927538563952,52.84,0.18
2023-03-31,1.77,18.7,3.48,4.06,-0.5799999999999996,1.8,1.88,1.58,0.18999999999999995,19.02,0.2568435060624575,0.3021945346702361,0.14810227125062525,0.1992120529032746,52.84,0.18
2023-04-03,1.75,18.55,3.43,3.97,-0.54,1.77,1.85,1.56,0.18999999999999995,18.7,0.25661386604955905,0.30207246981650177,0.12511279619785953,0.2006899168064542,52.84,0.18
2023-04-04,1.76,19.0,3.35,3.84,-0.48999999999999977,1.75,1.86,1.54,0.21999999999999997,18.55,0.25742313956849683,0.30203155818968824,0.11799721090945114,0.20168315929567115,52.84,0.18
2023-04-05,1.78,19.08,3.3,3.79,-0.4900000000000002,1.76,1.83,1.55,0.22999999999999998,19.0,0.25688439224798076,0.28795258324606177,0.11878828710808342,0.24422635229372114,52.84,0.18
2023-04-06,1.79,18.4,3.3,3.82,-0.52,1.78,1.8,1.58,0.20999999999999996,19.08,0.26446966659120974,0.28314212577138304,0.14938894869326425,0.3149670958790287,52.84,0.18
2023-04-10,1.78,18.97,3.41,4.0,-0.5899999999999999,1.79,1.77,1.61,0.16999999999999993,18.4,0.26581588250683963,0.28376799076546916,0.146916537829763,0.28980051886606883,52.84,0.18
2023-04-11,1.76,19.1,3.43,4.03,-0.6000000000000001,1.78,1.75,1.69,0.07000000000000006,18.97,0.2750809565040958,0.28856040393341154,0.13773684623583593,0.24840794193659277,52.84,0.18
2023-04-12,1.76,19.09,3.41,3.95,-0.54,1.76,1.76,1.84,-0.08000000000000007,19.1,0.2697462952795364,0.2884615564949409,0.11645399555731362,0.24186188296499078,52.84,0.18
2023-04-13,1.75,17.8,3.45,3.96,-0.5099999999999998,1.76,1.78,1.83,-0.08000000000000007,19.09,0.26548374909406,0.2859348440072026,0.11139214076495052,0.23241267733408133,52.84,0.18
2023-04-14,1.72,17.07,3.52,4.08,-0.56,1.75,1.79,1.98,-0.26,17.8,0.2682480297843107,0.2872696216831741,0.07798399334896144,0.20270315607410105,52.84,0.18
2023-04-17,1.7,16.95,3.6,4.18,-0.5799999999999996,1.72,1.78,1.96,-0.26,17.07,0.2338428308589138,0.2875371479433793,0.04561909119237373,0.2102299817532154,52.84,0.18
2023-04-18,1.69,16.83,3.58,4.19,-0.6100000000000003,1.7,1.76,1.97,-0.28,16.95,0.23156814306470594,0.2876721517008363,0.03199394937802813,0.20279689480619112,52.84,0.18
2023-04-19,1.69,16.46,3.6,4.24,-0.6400000000000001,1.69,1.76,1.96,-0.27,16.83,0.2092872659054989,0.2842522342155594,0.05958193803192002,0.22629450799897222,52.84,0.18
2023-04-20,1.71,17.17,3.54,4.14,-0.5999999999999996,1.69,1.75,1.85,-0.14000000000000012,16.46,0.21235914485145146,0.28236747208908697,0.04503609327677571,0.2366949176802804,52.84,0.18
2023-04-21,1.7,16.77,3.57,4.17,-0.6000000000000001,1.71,1.72,1.83,-0.13000000000000012,17.17,0.21094804153965216,0.2748051635322586,0.04946944046612267,0.19255590764615294,52.84,0.18
2023-04-24,1.7,16.89,3.52,4.12,-0.6000000000000001,1.7,1.7,1.85,-0.15000000000000013,16.77,0.20832475441401052,0.2764978107058615,0.01480229089475893,0.16446436521824115,52.84,0.18
2023-04-25,1.73,18.76,3.4,3.86,-0.45999999999999996,1.7,1.69,1.88,-0.1499999999999999,16.89,0.22002439395728574,0.28087806239539265,-0.018355355677466823,0.14076147638124614,52.84,0.18
2023-04-26,1.73,18.84,3.43,3.9,-0.46999999999999975,1.73,1.69,1.85,-0.1200000000000001,18.76,0.32995538743537545,0.31344890394489555,0.06870976842982879,0.23066314783723918,52.84,0.18
2023-04-27,1.71,17.03,3.53,4.07,-0.5400000000000005,1.73,1.71,1.86,-0.15000000000000013,18.84,0.3431008133204566,0.3139233452984737,0.10754624976929872,0.23223175010131158,52.84,0.18
2023-04-28,1.72,15.78,3.44,4.04,-0.6000000000000001,1.71,1.7,1.83,-0.1100000000000001,17.03,0.33947827547614745,0.31399355998585055,0.0953620337343084,0.24125384714114206,52.84,0.18
2023-05-01,1.73,16.08,3.59,4.14,-0.5499999999999998,1.72,1.7,1.8,-0.07000000000000006,15.78,0.33987111949783255,0.31024875586581274,0.0757261209991964,0.26210436967932504,52.84,0.18
2023-05-02,1.78,17.78,3.44,3.97,-0.5300000000000002,1.73,1.73,1.77,0.010000000000000009,16.08,0.3376245021694102,0.3083995028421058,0.059348006412767385,0.2355229160504264,52.84,0.18
2023-05-03,1.79,18.34,3.38,3.89,-0.5100000000000002,1.78,1.73,1.75,0.040000000000000036,17.78,0.337526822986381,0.30687872916831416,0.059777575404191596,0.20736852500756187,52.84,0.18
2023-05-04,1.85,20.09,3.37,3.75,-0.3799999999999999,1.79,1.71,1.76,0.09000000000000008,18.34,0.3373325605967214,0.2937473172035924,0.06347955690074203,0.15712366561837565,52.84,0.18
2023-05-05,1.83,17.19,3.44,3.92,-0.48,1.85,1.72,1.78,0.050000000000000044,20.09,0.3371765724210419,0.2903190339630532,0.09252977573000587,0.2054501172066261,52.84,0.18
2023-05-08,1.83,16.98,3.52,4.0,-0.48,1.83,1.73,1.79,0.040000000000000036,17.19,0.33008175213863766,0.29036147301770565,0.058470566732854,0.20505924293093103,52.84,0.18
2023-05-09,1.83,17.71,3.53,4.01,-0.48,1.83,1.78,1.78,0.050000000000000044,16.98,0.3292774029588088,0.27983559735889035,0.06085202157274083,0.1502796849511845,52.84,0.18
2023-05-10,1.83,16.94,3.43,3.9,-0.46999999999999975,1.83,1.79,1.76,0.07000000000000006,17.71,0.31893957810452034,0.28118335695537855,0.10423221314665954,0.17381700688331514,52.84,0.18
2023-05-11,1.83,16.93,3.39,3.89,-0.5,1.83,1.85,1.76,0.07000000000000006,16.94,0.3215414735758156,0.2803757089229905,0.09390083132964144,0.17929872928348112,52.84,0.18
2023-05-12,1.82,17.03,3.46,3.98,-0.52,1.83,1.83,1.75,0.07000000000000006,16.93,0.31586165872248845,0.2805135538157775,0.06600202354856943,0.17728580723633325,52.84,0.18
2023-05-15,1.83,17.12,3.5,3.99,-0.4900000000000002,1.82,1.83,1.72,0.1100000000000001,17.03,0.31057183319085213,0.27447358963625734,0.08149835479160816,0.14342868758440108,52.84,0.18
2023-05-16,1.84,17.99,3.54,4.06,-0.5199999999999996,1.83,1.83,1.7,0.14000000000000012,17.12,0.31022250308814725,0.27465802310000287,0.07943224435797824,0.14825590460439075,52.84,0.18
2023-05-17,1.83,16.87,3.57,4.12,-0.5500000000000003,1.84,1.83,1.69,0.14000000000000012,17.99,0.3101772048314575,0.2742056209269487,0.09125932512637713,0.16844795415059055,52.84,0.18
2023-05-18,1.82,16.05,3.65,4.24,-0.5900000000000003,1.83,1.83,1.69,0.13000000000000012,16.87,0.3116968203403652,0.2686418155360592,0.10666071861013893,0.21768554427165787,52.84,0.18
2023-05-19,1.79,16.81,3.7,4.28,-0.5800000000000001,1.82,1.82,1.71,0.08000000000000007,16.05,0.3087742316011854,0.26601893740683535,0.11508136169298355,0.2362857342776199,52.84,0.18
2023-05-22,1.78,17.21,3.72,4.29,-0.5699999999999998,1.79,1.83,1.7,0.08000000000000007,16.81,0.30804151293164594,0.26155098419556133,0.12640685712136723,0.2739227433595055,52.84,0.18
2023-05-23,1.78,18.53,3.7,4.26,-0.5599999999999996,1.78,1.84,1.7,0.08000000000000007,17.21,0.3120279526714488,0.2648390351167851,0.12130173906545427,0.2562093515809971,52.84,0.18
2023-05-24,1.78,20.03,3.73,4.31,-0.5799999999999996,1.78,1.83,1.73,0.050000000000000044,18.53,0.29740321988393964,0.26467285173814964,0.14202318918170898,0.23458840174205986,52.84,0.18
2023-05-25,1.75,19.14,3.83,4.5,-0.6699999999999999,1.78,1.82,1.73,0.020000000000000018,20.03,0.21413196261958478,0.2686882747142806,0.10584173481828296,0.31061920645233365,52.84,0.18
2023-05-26,1.74,17.95,3.8,4.54,-0.7400000000000002,1.75,1.79,1.71,0.030000000000000027,19.14,0.19983299919176598,0.27081079103941774,0.09443857607887018,0.33361723001425636,52.84,0.18
2023-05-30,1.74,17.46,3.69,4.46,-0.77,1.74,1.78,1.72,0.020000000000000018,17.95,0.20196308434109747,0.27108359196956694,0.08030340279891757,0.33082362183283665,52.84,0.18
2023-05-31,1.76,17.94,3.64,4.4,-0.7600000000000002,1.74,1.78,1.73,0.030000000000000027,17.46,0.20394612214290955,0.2701384124513409,0.07706463927153173,0.3363701295501125,52.84,0.18
2023-06-01,1.76,15.65,3.61,4.33,-0.7200000000000002,1.76,1.78,1.78,-0.020000000000000018,17.94,0.20573863102675272,0.2689420819756208,0.09134275271384795,0.3273345482682204,52.84,0.18
2023-06-02,1.73,14.6,3.69,4.5,-0.81,1.76,1.75,1.79,-0.06000000000000005,15.65,0.20433007652695187,0.26795489568857195,0.10424858820842942,0.3166721285275811,52.84,0.18
2023-06-05,1.73,14.73,3.69,4.46,-0.77,1.73,1.74,1.85,-0.1200000000000001,14.6,0.2045728975389956,0.2679950633010679,0.1023686610565544,0.3106801565748465,52.84,0.18
2023-06-06,1.73,13.96,3.7,4.51,-0.8099999999999996,1.73,1.74,1.83,-0.10000000000000009,14.73,0.20301720253879812,0.26722494395836843,0.0764832705761842,0.31579574587448955,52.84,0.18
2023-06-07,1.73,13.94,3.79,4.56,-0.7699999999999996,1.73,1.76,1.83,-0.10000000000000009,13.96,0.23356613340409982,0.27618774573434424,0.05001443339121536,0.277441650098351,52.84,0.18
2023-06-08,1.74,13.65,3.73,4.52,-0.7899999999999996,1.73,1.76,1.83,-0.09000000000000008,13.94,0.23207966561373083,0.27553396210526904,0.0617949372604254,0.2918951672263186,52.84,0.18
2023-06-09,1.73,13.83,3.75,4.59,-0.8399999999999999,1.74,1.73,1.83,-0.10000000000000009,13.65,0.22630656081796696,0.27281450295422716,0.04865177390273612,0.3174481484197347,52.84,0.18
2023-06-12,1.74,15.01,3.73,4.55,-0.8199999999999998,1.73,1.73,1.83,-0.09000000000000008,13.83,0.22795883652043952,0.27157081837906105,0.0724435209551062,0.30976449824771657,52.84,0.18
2023-06-13,1.71,14.61,3.84,4.67,-0.8300000000000001,1.74,1.73,1.82,-0.1100000000000001,15.01,0.22682332809101755,0.267731859997253,0.08431502090168452,0.2846381776149338,52.84,0.18
2023-06-14,1.7,13.88,3.83,4.74,-0.9100000000000001,1.71,1.73,1.83,-0.13000000000000012,14.61,0.22733196222387317,0.2664832431938873,0.09247535483266556,0.27364919019320166,52.84,0.18
2023-06-15,1.7,14.5,3.72,4.62,-0.8999999999999999,1.7,1.74,1.84,-0.14000000000000012,13.88,0.24654618977159284,0.2621920870752401,0.1190767928621328,0.26307395704968073,52.84,0.18
2023-06-16,1.67,13.54,3.77,4.7,-0.9300000000000002,1.7,1.73,1.83,-0.16000000000000014,14.5,0.2575134920102724,0.26483567998118634,0.09022292455525571,0.22777964421850871,52.84,0.18
2023-06-20,1.66,13.88,3.74,4.68,-0.9399999999999995,1.67,1.74,1.82,-0.16000000000000014,13.54,0.2609908918520913,0.2601867366229957,0.06131495156386779,0.24449548069804838,52.84,0.18
2023-06-21,1.67,13.2,3.72,4.68,-0.9599999999999995,1.66,1.71,1.79,-0.1200000000000001,13.88,0.26681168186750076,0.26232753823741417,0.047810580963915994,0.22101395281115854,52.84,0.18
2023-06-22,1.66,12.91,3.8,4.77,-0.9699999999999998,1.67,1.7,1.78,-0.1200000000000001,13.2,0.2717508229273883,0.26343558997401967,0.057693625401880944,0.25033091490384285,52.84,0.18
2023-06-23,1.67,13.44,3.74,4.71,-0.9699999999999998,1.66,1.7,1.78,-0.1100000000000001,12.91,0.267635349803238,0.26367440024457794,0.06267830099838667,0.2092211855671784,52.84,0.18
2023-06-26,1.67,14.25,3.72,4.65,-0.9300000000000002,1.67,1.67,1.78,-0.1100000000000001,13.44,0.27748373671946464,0.26697113534476197,0.04699699511793565,0.1737474432219912,52.84,0.18
2023-06-27,1.66,13.74,3.77,4.74,-0.9700000000000002,1.67,1.66,1.75,-0.09000000000000008,14.25,0.25192676262016406,0.2663005753948275,0.026540131511808118,0.2131896251210028,52.84,0.18
2023-06-28,1.65,13.43,3.71,4.71,-1.0,1.66,1.67,1.74,-0.09000000000000008,13.74,0.24147325822303087,0.2658809794228798,0.00889177386375084,0.22291942722998082,52.84,0.18
2023-06-29,1.62,13.54,3.85,4.87,-1.02,1.65,1.66,1.74,-0.11999999999999988,13.43,0.24087323799551238,0.2641489644514641,0.011593959560997957,0.19704273520265048,52.84,0.18
2023-06-30,1.61,13.59,3.81,4.87,-1.06,1.62,1.67,1.76,-0.1499999999999999,13.54,0.2443443546442825,0.2648133090728249,0.03699869118545496,0.20149423300101277,52.84,0.18
2023-07-03,1.6,13.57,3.86,4.94,-1.0800000000000005,1.61,1.67,1.76,-0.15999999999999992,13.59,0.24301155569443314,0.2645160311768891,0.01626682645466082,0.1749180389154643,52.84,0.18
2023-07-05,1.58,14.18,3.95,4.94,-0.9900000000000002,1.6,1.66,1.73,-0.1499999999999999,13.57,0.24143453891460062,0.2642362726877073,0.008199092810563302,0.17985294451936462,52.84,0.18
2023-07-06,1.59,15.44,4.05,4.99,-0.9400000000000004,1.58,1.65,1.73,-0.1399999999999999,14.18,0.24331060200132812,0.26448035218431604,0.01586593136745451,0.19094690486807187,52.84,0.18
2023-07-07,1.58,14.83,4.06,4.94,-0.8800000000000008,1.59,1.62,1.73,-0.1499999999999999,15.44,0.24596779105912214,0.264898875415092,0.01060878731680015,0.18856691513285195,52.84,0.18
2023-07-10,1.59,15.07,4.01,4.85,-0.8399999999999999,1.58,1.61,1.73,-0.1399999999999999,14.83,0.22660348500870067,0.26347884890960516,0.02613012294963446,0.1404506359371842,52.84,0.18
2023-07-11,1.58,14.84,3.99,4.88,-0.8899999999999997,1.59,1.6,1.74,-0.15999999999999992,15.07,0.2260329843510428,0.26272651936324315,0.022167055943213443,0.15137643944846335,52.84,0.18
2023-07-12,1.56,13.54,3.86,4.72,-0.8599999999999999,1.58,1.58,1.73,-0.16999999999999993,14.84,0.2302914814181937,0.25876608164784143,0.031855129415099936,0.1948418777003751,52.84,0.18
2023-07-13,1.56,13.61,3.76,4.59,-0.8300000000000001,1.56,1.59,1.74,-0.17999999999999994,13.54,0.23084225323504834,0.26011102718606227,0.03257496909556146,0.2113620818074915,52.84,0.18
2023-07-14,1.57,13.34,3.83,4.74,-0.9100000000000001,1.56,1.58,1.71,-0.1399999999999999,13.61,0.2308981787074071,0.25733015330542436,0.03275579058815481,0.19374383539304363,52.84,0.18
2023-07-17,1.58,13.48,3.81,4.74,-0.9300000000000002,1.57,1.59,1.7,-0.11999999999999988,13.34,0.22928719943306208,0.25536719405153313,0.024871375823589448,0.210896085585337,52.84,0.18
2023-07-18,1.58,13.3,3.8,4.74,-0.9400000000000004,1.58,1.58,1.7,-0.11999999999999988,13.48,0.2437650953571244,0.26543160875579264,0.03272027810463318,0.24749260909495074,52.84,0.18
2023-07-19,1.57,13.76,3.75,4.74,-0.9900000000000002,1.58,1.56,1.67,-0.09999999999999987,13.3,0.24013712479181806,0.2671498634265376,0.037244586965592186,0.23402641141425162,52.84,0.18
2023-07-20,1.56,13.99,3.85,4.8,-0.9499999999999997,1.57,1.56,1.66,-0.09999999999999987,13.76,0.25071899466296615,0.2723386808674713,0.026090547964948918,0.20515932170494788,52.84,0.18
2023-07-21,1.55,13.6,3.84,4.82,-0.9800000000000004,1.56,1.57,1.67,-0.11999999999999988,13.99,0.24796150426592276,0.27248171981614694,0.030609094200332088,0.20415753293928907,52.84,0.18
2023-07-24,1.53,13.91,3.86,4.81,-0.9499999999999997,1.55,1.58,1.66,-0.1299999999999999,13.6,0.24048923087413213,0.27234424383566286,0.015896044987881996,0.21033179471403263,52.84,0.18
2023-07-25,1.52,13.86,3.91,4.85,-0.9399999999999995,1.53,1.58,1.67,-0.1499999999999999,13.91,0.24050221914180325,0.2714646076360497,0.047638994831686876,0.24834884464027818,52.84,0.18
2023-07-26,1.52,13.19,3.86,4.82,-0.9600000000000004,1.52,1.57,1.67,-0.1499999999999999,13.86,0.26822010081548253,0.2789663310888871,0.027906188715207447,0.22906213348638516,52.84,0.18
2023-07-27,1.48,14.41,4.01,4.91,-0.9000000000000004,1.52,1.56,1.66,-0.17999999999999994,13.19,0.2716283698603252,0.2455741186060031,-0.01150743172187918,0.12212778788965628,52.84,0.18
2023-07-28,1.48,13.33,3.96,4.87,-0.9100000000000001,1.48,1.55,1.65,-0.16999999999999993,14.41,0.2834007245600789,0.24176012614340409,0.0075033135202764445,0.11245501066810437,52.84,0.18
2023-07-31,1.47,13.63,3.97,4.88,-0.9099999999999997,1.48,1.53,1.62,-0.15000000000000013,13.33,0.28452244882577143,0.242097636543467,0.002596764385615069,0.0956662146248839,52.84,0.18
2023-08-01,1.47,13.93,4.05,4.92,-0.8700000000000001,1.47,1.52,1.61,-0.14000000000000012,13.63,0.27849190319383044,0.2416690227698726,-0.012333293209434437,0.10313938573297232,52.84,0.18
2023-08-02,1.5,16.09,4.08,4.88,-0.7999999999999998,1.47,1.52,1.6,-0.10000000000000009,13.93,0.2917755378822777,0.2480294337060538,-0.031036486333188562,0.07467301053706588,52.84,0.18
2023-08-03,1.51,15.92,4.2,4.9,-0.7000000000000002,1.5,1.48,1.58,-0.07000000000000006,16.09,0.29172751694124466,0.24797827350533222,-0.03397916485370711,0.0754733382424253,52.84,0.18
2023-08-04,1.51,17.1,4.05,4.78,-0.7300000000000004,1.51,1.48,1.59,-0.08000000000000007,15.92,0.2897299391138088,0.247982084621234,-0.03952871752554865,0.07559218572207738,52.84,0.18
2023-08-07,1.51,15.77,4.09,4.76,-0.6699999999999999,1.51,1.47,1.58,-0.07000000000000006,17.1,0.2888444286893563,0.2461744097416089,-0.02108414049968066,0.06496594339819017,52.84,0.18
2023-08-08,1.52,15.99,4.02,4.74,-0.7200000000000006,1.51,1.47,1.59,-0.07000000000000006,15.77,0.2866869052808219,0.2471825636480552,-0.01741847264998908,0.05868388120165169,52.84,0.18
2023-08-09,1.52,15.96,4.0,4.79,-0.79,1.52,1.5,1.58,-0.06000000000000005,15.99,0.28900896581907154,0.24817619992444467,-0.030799923229902104,0.05190366876085206,52.84,0.18
2023-08-10,1.51,15.85,4.09,4.82,-0.7300000000000004,1.52,1.51,1.56,-0.050000000000000044,15.96,0.28380269247207685,0.24595410195946085,-0.042319152531655635,0.03626498883417817,52.84,0.18
2023-08-11,1.51,14.84,4.16,4.89,-0.7299999999999995,1.51,1.51,1.56,-0.050000000000000044,15.85,0.276277345387027,0.24582355096751995,-0.06318214667013089,0.03741179509362813,52.84,0.18
2023-08-14,1.51,14.82,4.19,4.96,-0.7699999999999996,1.51,1.51,1.57,-0.06000000000000005,14.84,0.2772682013875128,0.246273400061698,-0.06140653907308802,0.05106757132780704,52.84,0.18
2023-08-15,1.52,16.46,4.21,4.92,-0.71,1.51,1.52,1.58,-0.06000000000000005,14.82,0.2771171049953817,0.24674137703617025,-0.0690425166657771,0.042343492638047486,52.84,0.18
2023-08-16,1.53,16.78,4.28,4.97,-0.6899999999999995,1.52,1.52,1.58,-0.050000000000000044,16.46,0.2288559334439365,0.24645556181524572,-0.10685027792981305,0.03220714678619507,52.84,0.18
2023-08-17,1.55,17.89,4.3,4.94,-0.6400000000000006,1.53,1.51,1.57,-0.020000000000000018,16.78,0.22840471316820002,0.24686873024655231,-0.10569176279207981,0.0113086406222358,52.84,0.18
2023-08-18,1.56,17.3,4.26,4.92,-0.6600000000000001,1.55,1.51,1.56,0.0,17.89,0.2191659269254448,0.2452151106283056,-0.08568015680707697,-0.004300899531664126,52.84,0.18
2023-08-21,1.55,17.13,4.34,4.97,-0.6299999999999999,1.56,1.51,1.55,0.0,17.3,0.2302582626987386,0.2475589556406519,-0.06169387274142002,0.01326094234601527,52.84,0.18
2023-08-22,1.54,16.97,4.34,5.02,-0.6799999999999997,1.55,1.52,1.53,0.010000000000000009,17.13,0.22958893316526335,0.2469633583438654,-0.06365310911715105,0.00611107412233558,52.84,0.18
2023-08-23,1.54,15.98,4.19,4.95,-0.7599999999999998,1.54,1.53,1.52,0.020000000000000018,16.97,0.22657189484886595,0.2455414303012681,-0.0663505458989414,0.039434950219092935,52.84,0.18
2023-08-24,1.52,17.2,4.23,4.98,-0.75,1.54,1.55,1.52,0.0,15.98,0.20109871801383178,0.24933988076410685,-0.05069283908009803,0.02165831270915941,52.84,0.18
2023-08-25,1.51,15.68,4.25,5.03,-0.7800000000000002,1.52,1.56,1.48,0.030000000000000027,17.2,0.19325083214032465,0.2378510348507017,-0.021335471297901032,-0.006922393954485351,52.84,0.18
2023-08-28,1.51,15.08,4.2,4.98,-0.7800000000000002,1.51,1.55,1.48,0.030000000000000027,15.68,0.1729192467847925,0.2339033730201774,-0.0413295180297234,-0.025548071351438217,52.84,0.18
2023-08-29,1.51,14.45,4.12,4.87,-0.75,1.51,1.54,1.47,0.040000000000000036,15.08,0.18081684811119497,0.23556619584424046,-0.020286672023490104,-0.006354334624479097,52.84,0.18
2023-08-30,1.51,13.88,4.12,4.9,-0.7800000000000002,1.51,1.54,1.47,0.040000000000000036,14.45,0.1808031015414744,0.23493751113057762,-0.02037774704905393,0.003338008665438208,52.84,0.18
2023-08-31,1.51,13.57,4.09,4.85,-0.7599999999999998,1.51,1.52,1.5,0.010000000000000009,13.88,0.15595896430889514,0.2336200442915406,0.002912954681586699,-0.012406064333038369,52.84,0.18
2023-09-01,1.51,13.09,4.18,4.87,-0.6900000000000004,1.51,1.51,1.51,0.0,13.57,0.15586434345319042,0.2330458023235494,0.008252901169017779,-0.018020828831541658,52.84,0.18
2023-09-05,1.51,14.01,4.27,4.94,-0.6700000000000008,1.51,1.51,1.51,0.0,13.09,0.1634929423418382,0.23496361205401745,0.019757479607769746,-0.005012374583926116,52.84,0.18
2023-09-06,1.52,14.45,4.3,5.01,-0.71,1.51,1.51,1.51,0.010000000000000009,14.01,0.1622344782183152,0.2346014373514747,0.010526160726148426,-0.0002854893320782814,52.84,0.18
2023-09-07,1.52,14.4,4.27,4.94,-0.6700000000000008,1.52,1.51,1.52,0.0,14.45,0.15925972621517523,0.22680201184618556,0.013980764378793697,0.022352700076074816,52.84,0.18
2023-09-08,1.51,13.84,4.26,4.98,-0.7200000000000006,1.52,1.51,1.52,-0.010000000000000009,14.4,0.15816521750111798,0.22799343264919744,0.039561053373616595,0.029876907085305993,52.84,0.18
2023-09-11,1.51,13.8,4.29,4.97,-0.6799999999999997,1.51,1.51,1.51,0.0,13.84,0.16127043256264964,0.22880000457735694,0.04869634030070946,0.03630902880917053,52.84,0.18
2023-09-12,1.52,14.23,4.27,4.98,-0.7100000000000009,1.51,1.51,1.51,0.010000000000000009,13.8,0.17432859600667838,0.22986901528782253,0.03570741196278027,0.0018756833732240796,52.84,0.18
2023-09-13,1.53,13.48,4.25,4.96,-0.71,1.52,1.52,1.51,0.020000000000000018,14.23,0.17667797809284858,0.2308496791689785,0.039289955263864806,0.007423071826670569,52.84,0.18
2023-09-14,1.51,12.82,4.29,5.0,-0.71,1.53,1.52,1.52,-0.010000000000000009,13.48,0.17492301010758377,0.23066479957380298,0.05454874568557333,0.0061572719902109885,52.84,0.18
2023-09-15,1.51,13.79,4.33,5.02,-0.6899999999999995,1.51,1.51,1.53,-0.020000000000000018,12.82,0.19897507688215302,0.2269423658384842,0.030649114718237058,-0.049356229325281054,52.84,0.18
2023-09-18,1.51,14.0,4.32,5.05,-0.7299999999999995,1.51,1.51,1.55,-0.040000000000000036,13.79,0.19469759465248904,0.22472164189319807,0.03843739382921796,-0.03672846582901079,52.84,0.18
2023-09-19,1.5,14.11,4.37,5.08,-0.71,1.51,1.52,1.56,-0.06000000000000005,14.0,0.19469434032261912,0.2234008136904652,0.03845412903370393,-0.025748350541102583,52.84,0.18
2023-09-20,1.48,15.14,4.35,5.12,-0.7700000000000005,1.5,1.53,1.55,-0.07000000000000006,14.11,0.20592479174088762,0.22691992993264384,-0.003448577110416129,-0.03630803868725596,52.84,0.18
2023-09-21,1.48,17.54,4.49,5.12,-0.6299999999999999,1.48,1.51,1.54,-0.06000000000000005,15.14,0.20620654353294515,0.2237218947092459,-0.00908628663533917,-0.05741205527539883,52.84,0.18
2023-09-22,1.48,17.2,4.44,5.1,-0.6599999999999993,1.48,1.51,1.54,-0.06000000000000005,17.54,0.20080315176901284,0.2226381977840956,-0.030550471055831308,-0.05175468256829041,52.84,0.18
2023-09-25,1.47,16.9,4.55,5.09,-0.54,1.48,1.51,1.52,-0.050000000000000044,17.2,0.18715999097603692,0.2195106639259774,-0.0075944378294173776,-0.031611936903243265,52.84,0.18
2023-09-26,1.48,18.94,4.56,5.04,-0.4800000000000004,1.47,1.5,1.51,-0.030000000000000027,16.9,0.19220255290451935,0.2186782410939923,-0.03356258385011812,-0.0650659178716213,52.84,0.18
2023-09-27,1.49,18.22,4.61,5.1,-0.4899999999999993,1.48,1.48,1.51,-0.020000000000000018,18.94,0.19216685880279505,0.218550467655685,-0.03370396302069878,-0.066689746835913,52.84,0.18
2023-09-28,1.51,17.34,4.59,5.04,-0.4500000000000002,1.49,1.48,1.51,0.0,18.22,0.18385840117730828,0.21865749224504993,-0.044974308730182155,-0.0619189354745312,52.84,0.18
2023-09-29,1.51,17.52,4.59,5.03,-0.4400000000000004,1.51,1.48,1.51,0.0,17.34,0.1861098543043606,0.2163919393685317,-0.039660870610845556,-0.07083320556236239,52.84,0.18
2023-10-02,1.54,17.61,4.69,5.12,-0.4299999999999997,1.51,1.47,1.51,0.030000000000000027,17.52,0.1997134755763388,0.21971933379794584,-0.018184216707673784,-0.04588510784685351,52.84,0.18
2023-10-03,1.57,19.78,4.81,5.15,-0.34000000000000075,1.54,1.48,1.51,0.06000000000000005,17.61,0.2175204052534218,0.22553327244849125,-0.0464614392144852,-0.07125982132453479,52.84,0.18
2023-10-04,1.58,18.58,4.73,5.05,-0.3199999999999994,1.57,1.49,1.51,0.07000000000000006,19.78,0.22058930193462456,0.2277565448912102,-0.04374148435452674,-0.06339472524172185,52.84,0.18
2023-10-05,1.59,18.49,4.72,5.03,-0.3100000000000005,1.58,1.51,1.52,0.07000000000000006,18.58,0.22088359987041656,0.22670661386106966,-0.04061525942654831,-0.0509573452145311,52.84,0.18
2023-10-06,1.58,17.45,4.78,5.08,-0.2999999999999998,1.59,1.51,1.52,0.06000000000000005,18.49,0.2375109531926523,0.23017186591489747,-0.008032234161184704,-0.011683897478252603,52.84,0.18
2023-10-09,1.58,17.7,4.78,5.08,-0.2999999999999998,1.58,1.54,1.51,0.07000000000000006,17.45,0.23436430455858392,0.2306824847860695,-0.0133126026306577,-0.0058703622324122184,52.84,0.18
2023-10-10,1.58,17.03,4.66,4.96,-0.2999999999999998,1.58,1.57,1.51,0.07000000000000006,17.7,0.23086345970638722,0.2290142668803616,-0.028259468853207514,-0.024065048106060694,52.84,0.18
2023-10-11,1.57,16.09,4.58,4.99,-0.41000000000000014,1.58,1.58,1.52,0.050000000000000044,17.03,0.2267332414117181,0.22799993846685482,0.0019592735133449057,-0.027829782913883827,52.84,0.18
2023-10-12,1.56,16.69,4.7,5.06,-0.35999999999999943,1.57,1.59,1.53,0.030000000000000027,16.09,0.2222495324826797,0.22753422189291242,-0.014580600062830906,-0.03875219294879495,52.84,0.18
2023-10-13,1.57,19.32,4.63,5.04,-0.41000000000000014,1.56,1.58,1.51,0.06000000000000005,16.69,0.22246809358225328,0.22834266111670976,-0.03238829400381371,-0.050056838919368074,52.84,0.18
2023-10-16,1.56,17.21,4.71,5.09,-0.3799999999999999,1.57,1.58,1.51,0.050000000000000044,19.32,0.21200558536097594,0.21547838665084226,0.007328658691553747,-0.07272982364134184,52.84,0.18
2023-10-17,1.56,17.88,4.83,5.19,-0.3600000000000003,1.56,1.58,1.51,0.050000000000000044,17.21,0.21167911746145107,0.21428756527084536,0.009116734030850449,-0.06285032791425815,52.84,0.18
2023-10-18,1.58,19.22,4.91,5.19,-0.28000000000000025,1.56,1.57,1.5,0.08000000000000007,17.88,0.21276852733540014,0.20975935290910422,0.004442431161530758,-0.04630278752060535,52.84,0.18
2023-10-19,1.6,21.4,4.98,5.14,-0.15999999999999925,1.58,1.56,1.48,0.1200000000000001,19.22,0.1937290179854248,0.20925329783937263,0.03288964252635829,-0.03417556566567648,52.84,0.18
2023-10-20,1.63,21.71,4.93,5.07,-0.14000000000000057,1.6,1.57,1.48,0.1499999999999999,21.4,0.20043894688950487,0.2108011004419479,0.022345458844790667,-0.05142803773536164,52.84,0.18
2023-10-23,1.63,20.37,4.86,5.05,-0.1899999999999995,1.63,1.56,1.48,0.1499999999999999,21.71,0.19902897008013465,0.20849291435210315,0.038831892463928375,-0.05972622011277673,52.84,0.18
2023-10-24,1.6,18.97,4.83,5.02,-0.1899999999999995,1.63,1.56,1.47,0.13000000000000012,20.37,0.19912206664278612,0.19482243211064817,0.04090818922976336,-0.019362782035899473,52.84,0.18
2023-10-25,1.59,20.19,4.95,5.08,-0.1299999999999999,1.6,1.58,1.48,0.1100000000000001,18.97,0.2100318285642921,0.19984439705391174,0.09140131381079875,0.03226702790375535,52.84,0.18
2023-10-26,1.6,20.68,4.86,5.02,-0.15999999999999925,1.59,1.6,1.49,0.1100000000000001,20.19,0.2551424968124122,0.2086452391103335,0.0482752660677388,-0.02892026176979734,52.84,0.18
2023-10-27,1.61,21.27,4.84,4.99,-0.15000000000000036,1.6,1.63,1.51,0.10000000000000009,20.68,0.2554275731954856,0.20853907207956435,0.05155577075048634,-0.016110372710006704,52.84,0.18
2023-10-30,1.62,19.75,4.88,5.03,-0.15000000000000036,1.61,1.63,1.51,0.1100000000000001,21.27,0.2646088251043585,0.21350502595658663,0.06828194136391685,0.005007154932083813,52.84,0.18
2023-10-31,1.62,18.14,4.88,5.07,-0.1900000000000004,1.62,1.6,1.54,0.08000000000000007,19.75,0.25822998905925265,0.20665726419300842,0.050683835899490104,0.03458291322309526,52.84,0.18
2023-11-01,1.63,16.87,4.77,4.95,-0.1800000000000006,1.62,1.59,1.57,0.05999999999999983,18.14,0.2459082869500169,0.21155846267861336,0.10427908814161269,0.06166277197624548,52.84,0.18
2023-11-02,1.59,15.66,4.67,4.98,-0.3100000000000005,1.63,1.6,1.58,0.010000000000000009,16.87,0.24150442461613114,0.2117887339133955,0.0920491123647511,0.06491362896436059,52.84,0.18
2023-11-03,1.58,14.91,4.57,4.83,-0.2599999999999998,1.59,1.61,1.59,-0.010000000000000009,15.66,0.2429951699667942,0.2127639983994499,0.1047094533382722,0.07099745313955252,52.84,0.18
2023-11-06,1.58,14.89,4.67,4.93,-0.2599999999999998,1.58,1.62,1.58,0.0,14.91,0.23315458281760862,0.2117906632083821,0.08943956401388453,0.09579778763299784,52.84,0.18
2023-11-07,1.58,14.81,4.58,4.91,-0.33000000000000007,1.58,1.62,1.58,0.0,14.89,0.23411615804467995,0.21092112431613505,0.09311128925775725,0.12122806846129452,52.84,0.18
2023-11-08,1.58,14.45,4.49,4.93,-0.4399999999999995,1.58,1.63,1.58,0.0,14.81,0.23215088235121834,0.2112075952338481,0.10600199222735784,0.12708320724215572,52.84,0.18
2023-11-09,1.56,15.29,4.62,5.03,-0.41000000000000014,1.58,1.59,1.57,-0.010000000000000009,14.45,0.23399061971866356,0.21136370471068353,0.08504307035409342,0.12598895666273768,52.84,0.18
2023-11-10,1.56,14.17,4.61,5.04,-0.4299999999999997,1.56,1.58,1.56,0.0,15.29,0.24289201088494433,0.2157974029158729,0.11628797794944057,0.14323124495439066,52.84,0.18
2023-11-13,1.55,14.76,4.63,5.02,-0.3899999999999997,1.56,1.58,1.57,-0.020000000000000018,14.17,0.24116230845555797,0.216043680913157,0.11884769773796267,0.14166515419202774,52.84,0.18
2023-11-14,1.52,14.16,4.44,4.8,-0.35999999999999943,1.55,1.58,1.56,-0.040000000000000036,14.76,0.23924587905371028,0.21636240859694247,0.11312518129904658,0.1556492239397671,52.84,0.18
2023-11-15,1.51,14.18,4.53,4.9,-0.3700000000000001,1.52,1.58,1.56,-0.050000000000000044,14.16,0.23857184681398044,0.21469288098975498,0.11552231655780032,0.16896091266060775,52.84,0.18
2023-11-16,1.5,14.32,4.45,4.83,-0.3799999999999999,1.51,1.56,1.58,-0.08000000000000007,14.18,0.23853420845766227,0.21662493817552647,0.14184237907594577,0.191018550152799,52.84,0.18
2023-11-17,1.48,13.8,4.44,4.88,-0.4399999999999995,1.5,1.56,1.6,-0.1200000000000001,14.32,0.25171078485614856,0.2181892781121798,0.11855814464839298,0.15136281853072164,52.84,0.18
2023-11-20,1.46,13.41,4.42,4.89,-0.46999999999999975,1.48,1.55,1.63,-0.16999999999999993,13.8,0.2463805726646846,0.22119561454965558,0.1577617262517359,0.17287761960744108,52.84,0.18
2023-11-21,1.46,13.35,4.41,4.86,-0.4500000000000002,1.46,1.52,1.63,-0.16999999999999993,13.41,0.25467848213258487,0.22174927621367965,0.13514864746411792,0.1432026279205909,52.84,0.18
2023-11-22,1.43,12.85,4.42,4.89,-0.46999999999999975,1.46,1.51,1.6,-0.17000000000000015,13.35,0.25551269698454,0.2174063319808844,0.14548423298896784,0.18328873698954662,52.84,0.18
2023-11-24,1.42,12.46,4.47,4.92,-0.4500000000000002,1.43,1.5,1.59,-0.17000000000000015,12.85,0.24111219529971345,0.2171182806273113,0.11015345051828906,0.17095773809581138,52.84,0.18
2023-11-27,1.41,12.69,4.39,4.84,-0.4500000000000002,1.42,1.48,1.6,-0.19000000000000017,12.46,0.1852374559352895,0.21711946025816253,0.15702960500258278,0.17200646841793432,52.84,0.18
2023-11-28,1.41,12.69,4.34,4.73,-0.39000000000000057,1.41,1.46,1.61,-0.20000000000000018,12.69,0.1856331312505986,0.2164102425039256,0.16272041485372046,0.16767683254414423,52.84,0.18
2023-11-29,1.38,12.98,4.27,4.64,-0.3700000000000001,1.41,1.46,1.62,-0.2400000000000002,12.69,0.1859640587660911,0.2178627980586555,0.12543045390235474,0.1545936764331206,52.84,0.18
2023-11-30,1.39,12.92,4.37,4.73,-0.3600000000000003,1.38,1.43,1.62,-0.2300000000000002,12.98,0.18662124109183456,0.21762377372118294,0.12294543311769957,0.15840577406274692,52.84,0.18
2023-12-01,1.39,12.63,4.22,4.56,-0.33999999999999986,1.39,1.42,1.63,-0.24,12.92,0.18375169890785778,0.21942609008882785,0.08437627692015104,0.14181860789641365,52.84,0.18
2023-12-04,1.38,13.08,4.28,4.64,-0.35999999999999943,1.39,1.41,1.59,-0.2100000000000002,12.63,0.1939719603800932,0.22034404944883884,0.06192368920354774,0.1089470115854747,52.84,0.18
2023-12-05,1.39,12.85,4.18,4.57,-0.39000000000000057,1.38,1.41,1.58,-0.19000000000000017,13.08,0.19199753625700164,0.2207036634669557,0.05803880298264197,0.1213533180605253,52.84,0.18
2023-12-06,1.4,12.97,4.12,4.6,-0.47999999999999954,1.39,1.38,1.58,-0.18000000000000016,12.85,0.19464644260511024,0.2209261293083628,0.03651440291985408,0.12014964136440787,52.84,0.18
2023-12-07,1.39,13.06,4.14,4.58,-0.4400000000000004,1.4,1.39,1.58,-0.19000000000000017,12.97,0.19223402194577943,0.21987956931315236,0.03099024793147409,0.11198394797422462,52.84,0.18
2023-12-08,1.38,12.35,4.23,4.71,-0.47999999999999954,1.39,1.39,1.58,-0.20000000000000018,13.06,0.19285122588058046,0.21955753603155467,0.032460341617667865,0.10963361696017326,52.84,0.18
2023-12-11,1.38,12.63,4.23,4.71,-0.47999999999999954,1.38,1.38,1.56,-0.18000000000000016,12.35,0.19338721104712644,0.2166672275538338,0.03150506601537417,0.12142029656220954,52.84,0.18
2023-12-12,1.36,12.07,4.2,4.73,-0.5300000000000002,1.38,1.39,1.56,-0.19999999999999996,12.63,0.1758926159985468,0.2159061303231813,0.014796757681909023,0.11628843787470133,52.84,0.18
2023-12-13,1.35,12.19,4.04,4.46,-0.41999999999999993,1.36,1.4,1.55,-0.19999999999999996,12.07,0.17297672779817147,0.21558863229650244,0.02304400359383374,0.10755780127439385,52.84,0.18
2023-12-14,1.31,12.48,3.92,4.37,-0.4500000000000002,1.35,1.39,1.52,-0.20999999999999996,12.19,0.1882028762186234,0.21438589781000664,-0.009715391762675774,0.11038919322394847,52.84,0.18
2023-12-15,1.31,12.28,3.91,4.44,-0.5300000000000002,1.31,1.38,1.51,-0.19999999999999996,12.48,0.19395036986831307,0.21530364610548017,0.0028673487785280116,0.12891998908358993,52.84,0.18
2023-12-18,1.31,12.56,3.95,4.43,-0.47999999999999954,1.31,1.38,1.5,-0.18999999999999995,12.28,0.18447667760957173,0.2152912801308014,-0.009357711870148555,0.13618243573874156,52.84,0.18
2023-12-19,1.32,12.53,3.93,4.41,-0.48,1.31,1.36,1.48,-0.15999999999999992,12.56,0.17459320561955904,0.20866475107157798,0.009220069481224114,0.16599950291217258,52.84,0.18
2023-12-20,1.33,13.67,3.86,4.34,-0.48,1.32,1.35,1.46,-0.1299999999999999,12.53,0.1602930667021798,0.2091620648201704,-0.018069157827588667,0.1622452018306888,52.84,0.18
2023-12-21,1.33,13.65,3.89,4.33,-0.43999999999999995,1.33,1.31,1.46,-0.1299999999999999,13.67,0.157992132789983,0.2083627596323661,0.0012598045705276562,0.18071421527525988,52.84,0.18
2023-12-22,1.33,13.03,3.9,4.31,-0.4099999999999997,1.33,1.31,1.43,-0.09999999999999987,13.65,0.15151735877560962,0.20835178382044592,-0.008654326855336292,0.18202498475494022,52.84,0.18
2023-12-26,1.32,12.99,3.89,4.26,-0.36999999999999966,1.33,1.31,1.42,-0.09999999999999987,13.03,0.15150519111875083,0.204529073470954,-0.007339007810624132,0.2027308242479593,52.84,0.18
2023-12-27,1.31,12.43,3.79,4.2,-0.41000000000000014,1.32,1.32,1.41,-0.09999999999999987,12.99,0.15103721683610388,0.20472761369109935,-0.011991196928025971,0.19834156794644775,52.84,0.18
2023-12-28,1.29,12.47,3.84,4.26,-0.41999999999999993,1.31,1.33,1.41,-0.11999999999999988,12.43,0.1460754614572552,0.2047277563108766,-0.019388545491224818,0.1989596590169762,52.84,0.18
2023-12-29,1.29,12.45,3.88,4.23,-0.35000000000000053,1.29,1.33,1.38,-0.08999999999999986,12.47,0.1424721868610431,0.20459261439830528,-0.007417202675827239,0.1933594977596571,52.84,0.18
2024-01-02,1.31,13.2,3.95,4.33,-0.3799999999999999,1.29,1.33,1.39,-0.07999999999999985,12.45,0.14984297543233768,0.20454317929102017,-0.021218822662325887,0.15482536201428077,52.84,0.18
2024-01-03,1.34,14.04,3.91,4.33,-0.41999999999999993,1.31,1.32,1.39,-0.04999999999999982,13.2,0.14476784386773542,0.1962983910595453,-0.010440129832904654,0.18495247056768327,52.84,0.18
2024-01-04,1.34,14.13,3.99,4.38,-0.3899999999999997,1.34,1.31,1.38,-0.039999999999999813,14.04,0.13808890838599738,0.19488633538681852,-0.00325073989968494,0.1559030274801505,52.84,0.18
2024-01-05,1.33,13.35,4.05,4.4,-0.35000000000000053,1.34,1.29,1.39,-0.05999999999999983,14.13,0.13390453465746444,0.19495993814948523,-0.012804646392643226,0.1538590708456138,52.84,0.18
2024-01-08,1.32,13.08,4.01,4.36,-0.35000000000000053,1.33,1.29,1.4,-0.07999999999999985,13.35,0.14519947483010665,0.1925602929515191,0.015970795067585142,0.1472543372105779,52.84,0.18
2024-01-09,1.3,12.76,4.02,4.36,-0.34000000000000075,1.32,1.31,1.39,-0.08999999999999986,13.08,0.14427817062820955,0.1922338047990328,0.013047636358645587,0.14169159671790998,52.84,0.18
2024-01-10,1.28,12.69,4.04,4.37,-0.33000000000000007,1.3,1.34,1.38,-0.09999999999999987,12.76,0.15479045408501418,0.1945256674931654,0.022820043692696634,0.16796147552133056,52.84,0.18
2024-01-11,1.27,12.44,3.98,4.26,-0.2799999999999998,1.28,1.34,1.38,-0.10999999999999988,12.69,0.15175771444633368,0.193581194495517,0.03590110260093904,0.15940892249488514,52.84,0.18
2024-01-12,1.26,12.7,3.96,4.14,-0.17999999999999972,1.27,1.33,1.36,-0.10000000000000009,12.44,0.15278782774654445,0.193744068594877,0.037635440188074076,0.17543905131645188,52.84,0.18
2024-01-16,1.26,13.84,4.07,4.22,-0.14999999999999947,1.26,1.32,1.35,-0.09000000000000008,12.7,0.15293666200115685,0.1919674145936427,0.04247160211054912,0.19324471621171702,52.84,0.18
2024-01-17,1.26,14.79,4.1,4.34,-0.2400000000000002,1.26,1.3,1.31,-0.050000000000000044,13.84,0.1254582801569437,0.19062093101254327,0.06432924258385886,0.17322154869736806,52.84,0.18
2024-01-18,1.24,14.13,4.14,4.34,-0.20000000000000018,1.26,1.28,1.31,-0.07000000000000006,14.79,0.12375635249380883,0.19119381312330364,0.06241723786876907,0.1885483771398455,52.84,0.18
2024-01-19,1.24,13.3,4.15,4.39,-0.23999999999999932,1.24,1.27,1.31,-0.07000000000000006,14.13,0.12768929392668374,0.19126935841449627,0.06982419328691969,0.2101394963326595,52.84,0.18
2024-01-22,1.24,13.19,4.11,4.37,-0.2599999999999998,1.24,1.26,1.32,-0.08000000000000007,13.3,0.13110516451856213,0.1920221733031478,0.062288909266892345,0.1991874922133341,52.84,0.18
2024-01-23,1.24,12.55,4.14,4.31,-0.16999999999999993,1.24,1.26,1.33,-0.09000000000000008,13.19,0.1262975007828376,0.18897352227073935,0.07630464801612624,0.22358827150101668,52.84,0.18
2024-01-24,1.23,13.14,4.18,4.34,-0.16000000000000014,1.24,1.26,1.33,-0.10000000000000009,12.55,0.12693721088984006,0.18909597658955057,0.0776891511481419,0.2248785483381015,52.84,0.18
2024-01-25,1.22,13.45,4.14,4.28,-0.14000000000000057,1.23,1.24,1.33,-0.1100000000000001,13.14,0.12711050480907593,0.18915786419655015,0.08086412350616934,0.2273977785254322,52.84,0.18
2024-01-26,1.21,13.26,4.15,4.34,-0.1899999999999995,1.22,1.24,1.32,-0.1100000000000001,13.45,0.12829471960619332,0.18110691200261975,0.07812433455293633,0.18809951310304673,52.84,0.18
2024-01-29,1.22,13.6,4.08,4.29,-0.20999999999999996,1.21,1.24,1.31,-0.09000000000000008,13.26,0.13196312464066032,0.16297115387969768,0.09530288507421192,0.252101446216211,52.84,0.18
2024-01-30,1.23,13.31,4.06,4.36,-0.3000000000000007,1.22,1.24,1.29,-0.06000000000000005,13.6,0.13423010485949033,0.16340229823543348,0.08876022754044022,0.24137932335390389,52.84,0.18
2024-01-31,1.26,14.35,3.99,4.27,-0.27999999999999936,1.23,1.23,1.29,-0.030000000000000027,13.31,0.17204236337459883,0.16970583588216853,0.05728115489876995,0.1810707072234734,52.84,0.18
2024-02-01,1.28,13.88,3.87,4.2,-0.33000000000000007,1.26,1.22,1.31,-0.030000000000000027,14.35,0.16661054214228618,0.17165082936012815,0.08873740705408362,0.19665072144499685,52.84,0.18
2024-02-02,1.25,13.85,4.03,4.36,-0.33000000000000007,1.28,1.21,1.34,-0.09000000000000008,13.88,0.17270403556851938,0.16944198375597466,0.109606069472451,0.1906686158396793,52.84,0.18
2024-02-05,1.24,13.67,4.17,4.46,-0.29000000000000004,1.25,1.22,1.34,-0.10000000000000009,13.85,0.17964053439402888,0.17239417456123224,0.10248948659200896,0.16695386763071896,52.84,0.18
2024-02-06,1.24,13.06,4.09,4.39,-0.2999999999999998,1.24,1.23,1.33,-0.09000000000000008,13.67,0.17959628409469822,0.17119388655229836,0.10262390237408736,0.15168073165383467,52.84,0.18
2024-02-07,1.24,12.83,4.09,4.41,-0.3200000000000003,1.24,1.26,1.32,-0.08000000000000007,13.06,0.18197017809374774,0.17452803626263852,0.10504675217012616,0.16368977327821987,52.84,0.18
2024-02-08,1.23,12.79,4.15,4.46,-0.3099999999999996,1.24,1.28,1.3,-0.07000000000000006,12.83,0.1825921033049316,0.17367454288227946,0.10197172226905171,0.1509458071644474,52.84,0.18
2024-02-09,1.24,12.93,4.17,4.48,-0.3100000000000005,1.23,1.25,1.28,-0.040000000000000036,12.79,0.17997930113294833,0.17540471996251816,0.09870162711040731,0.16025213568852759,52.84,0.18
2024-02-12,1.24,13.93,4.17,4.46,-0.29000000000000004,1.24,1.24,1.27,-0.030000000000000027,12.93,0.18949216164836058,0.17698965884724008,0.07963480908420428,0.15362999395018972,52.84,0.18
2024-02-13,1.22,15.85,4.31,4.64,-0.33000000000000007,1.24,1.24,1.26,-0.040000000000000036,13.93,0.20700801284633075,0.17728775293706825,0.04594960914004109,0.10137351702991149,52.84,0.18
2024-02-14,1.22,14.38,4.27,4.56,-0.29000000000000004,1.22,1.24,1.26,-0.040000000000000036,15.85,0.2084749263275763,0.17690160309629685,0.05118804766412954,0.12108608361627016,52.84,0.18
2024-02-15,1.2,14.01,4.24,4.56,-0.3199999999999994,1.22,1.23,1.26,-0.06000000000000005,14.38,0.21060635807274578,0.17706693044587918,0.04581066680057355,0.10227279982660398,52.84,0.18
2024-02-16,1.19,14.24,4.3,4.64,-0.33999999999999986,1.2,1.24,1.24,-0.050000000000000044,14.01,0.20980096433924195,0.1777319379850185,0.027768637302371557,0.09505002975677379,52.84,0.18
2024-02-20,1.19,15.42,4.27,4.59,-0.3200000000000003,1.19,1.24,1.24,-0.050000000000000044,14.24,0.20655507204856888,0.17492241856714194,0.01220279091352916,0.07274576423926882,52.84,0.18
2024-02-21,1.18,15.34,4.32,4.64,-0.3199999999999994,1.19,1.22,1.24,-0.06000000000000005,15.42,0.20554831995334719,0.17116879169988286,0.016175530977480257,0.08942480323585422,52.84,0.18
2024-02-22,1.16,14.54,4.33,4.69,-0.3600000000000003,1.18,1.22,1.24,-0.08000000000000007,15.34,0.21959370227578065,0.17264152169748062,0.03387126384291861,0.09265380258827816,52.84,0.18
2024-02-23,1.18,13.75,4.26,4.67,-0.41000000000000014,1.16,1.2,1.23,-0.050000000000000044,14.54,0.21844769427920585,0.17087080021770984,0.021211238599656346,0.10193474861365348,52.84,0.18
2024-02-26,1.2,13.74,4.28,4.69,-0.41000000000000014,1.18,1.19,1.22,-0.020000000000000018,13.75,0.219411937031949,0.1701446477426736,0.008456067781649423,0.0805707330478902,52.84,0.18
2024-02-27,1.2,13.43,4.31,4.7,-0.39000000000000057,1.2,1.19,1.21,-0.010000000000000009,13.74,0.21918975965310367,0.1701003015902544,0.01065407156701137,0.08161408657856195,52.84,0.18
2024-02-28,1.22,13.84,4.27,4.64,-0.3700000000000001,1.2,1.18,1.22,0.0,13.43,0.2134305522280528,0.17006541191890054,-0.0030410631029875734,0.07887794859331976,52.84,0.18
2024-02-29,1.24,13.4,4.25,4.64,-0.3899999999999997,1.22,1.16,1.23,0.010000000000000009,13.84,0.21899696080871475,0.1710724223680255,0.014231712275937447,0.08284524862975995,52.84,0.18
2024-03-01,1.25,13.11,4.19,4.54,-0.34999999999999964,1.24,1.18,1.26,-0.010000000000000009,13.4,0.19459481785603622,0.1696070969038823,0.047005382408346286,0.09876837185276499,52.84,0.18
2024-03-04,1.24,13.49,4.22,4.61,-0.39000000000000057,1.25,1.2,1.28,-0.040000000000000036,13.11,0.18873899214058054,0.16968748592106386,0.02948958026527415,0.09706083003894594,52.84,0.18
2024-03-05,1.25,14.46,4.13,4.54,-0.41000000000000014,1.24,1.2,1.25,0.0,13.49,0.20673028856670406,0.1788923517201221,-0.019029994488424906,0.0771262923236351,52.84,0.18
2024-03-06,1.25,14.5,4.11,4.55,-0.4399999999999995,1.25,1.22,1.24,0.010000000000000009,14.46,0.20153594724520363,0.17616205997766166,-0.0069430122155108576,0.09127586516312691,52.84,0.18
2024-03-07,1.24,14.44,4.09,4.5,-0.41000000000000014,1.25,1.24,1.24,0.0,14.5,0.21073808309048725,0.1784339375245298,0.010867485683562217,0.1003345078036959,52.84,0.18
2024-03-08,1.23,14.74,4.09,4.48,-0.39000000000000057,1.24,1.25,1.24,-0.010000000000000009,14.44,0.1984559882754463,0.17777296170943083,-0.017096338106649567,0.10350125019096934,52.84,0.18
2024-03-11,1.23,15.22,4.1,4.51,-0.41000000000000014,1.23,1.24,1.23,0.0,14.74,0.19877754340379516,0.17793875958795954,-0.021351508572867828,0.09251409521648046,52.84,0.18
2024-03-12,1.21,13.84,4.16,4.58,-0.41999999999999993,1.23,1.25,1.24,-0.030000000000000027,15.22,0.21347581006888847,0.18435832382073705,-0.01070515389401494,0.11174387213913706,52.84,0.18
2024-03-13,1.19,13.75,4.19,4.61,-0.41999999999999993,1.21,1.25,1.24,-0.050000000000000044,13.84,0.20886036314826018,0.18338728404541246,0.0014632789424262604,0.12003141282727237,52.84,0.18
2024-03-14,1.17,14.4,4.29,4.68,-0.3899999999999997,1.19,1.24,1.22,-0.050000000000000044,13.75,0.2093593785748635,0.18843107042081556,0.04845034946613214,0.13789824423612207,52.84,0.18
2024-03-15,1.17,14.41,4.31,4.72,-0.41000000000000014,1.17,1.23,1.22,-0.050000000000000044,14.4,0.22200586372197884,0.19384536135249847,0.01692368134941491,0.11437922831839265,52.84,0.18
2024-03-18,1.15,14.33,4.34,4.73,-0.39000000000000057,1.17,1.23,1.2,-0.050000000000000044,14.41,0.22008821174968943,0.18742881219453916,0.026465820761156333,0.14254563260419695,52.84,0.18
2024-03-19,1.15,13.82,4.3,4.68,-0.3799999999999999,1.15,1.21,1.19,-0.040000000000000036,14.33,0.22018862756498395,0.1867587957895959,0.0429393541715859,0.13880541849440453,52.84,0.18
2024-03-20,1.16,13.04,4.27,4.59,-0.3200000000000003,1.15,1.19,1.19,-0.030000000000000027,13.82,0.22058964938237724,0.18717757808703842,0.055711459475319414,0.14320780566411484,52.84,0.18
2024-03-21,1.14,12.92,4.27,4.62,-0.35000000000000053,1.16,1.17,1.18,-0.040000000000000036,13.04,0.22133769256704142,0.1877793208988759,0.06760649822665377,0.15245131803785417,52.84,0.18
2024-03-22,1.15,13.06,4.22,4.59,-0.3700000000000001,1.14,1.17,1.16,-0.010000000000000009,12.92,0.20900036461491134,0.18697213759276302,0.04151571993761394,0.15895749778830637,52.84,0.18
2024-03-25,1.15,13.19,4.25,4.54,-0.29000000000000004,1.15,1.15,1.18,-0.030000000000000027,13.06,0.21539137630314747,0.1893784163346331,0.030511233230650747,0.13412735790451435,52.84,0.18
2024-03-26,1.16,13.24,4.24,4.56,-0.3199999999999994,1.15,1.15,1.2,-0.040000000000000036,13.19,0.21388961202679035,0.18962831281968057,0.034622276894124004,0.12774240354001876,52.84,0.18
2024-03-27,1.16,12.78,4.2,4.54,-0.33999999999999986,1.16,1.16,1.2,-0.040000000000000036,13.24,0.21393448325691072,0.18966185782595063,0.0342347668089531,0.12691331825442353,52.84,0.18
2024-03-28,1.15,13.01,4.2,4.59,-0.3899999999999997,1.16,1.14,1.22,-0.07000000000000006,12.78,0.2142268162517549,0.1896703439048817,0.03188458489180279,0.1267890738135844,52.84,0.18
2024-04-01,1.16,13.65,4.33,4.72,-0.3899999999999997,1.15,1.15,1.24,-0.08000000000000007,13.01,0.21092349395660132,0.19019943661663186,0.026424009538805304,0.13343399844882864,52.84,0.18
2024-04-02,1.16,14.61,4.36,4.7,-0.33999999999999986,1.16,1.15,1.25,-0.09000000000000008,13.65,0.21267595887701177,0.1911328896018946,0.014296059992442656,0.12280449894860301,52.84,0.18
2024-04-03,1.14,14.33,4.36,4.68,-0.3199999999999994,1.16,1.16,1.24,-0.10000000000000009,14.61,0.2128233922812114,0.18868070629383477,0.01332781004426109,0.13578220967890586,52.84,0.18
2024-04-04,1.15,16.35,4.31,4.65,-0.34000000000000075,1.14,1.16,1.25,-0.10000000000000009,14.33,0.18436910686411567,0.18931410745161925,0.037824761287068576,0.12966215679101922,52.84,0.18
2024-04-05,1.14,16.03,4.39,4.73,-0.34000000000000075,1.15,1.15,1.25,-0.1100000000000001,16.35,0.1924526917815299,0.1911329383557377,0.05827050764716213,0.15863147336878924,52.84,0.18
2024-04-08,1.13,15.19,4.42,4.78,-0.3600000000000003,1.14,1.16,1.24,-0.1100000000000001,16.03,0.185386115193725,0.19126595572945018,0.0377621689127603,0.15669661650584232,52.84,0.18
2024-04-09,1.13,14.98,4.36,4.74,-0.3799999999999999,1.13,1.16,1.23,-0.10000000000000009,15.19,0.1825887731849821,0.1883452148759884,0.04938206909198217,0.1397910557989568,52.84,0.18
2024-04-10,1.11,15.8,4.55,4.97,-0.41999999999999993,1.13,1.14,1.23,-0.11999999999999988,14.98,0.18416796359400794,0.18923901154185901,0.04632646226683912,0.12840341085384033,52.84,0.18
2024-04-11,1.11,14.91,4.56,4.93,-0.3700000000000001,1.11,1.15,1.21,-0.09999999999999987,15.8,0.16511616803380932,0.1871422470581722,0.030461369442064345,0.12004953365727489,52.84,0.18
2024-04-12,1.13,17.31,4.5,4.88,-0.3799999999999999,1.11,1.14,1.19,-0.06000000000000005,14.91,0.17366845189700184,0.18973170617702828,0.016381439136435416,0.09892646739071642,52.84,0.18
2024-04-15,1.15,19.23,4.63,4.93,-0.2999999999999998,1.13,1.13,1.17,-0.020000000000000018,17.31,0.16511327314201557,0.1935757342883366,-0.027233079112554237,0.06676172426047144,52.84,0.18
2024-04-16,1.17,18.4,4.67,4.97,-0.2999999999999998,1.15,1.13,1.17,0.0,19.23,0.14948266314781736,0.19345808428872507,-0.0044187877353787375,0.06425443226038707,52.84,0.18
2024-04-17,1.17,18.21,4.59,4.93,-0.33999999999999986,1.17,1.11,1.15,0.020000000000000018,18.4,0.15084151438473115,0.19397036914958202,-0.013131399231245844,0.0593924930834695,52.84,0.18
2024-04-18,1.17,18.0,4.64,4.98,-0.34000000000000075,1.17,1.11,1.15,0.020000000000000018,18.21,0.15781946609961034,0.19662379063731797,-0.04067309596999191,0.028302852661149958,52.84,0.18
2024-04-19,1.17,18.71,4.62,4.97,-0.34999999999999964,1.17,1.13,1.16,0.010000000000000009,18.0,0.15675373029756232,0.19693113204754348,-0.061402131935885396,0.0029801306454639853,52.84,0.18
2024-04-22,1.16,16.94,4.62,4.97,-0.34999999999999964,1.17,1.15,1.14,0.020000000000000018,18.71,0.15246717601809098,0.19680556866711574,-0.06616683905958554,0.013092810971680358,52.84,0.18
2024-04-23,1.14,15.69,4.61,4.86,-0.25,1.16,1.17,1.15,-0.010000000000000009,16.94,0.1670406675866795,0.19914403124668903,-0.04937716536559833,0.023624179082617713,52.84,0.18
2024-04-24,1.14,15.97,4.65,4.89,-0.23999999999999932,1.14,1.17,1.15,-0.010000000000000009,15.69,0.16294522065022207,0.19846569829192093,-0.032635014104023585,0.018025554414001332,52.84,0.18
2024-04-25,1.14,15.37,4.7,4.96,-0.2599999999999998,1.14,1.17,1.16,-0.020000000000000018,15.97,0.18136680613409606,0.20426246461681966,-0.05362254565683633,-0.012577102147704022,52.84,0.18
2024-04-26,1.13,15.03,4.67,4.96,-0.29000000000000004,1.14,1.17,1.16,-0.030000000000000027,15.37,0.19514843299642773,0.20747705264223607,-0.03585398213984392,0.007777074913273063,52.84,0.18
2024-04-29,1.12,14.67,4.63,4.97,-0.33999999999999986,1.13,1.16,1.15,-0.029999999999999805,15.03,0.19728183689531997,0.20645137700064486,-0.04390093441093934,-0.01641637644719851,52.84,0.18
2024-04-30,1.14,15.65,4.69,5.04,-0.34999999999999964,1.12,1.14,1.16,-0.020000000000000018,14.67,0.2183976104187523,0.21606937761856557,-0.08300166647180474,-0.04537559193383589,52.84,0.18
2024-05-01,1.14,15.39,4.63,4.96,-0.33000000000000007,1.14,1.14,1.16,-0.020000000000000018,15.65,0.22705661528067644,0.21138898436131617,-0.06287961853362278,-0.004803050265637987,52.84,0.18
2024-05-02,1.13,14.68,4.58,4.87,-0.29000000000000004,1.14,1.14,1.14,-0.010000000000000009,15.39,0.2298660750306007,0.20955273594253102,-0.05377573164908722,-0.01288898186445886,52.84,0.18
2024-05-03,1.11,13.49,4.5,4.81,-0.3099999999999996,1.13,1.13,1.15,-0.039999999999999813,14.68,0.2447091869549881,0.2110280362926424,-0.02684994179191913,-0.009260291664310749,52.84,0.18
2024-05-06,1.1,13.49,4.49,4.82,-0.33000000000000007,1.11,1.12,1.14,-0.039999999999999813,13.49,0.24338394235296204,0.2119094893701527,-0.02815375694484845,0.02133549405501811,52.84,0.18
2024-05-07,1.1,13.23,4.47,4.82,-0.35000000000000053,1.1,1.14,1.13,-0.029999999999999805,13.49,0.2453298922960907,0.21295932427631623,-0.035917145357598046,0.011361511023930904,52.84,0.18
2024-05-08,1.11,13.0,4.48,4.84,-0.35999999999999943,1.1,1.14,1.13,-0.019999999999999796,13.23,0.24505468536633138,0.2087907188100788,-0.03692411559687925,-0.006643585945446784,52.84,0.18
2024-05-09,1.11,12.69,4.45,4.8,-0.34999999999999964,1.11,1.13,1.11,0.0,13.0,0.2450722020737729,0.20897238652015634,-0.02584693322889009,-0.0024810791198641713,52.84,0.18
2024-05-10,1.12,12.55,4.5,4.87,-0.3700000000000001,1.11,1.11,1.11,0.010000000000000009,12.69,0.24248138806240446,0.20693970548958568,-0.030822703148350672,-0.011991470127471815,52.84,0.18
2024-05-13,1.12,13.6,4.48,4.85,-0.3699999999999992,1.12,1.1,1.13,-0.009999999999999787,12.55,0.2381058220790776,0.20544532533808438,-0.019388457540570614,-0.00186621515881924,52.84,0.18
2024-05-14,1.12,13.42,4.45,4.81,-0.35999999999999943,1.12,1.1,1.15,-0.029999999999999805,13.6,0.22932125156304456,0.2011249570988765,0.00705926717591332,0.02709754934401265,52.84,0.18
2024-05-15,1.12,12.45,4.36,4.73,-0.3700000000000001,1.12,1.11,1.17,-0.04999999999999982,13.42,0.23678966453854391,0.20317012075456461,0.022343574499558816,0.03505141907942044,52.84,0.18
2024-05-16,1.11,12.42,4.38,4.78,-0.40000000000000036,1.12,1.11,1.17,-0.05999999999999983,12.45,0.23616957157023505,0.20287334519022177,0.024061087172912776,0.0373604540952317,52.84,0.18
2024-05-17,1.11,11.99,4.42,4.83,-0.41000000000000014,1.11,1.12,1.17,-0.05999999999999983,12.42,0.22557144522052044,0.20246854113558194,0.041303862452188644,0.04184511317369077,52.84,0.18
2024-05-20,1.1,12.15,4.44,4.82,-0.3799999999999999,1.11,1.12,1.17,-0.06999999999999984,11.99,0.2215143960028771,0.20359936900689707,0.06761678864021103,0.057889225125764554,52.84,0.18
2024-05-21,1.1,11.86,4.41,4.82,-0.41000000000000014,1.1,1.12,1.16,-0.05999999999999983,12.15,0.2222906279604693,0.20411588188860882,0.07196204834868003,0.0687100916235226,52.84,0.18
2024-05-22,1.11,12.29,4.43,4.86,-0.4300000000000006,1.1,1.12,1.14,-0.029999999999999805,11.86,0.21715536078201228,0.1990421435225121,0.058214600109614434,0.04772623943924903,52.84,0.18
2024-05-23,1.1,12.77,4.47,4.91,-0.4400000000000004,1.11,1.11,1.14,-0.039999999999999813,12.29,0.2204032474924332,0.19969957578555295,0.04573951757272732,0.04247731704307589,52.84,0.18
2024-05-24,1.1,11.93,4.46,4.93,-0.46999999999999975,1.1,1.11,1.14,-0.039999999999999813,12.77,0.1982660585741796,0.19953652831889138,0.07993146805556939,0.05740754975575202,52.84,0.18
2024-05-28,1.09,12.92,4.54,4.94,-0.40000000000000036,1.1,1.1,1.13,-0.039999999999999813,11.93,0.19134154689295127,0.19952747225467135,0.06097699638687537,0.05795674707093945,52.84,0.18
2024-05-29,1.09,14.28,4.61,4.96,-0.34999999999999964,1.09,1.1,1.12,-0.030000000000000027,12.92,0.18673429130064365,0.19965953231750738,0.06884812099762772,0.054508334265577885,52.84,0.18
2024-05-30,1.09,14.47,4.55,4.92,-0.3700000000000001,1.09,1.11,1.14,-0.04999999999999982,14.28,0.19075711050064692,0.20942238163582103,0.06700749949481533,0.004298515101322842,52.84,0.18
2024-05-31,1.1,12.92,4.51,4.89,-0.3799999999999999,1.09,1.1,1.14,-0.039999999999999813,14.47,0.18639048670911396,0.20924638498305076,0.05301753586524893,0.000911606871922821,52.84,0.18
2024-06-03,1.1,13.11,4.41,4.82,-0.41000000000000014,1.1,1.1,1.13,-0.029999999999999805,12.92,0.18679187491610297,0.209377399632908,0.041287513374894,-0.001576706357278801,52.84,0.18
2024-06-04,1.11,13.16,4.33,4.77,-0.4399999999999995,1.1,1.09,1.11,0.0,13.11,0.17270864686149093,0.20084541213943422,0.02498514362885884,0.035193203198594425,52.84,0.18
2024-06-05,1.13,12.63,4.29,4.72,-0.4299999999999997,1.11,1.09,1.1,0.029999999999999805,13.16,0.17532902337863038,0.20415583237900806,0.027167244803419033,0.056417082154504916,52.84,0.18
2024-06-06,1.13,12.58,4.28,4.72,-0.4399999999999995,1.13,1.09,1.1,0.029999999999999805,12.63,0.17029091068292715,0.20135863983474,0.038954730514118685,0.03946248249114759,52.84,0.18
2024-06-07,1.12,12.22,4.43,4.87,-0.4400000000000004,1.13,1.1,1.11,0.010000000000000009,12.58,0.1706551007552585,0.20078606897785028,0.034283009651288054,0.04528215878824682,52.84,0.18
2024-06-10,1.12,12.74,4.47,4.87,-0.40000000000000036,1.12,1.1,1.11,0.010000000000000009,12.22,0.17259250516970617,0.20127223711475534,0.03958505599788609,0.059630472336287266,52.84,0.18
2024-06-11,1.12,12.85,4.39,4.81,-0.41999999999999993,1.12,1.11,1.12,0.0,12.74,0.1751312452177202,0.1955964064019496,0.04513767222756737,0.04377874717173036,52.84,0.18
2024-06-12,1.12,12.04,4.31,4.75,-0.4400000000000004,1.12,1.13,1.12,0.0,12.85,0.18397156709829338,0.19908527968302372,0.0680063418960215,0.06445561678187572,52.84,0.18
2024-06-13,1.14,11.94,4.24,4.68,-0.4399999999999995,1.12,1.13,1.12,0.019999999999999796,12.04,0.18359941113049863,0.19336958612852018,0.061975541036681125,0.040347286085092415,52.84,0.18
2024-06-14,1.17,12.66,4.2,4.67,-0.46999999999999975,1.14,1.12,1.12,0.04999999999999982,11.94,0.17580385230861773,0.18843221947845615,0.046066964437150526,0.06471421194168014,52.84,0.18
2024-06-17,1.17,12.75,4.28,4.75,-0.46999999999999975,1.17,1.12,1.11,0.05999999999999983,12.66,0.17766557546127265,0.18995597120651686,0.06503739263256025,0.07634141430101393,52.84,0.18
2024-06-18,1.17,12.3,4.22,4.69,-0.47000000000000064,1.17,1.12,1.11,0.05999999999999983,12.75,0.17883628248602693,0.18949211177235692,0.06218322974074386,0.061068798271061375,52.84,0.18
2024-06-20,1.18,13.28,4.25,4.7,-0.4500000000000002,1.17,1.12,1.1,0.07999999999999985,12.3,0.1761495642073061,0.18884087618463377,0.047867700737026286,0.050029285954648284,52.84,0.18
2024-06-21,1.18,13.2,4.25,4.7,-0.4500000000000002,1.18,1.14,1.1,0.07999999999999985,13.28,0.17636521184783735,0.18873308790297066,0.04834054069446614,0.04942421871656699,52.84,0.18
2024-06-24,1.18,13.33,4.25,4.71,-0.45999999999999996,1.18,1.17,1.11,0.06999999999999984,13.2,0.17794978408796963,0.18900293849293076,0.039835592641326745,0.0460360936063815,52.84,0.18
2024-06-25,1.18,12.84,4.23,4.65,-0.41999999999999993,1.18,1.17,1.1,0.07999999999999985,13.33,0.17494298023546329,0.18711765253142779,0.056089051152099056,0.06835213930869588,52.84,0.18
2024-06-26,1.18,12.55,4.32,4.71,-0.3899999999999997,1.18,1.17,1.1,0.07999999999999985,12.84,0.1740936118456523,0.18696682259152247,0.05114382612019486,0.07429294965043876,52.84,0.18
2024-06-27,1.18,12.24,4.29,4.7,-0.41000000000000014,1.18,1.18,1.09,0.08999999999999986,12.55,0.17396710304286275,0.18693472934462427,0.05235634984639859,0.07649398025758303,52.84,0.18
2024-06-28,1.17,12.44,4.36,4.71,-0.34999999999999964,1.18,1.18,1.09,0.07999999999999985,12.24,0.18138075513114385,0.18902103173654025,0.04142881234757234,0.06426181594714642,52.84,0.18
2024-07-01,1.16,12.22,4.48,4.77,-0.28999999999999915,1.17,1.18,1.09,0.06999999999999984,12.44,0.14102289038238483,0.19291091790951742,0.10142994036613051,0.07768762550173314,52.84,0.18
2024-07-02,1.15,12.03,4.43,4.74,-0.3100000000000005,1.16,1.18,1.1,0.04999999999999982,12.22,0.14045861902104353,0.19229342541031383,0.10635216759839228,0.09175296002371591,52.84,0.18
2024-07-03,1.15,12.09,4.36,4.71,-0.34999999999999964,1.15,1.18,1.1,0.04999999999999982,12.03,0.1369988905347989,0.19216762298065068,0.11426288827393849,0.09787376983734819,52.84,0.18
2024-07-05,1.15,12.48,4.28,4.6,-0.3199999999999994,1.15,1.18,1.11,0.039999999999999813,12.09,0.14092049684925584,0.1933067215738725,0.12375318765284082,0.12090374533779213,52.84,0.18
2024-07-08,1.14,12.37,4.28,4.62,-0.33999999999999986,1.15,1.17,1.13,0.010000000000000009,12.48,0.13482861971075016,0.1906206937499057,0.09959674977988286,0.09767094665775256,52.84,0.18
2024-07-09,1.14,12.51,4.3,4.62,-0.3200000000000003,1.14,1.16,1.13,0.010000000000000009,12.37,0.149695095686261,0.1931327742672725,0.08249332117750119,0.08426692417407211,52.84,0.18
2024-07-10,1.14,12.85,4.28,4.62,-0.33999999999999986,1.14,1.15,1.12,0.019999999999999796,12.51,0.15279860467880665,0.19487919698987954,0.10003532689859829,0.09573751554460119,52.84,0.18
2024-07-11,1.15,12.92,4.2,4.5,-0.2999999999999998,1.14,1.15,1.12,0.029999999999999805,12.85,0.18223098848538594,0.20116524578515832,0.0627060229843579,0.0762182986846367,52.84,0.18
2024-07-12,1.14,12.46,4.18,4.45,-0.27000000000000046,1.15,1.15,1.12,0.019999999999999796,12.92,0.1805848843721023,0.20031018833010378,0.048234320321677515,0.0617813904078488,52.84,0.18
2024-07-15,1.14,13.12,4.23,4.44,-0.20999999999999996,1.14,1.14,1.12,0.019999999999999796,12.46,0.1695991105331361,0.19794014254535244,0.02924770683119937,0.07793045052770542,52.84,0.18
2024-07-16,1.14,13.19,4.17,4.43,-0.2599999999999998,1.14,1.14,1.14,0.0,13.12,0.17399431838160723,0.19468932828567323,0.017980879988428677,0.08870236337427229,52.84,0.18
2024-07-17,1.15,14.48,4.16,4.42,-0.2599999999999998,1.14,1.14,1.17,-0.020000000000000018,13.19,0.18073644142691173,0.1969064923192717,0.00214660017738888,0.0717354993379471,52.84,0.18
2024-07-18,1.15,15.93,4.2,4.46,-0.2599999999999998,1.15,1.15,1.17,-0.020000000000000018,14.48,0.17599909223929777,0.19698822353201798,-0.01784240992393038,0.07120328759620098,52.84,0.18
2024-07-19,1.15,16.52,4.25,4.49,-0.2400000000000002,1.15,1.14,1.17,-0.020000000000000018,15.93,0.17704550469560046,0.1937571671603675,-0.020679309789731648,0.08318303543678351,52.84,0.18
2024-07-22,1.15,14.91,4.26,4.5,-0.2400000000000002,1.15,1.14,1.18,-0.030000000000000027,16.52,0.18378757883985267,0.19307193653712093,-0.006192630897615903,0.11179332242395623,52.84,0.18
2024-07-23,1.15,14.72,4.25,4.4,-0.15000000000000036,1.15,1.14,1.18,-0.030000000000000027,14.91,0.1814220683586214,0.19305495926083474,-0.01096090175492992,0.11146361723836629,52.84,0.18
2024-07-24,1.18,18.04,4.28,4.37,-0.08999999999999986,1.15,1.15,1.18,0.0,14.72,0.2188353544426059,0.20484005500713248,-0.04192817800181836,0.054232729916226186,52.84,0.18
2024-07-25,1.17,18.46,4.27,4.41,-0.14000000000000057,1.18,1.15,1.18,-0.010000000000000009,18.04,0.2293401546952868,0.21095199783719815,-0.07218090422757706,0.02467789336187365,52.84,0.18
2024-07-26,1.17,16.39,4.2,4.36,-0.16000000000000014,1.17,1.15,1.18,-0.010000000000000009,18.46,0.23872169984590116,0.20710385657484282,-0.05947023016916808,0.06765487282966509,52.84,0.18
2024-07-29,1.17,16.6,4.17,4.36,-0.1900000000000004,1.17,1.15,1.18,-0.010000000000000009,16.39,0.2392487364409376,0.20422602260599287,-0.05767912293626265,0.05212564574144474,52.84,0.18
2024-07-30,1.18,17.69,4.15,4.35,-0.1999999999999993,1.17,1.15,1.17,0.010000000000000009,16.6,0.23743671912614445,0.20400127302818485,-0.053764552569662394,0.05328233426870321,52.84,0.18
2024-07-31,1.2,16.36,4.09,4.29,-0.20000000000000018,1.18,1.18,1.16,0.040000000000000036,17.69,0.2215782118252147,0.1941948540941772,-0.08403222488124784,0.07647647821323122,52.84,0.18
2024-08-01,1.23,18.59,3.99,4.16,-0.16999999999999993,1.2,1.17,1.15,0.08000000000000007,16.36,0.21884422014696178,0.19250896683298124,-0.09181758673358065,0.058039988815107524,52.84,0.18
2024-08-02,1.3,23.39,3.8,3.88,-0.08000000000000007,1.23,1.17,1.15,0.15000000000000013,18.59,0.22382219205710788,0.1968410207269909,-0.1134621441553828,0.02862153345098184,52.84,0.18
2024-08-05,1.37,38.57,3.78,3.89,-0.11000000000000032,1.3,1.17,1.15,0.2200000000000002,23.39,0.22963972981016695,0.20278815431959393,-0.15486782098114515,-0.02655112972806517,52.84,0.18
2024-08-06,1.32,27.71,3.9,3.99,-0.0900000000000003,1.37,1.18,1.14,0.18000000000000016,38.57,0.2385823047860289,0.2011455806853065,-0.14290925738541005,-0.031941921327195644,52.84,0.18
2024-08-07,1.31,27.85,3.96,4.0,-0.040000000000000036,1.32,1.2,1.14,0.17000000000000015,27.71,0.23753966735448984,0.200244551665765,-0.1329809101609657,-0.024896960657320166,52.84,0.18
2024-08-08,1.29,23.79,3.99,4.04,-0.04999999999999982,1.31,1.23,1.14,0.15000000000000013,27.85,0.23348117546222089,0.20135536891051653,-0.136321653318201,-0.01735181915669559,52.84,0.18
2024-08-09,1.28,20.37,3.94,4.05,-0.10999999999999988,1.29,1.3,1.15,0.13000000000000012,23.79,0.22954723514720532,0.20186838474659863,-0.10705962092249655,-0.013503310334078478,52.84,0.18
2024-08-12,1.29,20.71,3.9,4.01,-0.10999999999999988,1.28,1.37,1.14,0.15000000000000013,20.37,0.23074251027210824,0.20154628437377137,-0.10305363631806919,-0.017351149015574663,52.84,0.18
2024-08-13,1.28,18.12,3.85,3.93,-0.08000000000000007,1.29,1.32,1.14,0.14000000000000012,20.71,0.24321311321314998,0.20463554380837964,-0.08800333530445525,0.0025060210788878656,52.84,0.18
2024-08-14,1.26,16.19,3.83,3.94,-0.10999999999999988,1.28,1.31,1.14,0.1200000000000001,18.12,0.24529267574435193,0.20463814187585255,-0.07265526541259648,0.0025253101927276145,52.84,0.18
2024-08-15,1.22,15.23,3.92,4.08,-0.16000000000000014,1.26,1.29,1.15,0.07000000000000006,16.19,0.24800511811306358,0.2029927562084123,-0.04899713990583143,-0.0030518599055572304,52.84,0.18
2024-08-16,1.21,14.8,3.89,4.06,-0.16999999999999948,1.22,1.28,1.15,0.06000000000000005,15.23,0.2477794778582149,0.20311904966315233,-0.04801825033740015,-0.004194190421402899,52.84,0.18
2024-08-19,1.21,14.65,3.86,4.06,-0.19999999999999973,1.21,1.29,1.15,0.06000000000000005,14.8,0.24914345290522522,0.2036031460969068,-0.033904902617401644,0.004949523224807573,52.84,0.18
2024-08-20,1.22,15.88,3.82,3.99,-0.17000000000000037,1.21,1.28,1.15,0.07000000000000006,14.65,0.24567545778812822,0.20272531768926969,-0.039225079001390606,0.0005304833011929855,52.84,0.18
2024-08-21,1.22,16.27,3.79,3.92,-0.1299999999999999,1.22,1.26,1.15,0.07000000000000006,15.88,0.24467846994124098,0.2019912389063698,-0.044836646378657474,-0.009639084046950352,52.84,0.18
2024-08-22,1.21,17.55,3.86,3.99,-0.13000000000000034,1.22,1.22,1.18,0.030000000000000027,16.27,0.22249601815651926,0.20583691704055027,-0.029379860111014233,-0.033032128189460774,52.84,0.18
2024-08-23,1.2,15.86,3.81,3.9,-0.08999999999999986,1.21,1.21,1.17,0.030000000000000027,17.55,0.20622641467880176,0.20534378582791943,-0.002052451960803503,-0.022151526238622155,52.84,0.18
2024-08-26,1.19,16.15,3.82,3.91,-0.0900000000000003,1.2,1.21,1.17,0.020000000000000018,15.86,0.19888818291763083,0.2053026903658588,-0.025947486815191878,-0.037020456523793044,52.84,0.18
2024-08-27,1.19,15.43,3.83,3.83,0.0,1.19,1.22,1.17,0.020000000000000018,16.15,0.19833394323169481,0.20531321800551555,-0.028458632272759132,-0.03656385353729208,52.84,0.18
2024-08-28,1.19,17.11,3.84,3.83,0.009999999999999787,1.19,1.22,1.18,0.010000000000000009,15.43,0.1978369743058506,0.20579261462800466,-0.02738081394711034,-0.04154520505295678,52.84,0.18
2024-08-29,1.19,15.65,3.87,3.87,0.0,1.19,1.21,1.2,-0.010000000000000009,17.11,0.19622138341949302,0.19481450904530787,-0.010721580337401226,-0.001942395273745845,52.84,0.18
2024-08-30,1.18,15.0,3.91,3.91,0.0,1.19,1.2,1.23,-0.050000000000000044,15.65,0.19907090155619145,0.19576695849618828,0.0018745280125480601,0.00665305021870477,52.84,0.18
2024-09-03,1.22,20.72,3.84,3.88,-0.040000000000000036,1.18,1.19,1.3,-0.08000000000000007,15.0,0.1962885009714807,0.19913860194821603,0.004132253932735974,-0.008081778028564912,52.84,0.18
2024-09-04,1.23,21.32,3.77,3.76,0.010000000000000231,1.22,1.19,1.37,-0.14000000000000012,20.72,0.15592056682794878,0.19875104588234715,0.03666200619903237,-0.015461380039583972,52.84,0.18
2024-09-05,1.23,19.9,3.73,3.75,-0.020000000000000018,1.23,1.19,1.32,-0.09000000000000008,21.32,0.15227606819747863,0.1948676839049265,0.02381348784421844,-0.0351026836418864,52.84,0.18
2024-09-06,1.24,22.38,3.72,3.66,0.06000000000000005,1.23,1.19,1.31,-0.07000000000000006,19.9,0.16354041278546297,0.19740291622010653,0.010024463600641687,-0.05204924204918304,52.84,0.18
2024-09-09,1.23,19.45,3.7,3.68,0.020000000000000018,1.24,1.18,1.29,-0.06000000000000005,22.38,0.1630205290800223,0.19856698154241997,0.009340274198694543,-0.041049330755586144,52.84,0.18
2024-09-10,1.25,19.08,3.65,3.59,0.06000000000000005,1.23,1.22,1.28,-0.030000000000000027,19.45,0.17597108079029578,0.2022003712642204,0.021985637365611765,-0.030203981549593584,52.84,0.18
2024-09-11,1.25,17.69,3.65,3.62,0.029999999999999805,1.25,1.23,1.29,-0.040000000000000036,19.08,0.18946351577180304,0.2055467097451881,0.041769939010171564,-0.020517525335588815,52.84,0.18
2024-09-12,1.24,17.07,3.68,3.64,0.040000000000000036,1.25,1.23,1.28,-0.040000000000000036,17.69,0.1828551723949778,0.20261906249030023,0.033234884559580236,-0.03013291932252027,52.84,0.18
2024-09-13,1.23,16.56,3.66,3.57,0.0900000000000003,1.24,1.24,1.26,-0.030000000000000027,17.07,0.18348276622575585,0.20336312539362955,0.03479835868012371,-0.023130471997486857,52.84,0.18
2024-09-16,1.22,17.14,3.63,3.56,0.06999999999999984,1.23,1.23,1.22,0.0,16.56,0.17975551122871422,0.20334027128727356,0.02448756486034598,-0.02361798330285414,52.84,0.18
2024-09-17,1.2,17.61,3.65,3.59,0.06000000000000005,1.22,1.25,1.21,-0.010000000000000009,17.14,0.1795541348142732,0.20237287658167172,0.039859500041427465,-0.027735421826642348,52.84,0.18
2024-09-18,1.19,18.23,3.7,3.61,0.0900000000000003,1.2,1.25,1.21,-0.020000000000000018,17.61,0.18297005450538403,0.203119779287872,0.022015021464885765,-0.03305429817375749,52.84,0.18
2024-09-19,1.16,16.33,3.73,3.59,0.14000000000000012,1.19,1.24,1.22,-0.06000000000000005,18.23,0.19124989995030608,0.20653462819952134,0.03269780315382609,-0.013954117140134947,52.84,0.18
2024-09-20,1.17,16.15,3.73,3.55,0.18000000000000016,1.16,1.23,1.22,-0.050000000000000044,16.33,0.19375388220642456,0.20621652793749906,0.0262414732664078,-0.030515938284850774,52.84,0.18
2024-09-23,1.16,15.89,3.75,3.57,0.18000000000000016,1.17,1.22,1.21,-0.050000000000000044,16.15,0.1785712373882214,0.20616591508261808,0.04321982972675853,-0.02988504555893645,52.84,0.18
2024-09-24,1.15,15.39,3.74,3.49,0.25,1.16,1.2,1.2,-0.050000000000000044,15.89,0.1833498931978815,0.2064414413784224,0.029703238000955645,-0.04658254092497982,52.84,0.18
2024-09-25,1.15,15.41,3.79,3.53,0.26000000000000023,1.15,1.19,1.19,-0.040000000000000036,15.39,0.18095587405952857,0.20688455895293392,0.045031258339502056,-0.04262033504150786,52.84,0.18
2024-09-26,1.15,15.37,3.79,3.6,0.18999999999999995,1.15,1.16,1.19,-0.040000000000000036,15.41,0.1814435527838162,0.20685328985501433,0.042214438595989945,-0.04584881095146709,52.84,0.18
2024-09-27,1.15,16.96,3.75,3.55,0.20000000000000018,1.15,1.17,1.19,-0.040000000000000036,15.37,0.18130723100056223,0.20582028476699182,0.04242550294451086,-0.04062792403442894,52.84,0.18
2024-09-30,1.16,16.73,3.81,3.66,0.1499999999999999,1.15,1.16,1.19,-0.030000000000000027,16.96,0.18109824708854472,0.20108745320338725,0.04158594658147652,-0.056169859867735594,52.84,0.18
2024-10-01,1.16,19.26,3.74,3.61,0.13000000000000034,1.16,1.15,1.18,-0.020000000000000018,16.73,0.1972064243625106,0.2051739391610727,0.008510298459596166,-0.08237178192084005,52.84,0.18
2024-10-02,1.15,18.9,3.79,3.63,0.16000000000000014,1.16,1.15,1.22,-0.07000000000000006,19.26,0.18793411913330196,0.2054602162594114,0.01878171325673539,-0.09307923989460476,52.84,0.18
2024-10-03,1.13,20.49,3.85,3.7,0.1499999999999999,1.15,1.15,1.23,-0.10000000000000009,18.9,0.18794894832786657,0.2028053182604825,0.018684348643328352,-0.10751391514769837,52.84,0.18
2024-10-04,1.1,19.21,3.98,3.93,0.04999999999999982,1.13,1.15,1.23,-0.1299999999999999,20.49,0.1879352833903431,0.20279600885365334,0.018781013745633013,-0.1060185778863566,52.84,0.18
2024-10-07,1.09,22.64,4.03,3.99,0.040000000000000036,1.1,1.16,1.24,-0.1499999999999999,19.21,0.18712375820517058,0.20314275067531878,0.019517062778549255,-0.10719821222227843,52.84,0.18
2024-10-08,1.09,21.42,4.04,3.98,0.06000000000000005,1.09,1.16,1.23,-0.1399999999999999,22.64,0.1889238013958177,0.20253463718350584,0.022158110366989225,-0.10893843130150205,52.84,0.18
2024-10-09,1.08,20.86,4.06,3.99,0.0699999999999994,1.09,1.15,1.25,-0.16999999999999993,21.42,0.17612297837368077,0.19770568009733303,0.007870399082142265,-0.0802454498196905,52.84,0.18
2024-10-10,1.07,20.93,4.09,3.98,0.10999999999999988,1.08,1.13,1.25,-0.17999999999999994,20.86,0.1592569664679594,0.19775967584254356,-0.01701946321171055,-0.0814914279615635,52.84,0.18
2024-10-11,1.06,20.46,4.08,3.95,0.1299999999999999,1.07,1.1,1.24,-0.17999999999999994,20.93,0.15516454262089152,0.1977714973837457,-0.025011565301982897,-0.08126179871105121,52.84,0.18
2024-10-14,1.06,19.7,4.08,3.95,0.1299999999999999,1.06,1.09,1.23,-0.16999999999999993,20.46,0.15399402378823557,0.1976465109944935,-0.026591232356876215,-0.06590253108500899,52.84,0.18
2024-10-15,1.05,20.64,4.03,3.95,0.08000000000000007,1.06,1.09,1.22,-0.16999999999999993,19.7,0.15361951549581843,0.19604859092239324,-0.029211141492882398,-0.05416953638467681,52.84,0.18
2024-10-16,1.05,19.58,4.02,3.93,0.08999999999999941,1.05,1.08,1.2,-0.1499999999999999,20.64,0.1498435326830286,0.19594554136620718,-0.04373202354965555,-0.053364256267495525,52.84,0.18
2024-10-17,1.04,19.11,4.09,3.96,0.1299999999999999,1.05,1.07,1.19,-0.1499999999999999,19.58,0.14747017467538087,0.19553118494591298,-0.032705974035169505,-0.044928989902098926,52.84,0.18
2024-10-18,1.05,18.03,4.08,3.95,0.1299999999999999,1.04,1.06,1.16,-0.10999999999999988,19.11,0.13028530915455858,0.19364678066800087,-0.04679841889444225,-0.054242780033342264,52.84,0.18
2024-10-21,1.07,18.37,4.19,4.02,0.17000000000000082,1.05,1.06,1.17,-0.09999999999999987,18.03,0.12926731089283625,0.193425070879743,-0.03788460537229987,-0.05690731309065733,52.84,0.18
2024-10-22,1.07,18.2,4.2,4.03,0.16999999999999993,1.07,1.05,1.16,-0.08999999999999986,18.37,0.15079937295745677,0.18477428403244262,-0.013840521665916206,-0.0014443224095693763,52.84,0.18
2024-10-23,1.08,19.24,4.24,4.07,0.16999999999999993,1.07,1.05,1.15,-0.06999999999999984,18.2,0.14867868198710657,0.17851438408191894,-0.010648504951170978,0.01664752626830235,52.84,0.18
2024-10-24,1.08,19.08,4.21,4.07,0.13999999999999968,1.08,1.04,1.15,-0.06999999999999984,19.24,0.14632980534577641,0.17549276986681997,-0.01707892390439869,0.000530425190374606,52.84,0.18
2024-10-25,1.07,20.33,4.25,4.11,0.13999999999999968,1.08,1.05,1.15,-0.07999999999999985,19.08,0.14940502223606683,0.17609480204714414,-0.007326468028083566,0.005135993398930339,52.84,0.18
2024-10-28,1.06,19.8,4.28,4.12,0.16000000000000014,1.07,1.07,1.15,-0.08999999999999986,20.33,0.1475715512743374,0.17530379604944718,-0.003340787601821771,0.010495876290921524,52.84,0.18
2024-10-29,1.06,19.34,4.28,4.11,0.16999999999999993,1.06,1.07,1.16,-0.09999999999999987,19.8,0.15296783409559622,0.17555725251569212,0.003834671720630567,0.034369815856103436,52.84,0.18
2024-10-30,1.06,20.35,4.29,4.15,0.13999999999999968,1.06,1.08,1.16,-0.09999999999999987,19.34,0.12909630472965908,0.17541343919969993,0.028144280536289035,0.038837782250720876,52.84,0.18
2024-10-31,1.08,23.16,4.28,4.16,0.1200000000000001,1.06,1.08,1.15,-0.06999999999999984,20.35,0.24914834247362297,0.20985186440675999,-0.025843267471878595,-0.0034458669737399417,52.84,0.18
2024-11-01,1.07,21.88,4.37,4.21,0.16000000000000014,1.08,1.07,1.13,-0.05999999999999983,23.16,0.25204527071130506,0.19993212221918166,-0.01481250277492141,0.04038889308962368,52.84,0.18
2024-11-04,1.07,21.98,4.31,4.17,0.13999999999999968,1.07,1.06,1.1,-0.030000000000000027,21.88,0.2524359005591095,0.19904386159404838,-0.018266488322607355,0.023989033213292155,52.84,0.18
2024-11-05,1.06,20.49,4.26,4.19,0.0699999999999994,1.07,1.06,1.09,-0.030000000000000027,21.98,0.24784804473805094,0.19939246073035302,0.0046881753147030025,0.03456476286656285,52.84,0.18
2024-11-06,1.01,16.27,4.42,4.27,0.15000000000000036,1.06,1.06,1.09,-0.08000000000000007,20.49,0.2548760873374776,0.20262851320254446,0.013189970295039544,0.045313510277573466,52.84,0.18
2024-11-07,0.99,15.2,4.31,4.21,0.09999999999999964,1.01,1.08,1.08,-0.09000000000000008,16.27,0.25737780703965035,0.20343745090475554,0.019091691029696323,0.0496940689857126,52.84,0.18
2024-11-08,0.98,14.94,4.3,4.26,0.040000000000000036,0.99,1.07,1.07,-0.09000000000000008,15.2,0.25827413052292325,0.20399650484479062,0.016111871804721734,0.04053876819508595,52.84,0.18
2024-11-11,0.98,14.97,4.3,4.26,0.040000000000000036,0.98,1.07,1.06,-0.08000000000000007,14.94,0.2613789601022433,0.2022900585782478,0.004059254917293087,0.011481323956581413,52.84,0.18
2024-11-12,0.97,14.71,4.43,4.34,0.08999999999999986,0.98,1.06,1.06,-0.09000000000000008,14.97,0.26362606072382144,0.2032295320447442,0.00928085167004955,0.01663022801204317,52.84,0.18
2024-11-13,0.99,14.02,4.44,4.27,0.17000000000000082,0.97,1.01,1.05,-0.06000000000000005,14.71,0.2640235718857404,0.20213061192068757,0.015427170099014509,0.009904377119586583,52.84,0.18
2024-11-14,1.0,14.31,4.43,4.34,0.08999999999999986,0.99,0.99,1.05,-0.050000000000000044,14.02,0.26292302767366205,0.2018534179719127,0.02588202839802345,0.020121023621053835,52.84,0.18
2024-11-15,1.01,16.14,4.43,4.31,0.1200000000000001,1.0,0.98,1.04,-0.030000000000000027,14.31,0.2817089219626438,0.2090796148102258,-0.004127373954987079,-0.015491251883469226,52.84,0.18
2024-11-18,1.0,15.58,4.42,4.29,0.1299999999999999,1.01,0.98,1.05,-0.050000000000000044,16.14,0.2815108510125525,0.20850252564176155,-0.005739360682193384,-0.021280470990934997,52.84,0.18
2024-11-19,1.0,16.35,4.39,4.27,0.1200000000000001,1.0,0.97,1.07,-0.07000000000000006,15.58,0.28200077951349556,0.20873684239061752,-0.002363991423130929,-0.014971396966659722,52.84,0.18
2024-11-20,1.01,17.16,4.41,4.31,0.10000000000000053,1.0,0.99,1.07,-0.06000000000000005,16.35,0.2721056160512462,0.2050156957540044,-0.02811633862899443,-0.00014443536027264336,52.84,0.18
2024-11-21,1.01,16.87,4.43,4.34,0.08999999999999986,1.01,1.0,1.08,-0.07000000000000006,17.16,0.271596938667837,0.20511545724465696,-0.025679679882028128,-0.007422438997794822,52.84,0.18
2024-11-22,1.0,15.24,4.41,4.37,0.040000000000000036,1.01,1.01,1.08,-0.08000000000000007,16.87,0.27429123153138185,0.20544735607971953,-0.016234560183300606,0.010507380725425008,52.84,0.18
2024-11-25,1.0,14.6,4.27,4.21,0.05999999999999961,1.0,1.0,1.07,-0.07000000000000006,15.24,0.2730978032782351,0.2056035959144708,-0.01990364315300097,0.013986802816877253,52.84,0.18
2024-11-26,1.01,14.1,4.3,4.21,0.08999999999999986,1.0,1.0,1.06,-0.050000000000000044,14.6,0.2839480780156364,0.2094140392035293,0.005289977103375865,0.044438965328323476,52.84,0.18
2024-11-27,1.02,14.1,4.25,4.19,0.05999999999999961,1.01,1.01,1.06,-0.040000000000000036,14.1,0.2832896764561244,0.210589576020797,-0.018783114902829245,0.025940835845801313,52.84,0.18
2024-11-29,1.02,13.51,4.18,4.13,0.04999999999999982,1.02,1.01,1.06,-0.040000000000000036,14.1,0.28326928348420377,0.20975692283395625,-0.01901004734291767,0.017182689383395067,52.84,0.18
2024-12-02,1.01,13.34,4.19,4.17,0.020000000000000462,1.02,1.0,1.08,-0.07000000000000006,13.51,0.18940070889953606,0.209057301883143,0.06273592320895904,0.05471552421650494,52.84,0.18
2024-12-03,1.0,13.3,4.23,4.17,0.0600000000000005,1.01,1.0,1.07,-0.07000000000000006,13.34,0.1878617605194488,0.20900923859523873,0.05286230360804156,0.05664743192706023,52.84,0.18
2024-12-04,1.01,13.45,4.19,4.13,0.0600000000000005,1.0,1.01,1.07,-0.06000000000000005,13.3,0.19028794207230904,0.21067967786873584,0.07304392876344834,0.07322791529492445,52.84,0.18
2024-12-05,1.01,13.54,4.17,4.15,0.019999999999999574,1.01,1.02,1.06,-0.050000000000000044,13.45,0.1921074008338668,0.20866229752918095,0.07788360267958594,0.10407265763503615,52.84,0.18
2024-12-06,1.02,12.77,4.15,4.1,0.05000000000000071,1.01,1.02,1.01,0.010000000000000009,13.54,0.18121065419249088,0.2079751146259689,0.05777981168569757,0.0954794496154836,52.84,0.18
2024-12-09,1.01,14.19,4.2,4.13,0.07000000000000028,1.02,1.01,0.99,0.020000000000000018,12.77,0.17806443484938594,0.20439798622031916,0.050496715656050295,0.0789781495908044,52.84,0.18
2024-12-10,1.0,14.18,4.22,4.15,0.0699999999999994,1.01,1.0,0.98,0.020000000000000018,14.19,0.17758734109817062,0.20078293928886434,0.05130242439777333,0.05005998802647915,52.84,0.18
2024-12-11,0.98,13.58,4.26,4.15,0.10999999999999943,1.0,1.01,0.98,0.0,14.18,0.17425453454887524,0.2014837862818205,0.07626318193447923,0.05360371049883583,52.84,0.18
2024-12-12,0.99,13.92,4.32,4.18,0.14000000000000057,0.98,1.01,0.97,0.020000000000000018,13.58,0.17164771856278868,0.20090907912118702,0.0648412858109273,0.04614568636481331,52.84,0.18
2024-12-13,0.98,13.81,4.4,4.25,0.15000000000000036,0.99,1.02,0.99,-0.010000000000000009,13.92,0.17372943100270533,0.20124320113074495,0.05401048500119421,0.03900704981006364,52.84,0.18
2024-12-16,0.98,14.69,4.39,4.25,0.13999999999999968,0.98,1.01,1.0,-0.020000000000000018,13.81,0.17541805933095955,0.20138575742341228,0.059977792083535375,0.039857432886617916,52.84,0.18
2024-12-17,0.99,15.87,4.4,4.25,0.15000000000000036,0.98,1.0,1.01,-0.020000000000000018,14.69,0.13549533384261003,0.20051395400576943,0.09727624027507642,0.057008003759898784,52.84,0.18
2024-12-18,0.98,27.62,4.5,4.35,0.15000000000000036,0.99,0.98,1.0,-0.020000000000000018,15.87,0.19898322246102398,0.21169562859128885,0.054130925709057864,-0.0009676403173471959,52.84,0.18
2024-12-19,1.02,24.09,4.57,4.32,0.25,0.98,0.99,1.0,0.020000000000000018,27.62,0.1991361407923004,0.21110059213485105,0.04814563911728609,0.006053118657354695,52.84,0.18
2024-12-20,1.02,18.36,4.52,4.3,0.21999999999999975,1.02,0.98,1.01,0.010000000000000009,24.09,0.19750758956353487,0.2109401660983947,0.05291080779267032,0.00914371088646937,52.84,0.18
2024-12-23,1.02,16.78,4.59,4.3,0.29000000000000004,1.02,0.98,1.01,0.010000000000000009,18.36,0.19701742381577006,0.21002633847227195,0.054205855362888355,0.016196742997294455,52.84,0.18
2024-12-24,1.01,14.27,4.59,4.29,0.2999999999999998,1.02,0.99,1.0,0.010000000000000009,16.78,0.19673098519641333,0.21040446459016354,0.0535490697137071,0.01874379584944519,52.84,0.18
2024-12-26,1.0,14.73,4.58,4.3,0.28000000000000025,1.01,0.98,1.0,0.0,14.27,0.19746981976921377,0.21045254985169976,0.04613285210742468,0.0177990888891435,52.84,0.18
2024-12-27,1.0,15.95,4.62,4.31,0.3100000000000005,1.0,1.02,1.01,-0.010000000000000009,14.73,0.1948364889408006,0.212822366475971,0.005934783899899099,0.007877763846408259,52.84,0.18
2024-12-30,1.01,17.4,4.55,4.24,0.3099999999999996,1.0,1.02,1.02,-0.010000000000000009,15.95,0.1961190332409819,0.2142442814476648,0.004349889194887879,-0.010735918448147586,52.84,0.18
2024-12-31,1.02,17.35,4.58,4.25,0.33000000000000007,1.01,1.02,1.02,0.0,17.4,0.19808179172817628,0.21004514928448242,-0.004628551973414163,0.003930855228336139,52.84,0.18
2025-01-02,1.02,17.93,4.57,4.25,0.3200000000000003,1.02,1.01,1.01,0.010000000000000009,17.35,0.18817807776274856,0.2098116898482377,-0.028771828728288318,0.0054847043947061636,52.84,0.18
2025-01-03,1.02,16.13,4.6,4.28,0.3199999999999994,1.02,1.0,1.0,0.020000000000000018,17.93,0.19322367421323777,0.21097846210394453,-0.01820503177291255,0.01838330316714254,52.84,0.18
2025-01-06,1.03,16.04,4.62,4.28,0.33999999999999986,1.02,1.0,1.01,0.020000000000000018,16.13,0.1898731465188585,0.21194487892779923,-0.02187825091208684,0.03039569005979237,52.84,0.18
2025-01-07,1.04,17.82,4.67,4.3,0.3700000000000001,1.03,1.01,1.01,0.030000000000000027,16.04,0.18804222924763966,0.21112938213716068,-0.045750306757264325,0.033392214147543564,52.84,0.18
2025-01-08,1.03,17.7,4.67,4.28,0.3899999999999997,1.04,1.02,1.02,0.010000000000000009,17.82,0.1892100497542024,0.20992970335638556,-0.04285681537635444,0.025800879981536795,52.84,0.18
2025-01-10,1.03,19.54,4.77,4.4,0.3699999999999992,1.03,1.02,1.01,0.020000000000000018,17.7,0.1909289744309938,0.21131821278216845,-0.06069240729024605,0.005578067578471346,52.84,0.18
2025-01-13,1.04,19.19,4.79,4.4,0.3899999999999997,1.03,1.02,1.0,0.040000000000000036,19.54,0.19065673003216177,0.21134419902534962,-0.05896272805230107,0.005254478122687756,52.84,0.18
2025-01-14,1.04,18.71,4.78,4.37,0.41000000000000014,1.04,1.03,0.98,0.06000000000000005,19.19,0.18203164894679905,0.2114713392301209,-0.07421104607552698,0.00043717677099985863,52.84,0.18
2025-01-15,1.03,16.12,4.66,4.27,0.39000000000000057,1.04,1.04,0.99,0.040000000000000036,18.71,0.2079036887538757,0.21716185909323488,-0.0517171787511822,0.01914223076631827,52.84,0.18
2025-01-16,1.03,16.6,4.61,4.23,0.3799999999999999,1.03,1.03,0.98,0.050000000000000044,16.12,0.20776823049527424,0.21732887217257452,-0.05073001017933154,0.015976031197488805,52.84,0.18
2025-01-17,1.02,15.97,4.61,4.27,0.34000000000000075,1.03,1.03,0.98,0.040000000000000036,16.6,0.2083879140614016,0.21783975885218113,-0.04995684328962635,0.033088488161505,52.84,0.18
2025-01-21,1.02,15.06,4.57,4.29,0.28000000000000025,1.02,1.04,0.99,0.030000000000000027,15.97,0.20603601889773723,0.21786405262378528,-0.057122664050088146,0.030326729940027386,52.84,0.18
2025-01-22,1.01,15.1,4.6,4.29,0.3099999999999996,1.02,1.04,0.98,0.030000000000000027,15.06,0.21872266966354803,0.23255964579749888,0.020142242612438688,0.06919158764613553,52.84,0.18
2025-01-23,1.0,15.02,4.65,4.29,0.3600000000000003,1.01,1.03,1.02,-0.020000000000000018,15.1,0.21861773999362544,0.23255877726535812,0.022149548636539507,0.06882890231469907,52.84,0.18
2025-01-24,1.0,14.85,4.63,4.27,0.3600000000000003,1.0,1.03,1.02,-0.020000000000000018,15.02,0.21988979532758904,0.22949377059049722,0.017086604348355072,0.040791649580744105,52.84,0.18
2025-01-27,1.01,17.9,4.53,4.17,0.3600000000000003,1.0,1.02,1.02,-0.010000000000000009,14.85,0.23283199739421984,0.23326637636949604,-0.0015852788035558563,0.02550589241319523,52.84,0.18
2025-01-28,1.0,16.41,4.55,4.19,0.35999999999999943,1.01,1.02,1.01,-0.010000000000000009,17.9,0.2520273098335427,0.24016552047715628,0.01791365873607975,0.05501168890077812,52.84,0.18
2025-01-29,1.01,16.56,4.55,4.21,0.33999999999999986,1.0,1.01,1.0,0.010000000000000009,16.41,0.25509321020886716,0.2408801710236482,0.009632371666900452,0.035187173726948906,52.84,0.18
2025-01-30,1.01,15.84,4.52,4.18,0.33999999999999986,1.01,1.0,1.0,0.010000000000000009,16.56,0.32999601772903153,0.2712796130283499,-0.03609506420832642,-0.025245200003126467,52.84,0.18
2025-01-31,1.02,16.43,4.58,4.22,0.3600000000000003,1.01,1.0,1.01,0.010000000000000009,15.84,0.32726441603063927,0.2700276988431672,-0.022997341054381337,-0.037178466431235235,52.84,0.18
2025-02-03,1.03,18.62,4.54,4.26,0.28000000000000025,1.02,1.01,1.02,0.010000000000000009,16.43,0.3279177805435522,0.2706690405393615,-0.025100682788340323,-0.0480601567133091,52.84,0.18
2025-02-04,1.03,17.21,4.52,4.21,0.3099999999999996,1.03,1.0,1.02,0.010000000000000009,18.62,0.32753823765072115,0.24184324933313292,-0.014835862094552343,0.01684609766173284,52.84,0.18
2025-02-05,1.03,15.77,4.43,4.17,0.2599999999999998,1.03,1.01,1.02,0.010000000000000009,17.21,0.3248697957080784,0.24110267904169166,-0.023762774312598656,0.009131453018357938,52.84,0.18
2025-02-06,1.04,15.5,4.45,4.21,0.2400000000000002,1.03,1.01,1.03,0.010000000000000009,15.77,0.32321759479156387,0.24117337289503846,-0.028117310286061015,0.020056586449744174,52.84,0.18
2025-02-07,1.04,16.54,4.49,4.29,0.20000000000000018,1.04,1.02,1.04,0.0,15.5,0.32408862382065484,0.2426047919601087,-0.02987907789738309,-0.002162628849038173,52.84,0.18
2025-02-10,1.04,15.81,4.51,4.28,0.22999999999999954,1.04,1.03,1.03,0.010000000000000009,16.54,0.32431238174379245,0.23911188732035468,-0.029065453389516827,-0.016980485873267726,52.84,0.18
2025-02-11,1.03,16.02,4.54,4.29,0.25,1.04,1.03,1.03,0.0,15.81,0.32138736763431613,0.2377447248853038,-0.017925741980049148,-0.030948497283463827,52.84,0.18
2025-02-12,1.01,15.89,4.62,4.36,0.2599999999999998,1.03,1.03,1.04,-0.030000000000000027,16.02,0.3216633686847578,0.23764734483195588,-0.019535546176723373,-0.030012038836427002,52.84,0.18
2025-02-13,1.0,15.1,4.52,4.31,0.20999999999999996,1.01,1.04,1.04,-0.040000000000000036,15.89,0.3218291430833073,0.2368415577216111,-0.012341603791746314,-0.015904516912051858,52.84,0.18
2025-02-14,1.0,14.77,4.47,4.26,0.20999999999999996,1.0,1.04,1.03,-0.030000000000000027,15.1,0.3078631735746444,0.23574574868501,-0.04194130831856391,-0.03258040551384622,52.84,0.18
2025-02-18,0.98,15.35,4.55,4.29,0.2599999999999998,1.0,1.04,1.03,-0.050000000000000044,14.77,0.3081910890308394,0.23557832946028504,-0.03518769122423937,-0.034666188590461555,52.84,0.18
2025-02-19,0.99,15.27,4.53,4.28,0.25,0.98,1.03,1.02,-0.030000000000000027,15.35,0.3092725429759651,0.23684796186087803,-0.03323786560610775,-0.02644670226616075,52.84,0.18
2025-02-20,0.99,15.66,4.5,4.28,0.21999999999999975,0.99,1.01,1.02,-0.030000000000000027,15.27,0.3101480587652086,0.23037259774239707,-0.02692088204906362,0.006744637166076872,52.84,0.18
2025-02-21,1.01,18.21,4.42,4.19,0.22999999999999954,0.99,1.0,1.01,0.0,15.66,0.2745507356880732,0.23353371425459693,-0.08330682151456359,-0.014221627478165577,52.84,0.18
2025-02-24,1.01,18.98,4.4,4.13,0.27000000000000046,1.01,1.0,1.0,0.010000000000000009,18.21,0.2747213907159062,0.23418737882928795,-0.0937967709498333,-0.02912866591353047,52.84,0.18
2025-02-25,1.03,19.43,4.3,4.07,0.22999999999999954,1.01,0.98,1.0,0.030000000000000027,18.98,0.27713417897090603,0.23582425700974927,-0.1021532717839233,-0.038494611574748205,52.84,0.18
2025-02-26,1.04,19.1,4.25,4.05,0.20000000000000018,1.03,0.99,1.01,0.030000000000000027,19.43,0.2723105156486366,0.23591394948021926,-0.07830557296295493,-0.02988468328727112,52.84,0.18
2025-02-27,1.05,21.13,4.29,4.07,0.21999999999999975,1.04,0.99,1.0,0.050000000000000044,19.1,0.24863669757766418,0.23755435753717719,-0.1204895525629528,-0.05679365730785535,52.84,0.18
2025-02-28,1.09,19.63,4.24,3.99,0.25,1.05,1.01,1.01,0.08000000000000007,21.13,0.2549626619699278,0.23859087374342505,-0.10070310990329345,-0.05015399812778654,52.84,0.18
2025-03-03,1.1,22.78,4.16,3.96,0.20000000000000018,1.09,1.01,1.01,0.09000000000000008,19.63,0.16331061729216648,0.23760824196466063,-0.061979908931299454,-0.09047179710546638,52.84,0.18
2025-03-04,1.11,23.51,4.22,3.96,0.2599999999999998,1.1,1.03,1.02,0.09000000000000008,22.78,0.16334551226276486,0.23670621193115374,-0.061848448436291115,-0.07943643315205029,52.84,0.18
2025-03-05,1.08,21.93,4.28,3.99,0.29000000000000004,1.11,1.04,1.03,0.050000000000000044,23.51,0.20093845385960324,0.2457841004506347,-0.02213559280347288,-0.05109314522440178,52.84,0.18
2025-03-06,1.09,24.87,4.29,3.96,0.33000000000000007,1.08,1.05,1.03,0.06000000000000005,21.93,0.20272242452201444,0.24360961146515456,-0.035609163356258855,-0.0772523658550448,52.84,0.18
2025-03-07,1.1,23.37,4.32,3.99,0.33000000000000007,1.09,1.09,1.03,0.07000000000000006,24.87,0.203754055051487,0.24408946313855698,-0.046435585197328266,-0.08604207771631478,52.84,0.18
2025-03-10,1.13,27.86,4.22,3.89,0.3299999999999996,1.1,1.1,1.04,0.08999999999999986,23.37,0.22806398710938025,0.2502400609866911,-0.08392508905698559,-0.12916123791351042,52.84,0.18
2025-03-11,1.16,26.92,4.28,3.94,0.3400000000000003,1.13,1.11,1.04,0.11999999999999988,27.86,0.22531813905379364,0.24870242032693893,-0.0696452816454185,-0.138735663022429,52.84,0.18
2025-03-12,1.17,24.23,4.32,4.01,0.3100000000000005,1.16,1.08,1.04,0.1299999999999999,26.92,0.2260926218988655,0.24930271156871825,-0.06836521896817482,-0.13421001263579668,52.84,0.18
2025-03-13,1.2,24.66,4.27,3.94,0.3299999999999996,1.17,1.09,1.03,0.16999999999999993,24.23,0.22790346463850272,0.24953040268689633,-0.07755812367729675,-0.14907522022957742,52.84,0.18
2025-03-14,1.16,21.77,4.31,4.02,0.29000000000000004,1.2,1.1,1.01,0.1499999999999999,24.66,0.24962217591305713,0.2557317225644072,-0.04816371740746417,-0.12178483214063462,52.84,0.18
2025-03-17,1.15,20.51,4.31,4.06,0.25,1.16,1.13,1.0,0.1499999999999999,21.77,0.24889964409453227,0.254031661299534,-0.051299669842797435,-0.13254329853254743,52.84,0.18
2025-03-18,1.15,21.7,4.29,4.04,0.25,1.15,1.16,1.0,0.1499999999999999,20.51,0.2516408916509661,0.25491412627532256,-0.05910687266619474,-0.14518862122547305,52.84,0.18
2025-03-19,1.13,19.9,4.25,3.99,0.2599999999999998,1.15,1.17,0.98,0.1499999999999999,21.7,0.25560329779111135,0.2562854897553039,-0.05136792096247722,-0.1311788321710965,52.84,0.18
2025-03-20,1.13,19.8,4.24,3.95,0.29000000000000004,1.13,1.2,0.99,0.1399999999999999,19.9,0.24979427333520993,0.2551693471557267,-0.06546834457908679,-0.14166468225402906,52.84,0.18
2025-03-21,1.14,19.28,4.25,3.94,0.31000000000000005,1.13,1.16,0.99,0.1499999999999999,19.8,0.2532713148547777,0.2560678933666316,-0.059764921351755484,-0.13733972507483883,52.84,0.18
2025-03-24,1.12,17.48,4.34,4.04,0.2999999999999998,1.14,1.15,1.01,0.1100000000000001,19.28,0.2473757744037904,0.24610744775616983,-0.03706424299037259,-0.0995034675132721,52.84,0.18
2025-03-25,1.12,17.15,4.31,3.96,0.34999999999999964,1.12,1.15,1.01,0.1100000000000001,17.48,0.24641919472581936,0.24648372744939523,-0.02188108506713582,-0.09399268537163874,52.84,0.18
2025-03-26,1.13,18.33,4.35,3.98,0.36999999999999966,1.12,1.13,1.03,0.09999999999999987,17.15,0.24508675799172028,0.24758647623064273,-0.019929551210078333,-0.10501154459284245,52.84,0.18
2025-03-27,1.14,18.69,4.38,3.97,0.4099999999999997,1.13,1.13,1.04,0.09999999999999987,18.33,0.24446203895597035,0.24765052957614056,-0.022890582766660894,-0.10083139176265266,52.84,0.18
2025-03-28,1.17,21.65,4.27,3.89,0.37999999999999945,1.14,1.14,1.05,0.11999999999999988,18.69,0.25834822511925193,0.2531146778741953,-0.03497817927736813,-0.1360490666189368,52.84,0.18
2025-03-31,1.2,22.28,4.23,3.89,0.3400000000000003,1.17,1.12,1.09,0.10999999999999988,21.65,0.25511750146335,0.2534790311391326,-0.05440940078093004,-0.14144226685278216,52.84,0.18
2025-04-01,1.21,21.77,4.17,3.87,0.2999999999999998,1.2,1.12,1.1,0.10999999999999988,22.28,0.25501589344138964,0.25484787111315704,-0.016216555516188724,-0.11050020078856837,52.84,0.18
2025-04-02,1.19,21.51,4.2,3.91,0.29000000000000004,1.21,1.13,1.11,0.07999999999999985,21.77,0.25499949818545675,0.253787788141441,-0.01664898609868981,-0.09868351004031206,52.84,0.18
2025-04-03,1.3,30.02,4.06,3.71,0.34999999999999964,1.19,1.14,1.08,0.21999999999999997,21.51,0.23751146272337287,0.2573260744742895,-0.06959755806167545,-0.1130293554174252,52.84,0.18
2025-04-04,1.41,45.31,4.01,3.68,0.3299999999999996,1.3,1.17,1.09,0.31999999999999984,30.02,0.26175391997079894,0.2658901315716585,-0.09335082324893262,-0.1386077879608082,52.84,0.18
2025-04-07,1.48,46.98,4.15,3.73,0.4200000000000004,1.41,1.2,1.1,0.3799999999999999,45.31,0.2612760101421526,0.2645156602021546,-0.09013252237068026,-0.1529997440206402,52.84,0.18
2025-04-08,1.46,52.33,4.26,3.71,0.5499999999999998,1.48,1.21,1.13,0.33000000000000007,46.98,0.2399143675750995,0.26348993106027535,-0.06734017982370955,-0.1696367819164719,52.84,0.18
2025-04-09,1.49,33.62,4.34,3.91,0.4299999999999997,1.46,1.19,1.16,0.33000000000000007,52.33,0.4347371695359811,0.33506114222998423,0.026389783727942318,-0.07362514987140323,52.84,0.18
2025-04-10,1.46,40.72,4.4,3.84,0.5600000000000005,1.49,1.3,1.17,0.29000000000000004,33.62,0.4425696669068421,0.33778514848207497,-0.005009557851579305,-0.09997503385670292,52.84,0.18
2025-04-11,1.46,37.56,4.48,3.96,0.5200000000000005,1.46,1.41,1.2,0.26,40.72,0.4448101974409405,0.3392761807020295,0.02555637464237126,-0.07094189485129798,52.84,0.18
2025-04-14,1.43,30.89,4.38,3.84,0.54,1.46,1.48,1.16,0.27,37.56,0.4360068417620957,0.3392150569734219,-0.0019301813922567579,-0.06855968470855545,52.84,0.18
2025-04-15,1.42,30.12,4.35,3.84,0.5099999999999998,1.43,1.46,1.15,0.27,30.89,0.43643976548746605,0.33928890689082336,-0.007640887919561856,-0.07016760311584536,52.84,0.18
2025-04-16,1.41,32.64,4.29,3.77,0.52,1.42,1.49,1.15,0.26,30.12,0.45253666265625064,0.34231374101656004,-0.03105437717251791,-0.1265625346708923,52.84,0.18
2025-04-17,1.39,29.65,4.34,3.81,0.5299999999999998,1.41,1.46,1.13,0.26,32.64,0.45128100818554356,0.34270021312008714,-0.051673479608393524,-0.13204234436463314,52.84,0.18
2025-04-21,1.4,33.82,4.42,3.75,0.6699999999999999,1.39,1.46,1.13,0.27,29.65,0.4573345384858881,0.34440831732491217,-0.07165753500012872,-0.16127060224100898,52.84,0.18
2025-04-22,1.39,30.57,4.41,3.76,0.6500000000000004,1.4,1.43,1.14,0.25,33.82,0.46264260233662025,0.3477329318363937,-0.06246496613642072,-0.14222752077297796,52.84,0.18
2025-04-23,1.35,28.45,4.4,3.81,0.5900000000000003,1.39,1.42,1.12,0.22999999999999998,30.57,0.4691017565232427,0.3395833419373846,-0.04754757389877329,-0.15925439489072646,52.84,0.18
2025-04-24,1.33,26.47,4.32,3.77,0.5500000000000003,1.35,1.41,1.12,0.20999999999999996,28.45,0.4853693858599574,0.3475024446889327,-0.019890699207103513,-0.1312560898371956,52.84,0.18
2025-04-25,1.31,24.84,4.29,3.74,0.5499999999999998,1.33,1.39,1.13,0.18000000000000016,26.47,0.4848781158152746,0.34848673107057987,0.004820898677777796,-0.11580478965737873,52.84,0.18
2025-04-28,1.31,25.15,4.23,3.67,0.5600000000000005,1.31,1.4,1.14,0.17000000000000015,24.84,0.48493676869926977,0.34618593569424266,0.0014851249731522298,-0.0980661974681204,52.84,0.18
2025-04-29,1.33,24.17,4.19,3.65,0.5400000000000005,1.31,1.39,1.17,0.16000000000000014,25.15,0.47229913038719024,0.3410973620494307,0.040232290149181615,-0.11710620022191875,52.84,0.18
2025-04-30,1.37,24.7,4.17,3.6,0.5699999999999998,1.33,1.35,1.2,0.17000000000000015,24.17,0.4705111662077667,0.34072109992221306,0.052931580014458746,-0.10462206257924733,52.84,0.18
2025-05-01,1.38,24.6,4.25,3.7,0.5499999999999998,1.37,1.33,1.21,0.16999999999999993,24.7,0.5331846383865724,0.35310521953222024,0.11305886371234397,0.027140332017777657,52.84,0.18
2025-05-02,1.34,22.68,4.33,3.83,0.5,1.38,1.31,1.19,0.15000000000000013,24.6,0.5361339535187322,0.35597365313119317,0.13905888622109486,0.05081859070286687,52.84,0.18
2025-05-05,1.33,23.64,4.36,3.83,0.5300000000000002,1.34,1.31,1.3,0.030000000000000027,22.68,0.5250686585044876,0.3552746927202762,0.16901190215492545,0.06357571707473042,52.84,0.18
2025-05-06,1.33,24.76,4.3,3.78,0.52,1.33,1.33,1.41,-0.07999999999999985,23.64,0.5039557161696924,0.3555806795783987,0.20417404240460368,0.05288662280419909,52.84,0.18
2025-05-07,1.32,23.55,4.26,3.78,0.48,1.33,1.37,1.48,-0.15999999999999992,24.76,0.5022480477172843,0.3555777456081779,0.2109484306709153,0.050639745922266055,52.84,0.18
2025-05-08,1.29,22.48,4.37,3.9,0.4700000000000002,1.32,1.38,1.46,-0.16999999999999993,23.55,0.4975565647933545,0.35600951981891404,0.23581347086267157,0.05586205153889856,52.84,0.18
2025-05-09,1.29,21.9,4.37,3.88,0.4900000000000002,1.29,1.34,1.49,-0.19999999999999996,22.48,0.37265552947132197,0.3545765749245471,0.12353711447192928,0.07287298141865528,52.84,0.18
2025-05-12,1.22,18.39,4.45,3.98,0.4700000000000002,1.29,1.33,1.46,-0.24,21.9,0.36183776085208635,0.3573503300993947,0.17807793123502025,0.09204019351814519,52.84,0.18
2025-05-13,1.19,18.22,4.49,4.02,0.47000000000000064,1.22,1.33,1.46,-0.27,18.39,0.36081813806364615,0.35729979119219524,0.15623640360404645,0.09381830698030846,52.84,0.18
2025-05-14,1.18,18.62,4.53,4.05,0.4800000000000004,1.19,1.32,1.43,-0.25,18.22,0.35939922957561315,0.3572238455388873,0.16794311030082687,0.10954486382344153,52.84,0.18
2025-05-15,1.19,17.83,4.45,3.96,0.4900000000000002,1.18,1.29,1.42,-0.22999999999999998,18.62,0.35688100048986804,0.3572065261864678,0.17689020320527526,0.10798494977315909,52.84,0.18
2025-05-16,1.17,17.24,4.43,3.98,0.44999999999999973,1.19,1.29,1.41,-0.24,17.83,0.3189563207307155,0.35692381482341645,0.22468168266152655,0.11651078793672753,52.84,0.18
2025-05-19,1.16,18.14,4.46,3.97,0.48999999999999977,1.17,1.22,1.39,-0.22999999999999998,17.24,0.31039736229382436,0.35729025315046514,0.24996573955119028,0.12448537716316843,52.84,0.18
2025-05-20,1.15,18.09,4.48,3.97,0.5100000000000002,1.16,1.19,1.4,-0.25,18.14,0.2882247518478626,0.3567299081736832,0.27815535560152904,0.10888338869229952,52.84,0.18
2025-05-21,1.15,20.87,4.58,4.0,0.5800000000000001,1.15,1.18,1.39,-0.24,18.09,0.2976302745989375,0.3577681772808755,0.23603090612951005,0.08956535516302222,52.84,0.18
2025-05-22,1.16,20.28,4.54,4.0,0.54,1.15,1.19,1.35,-0.19000000000000017,20.87,0.2957011389317782,0.35535593067057697,0.21716674581919393,0.11632508700827149,52.84,0.18
2025-05-23,1.18,22.29,4.51,4.0,0.5099999999999998,1.16,1.17,1.33,-0.15000000000000013,20.28,0.28874892674297487,0.3553524910816874,0.1644886347170107,0.11635268716108027,52.84,0.18
2025-05-27,1.15,18.96,4.43,3.92,0.5099999999999998,1.18,1.16,1.31,-0.16000000000000014,22.29,0.2936874897445726,0.3561561986760733,0.17783780046582365,0.15992909369018227,52.84,0.18
2025-05-28,1.14,19.31,4.47,3.96,0.5099999999999998,1.15,1.15,1.31,-0.17000000000000015,18.96,0.2965694156641946,0.35667139669727016,0.17138664470256693,0.14627275558994146,52.84,0.18
2025-05-29,1.14,19.18,4.43,3.92,0.5099999999999998,1.14,1.15,1.33,-0.19000000000000017,19.31,0.29704269724710225,0.3542482800096654,0.16618131772724798,0.1706674523751086,52.84,0.18
2025-05-30,1.15,18.57,4.41,3.89,0.52,1.14,1.16,1.37,-0.2200000000000002,19.18,0.2969431400685223,0.35382128052216283,0.1668399012314019,0.16175505060676687,52.84,0.18
2025-06-02,1.15,18.36,4.46,3.94,0.52,1.15,1.18,1.38,-0.22999999999999998,18.57,0.16032733846745548,0.3504357451275315,0.08795980974441808,0.19132565586064287,52.84,0.18
2025-06-03,1.12,17.69,4.46,3.96,0.5,1.15,1.15,1.34,-0.21999999999999997,18.36,0.14443564545731238,0.35039712667092554,0.06556688183376913,0.19353582819520665,52.84,0.18
2025-06-04,1.12,17.61,4.37,3.87,0.5,1.12,1.14,1.33,-0.20999999999999996,17.69,0.14444505967278912,0.34544602177458916,0.06545973856291165,0.158848913117827,52.84,0.18
2025-06-05,1.12,18.48,4.4,3.92,0.4800000000000004,1.12,1.14,1.33,-0.20999999999999996,17.61,0.14107307508755645,0.34462627587306444,0.08130111303608278,0.18052498414556717,52.84,0.18
2025-06-06,1.1,16.77,4.51,4.04,0.46999999999999975,1.12,1.15,1.32,-0.21999999999999997,18.48,0.14058059794050293,0.3438220263042105,0.08744328128134504,0.1981478283108291,52.84,0.18
2025-06-09,1.09,17.16,4.49,4.01,0.4800000000000004,1.1,1.15,1.29,-0.19999999999999996,16.77,0.13827773845951752,0.3357213439645708,0.08089995908447456,0.2458383421202981,52.84,0.18
2025-06-10,1.09,16.95,4.47,4.01,0.45999999999999996,1.09,1.12,1.29,-0.19999999999999996,17.16,0.1405676677506298,0.3360144044508983,0.07534148015280762,0.24006983260656378,52.84,0.18
2025-06-11,1.09,17.26,4.41,3.94,0.4700000000000002,1.09,1.12,1.22,-0.1299999999999999,16.95,0.11922773952065811,0.335926728698653,0.05392796622089979,0.23538936460846904,52.84,0.18
2025-06-12,1.1,18.02,4.36,3.9,0.4600000000000004,1.09,1.12,1.19,-0.08999999999999986,17.26,0.12429040335416,0.3350097543400732,0.06815040745313805,0.2665973870769751,52.84,0.18
2025-06-13,1.1,20.82,4.41,3.96,0.4500000000000002,1.1,1.1,1.18,-0.07999999999999985,18.02,0.12864653610151244,0.33288218107117185,0.05054077359515752,0.22460358036025196,52.84,0.18
2025-06-16,1.08,19.11,4.46,3.97,0.48999999999999977,1.1,1.09,1.19,-0.10999999999999988,20.82,0.13054961685161384,0.3329936970255534,0.057400801915297395,0.23493598258375625,52.84,0.18
2025-06-17,1.1,21.6,4.39,3.94,0.44999999999999973,1.08,1.09,1.17,-0.06999999999999984,19.11,0.1316911428556998,0.3314465633342886,0.05232572321301454,0.24874227290833706,52.84,0.18
2025-06-18,1.1,20.14,4.38,3.94,0.43999999999999995,1.1,1.09,1.16,-0.05999999999999983,21.6,0.12900452550170008,0.33110439907725203,0.046570938021696984,0.24057971681009227,52.84,0.18
2025-06-20,1.1,20.62,4.38,3.9,0.48,1.1,1.1,1.15,-0.04999999999999982,20.14,0.13147383936508136,0.33142972632251694,0.041971231904374795,0.23636752575664155,52.84,0.18
2025-06-23,1.12,19.83,4.34,3.84,0.5,1.1,1.1,1.15,-0.029999999999999805,20.62,0.13200503433833102,0.33232422821361146,0.07386698899985111,0.2444209898546017,52.84,0.18
2025-06-24,1.1,17.48,4.3,3.75,0.5499999999999998,1.12,1.08,1.16,-0.05999999999999983,19.83,0.133053074278519,0.3324562611833556,0.07749624817014156,0.2491343106055135,52.84,0.18
2025-06-25,1.11,16.76,4.29,3.74,0.5499999999999998,1.1,1.1,1.18,-0.06999999999999984,17.48,0.12309935637631929,0.33244426324857024,0.09349590557945775,0.24803546271984134,52.84,0.18
2025-06-26,1.11,16.59,4.26,3.7,0.5599999999999996,1.11,1.1,1.15,-0.039999999999999813,16.76,0.1047372102583298,0.3309292847580496,0.07979337055307201,0.27795277086939496,52.84,0.18
2025-06-27,1.1,16.32,4.29,3.73,0.56,1.11,1.1,1.14,-0.039999999999999813,16.59,0.10013969486933359,0.3312007605535617,0.08435368214485495,0.2720838233098879,52.84,0.18
2025-06-30,1.08,16.73,4.24,3.72,0.52,1.1,1.12,1.14,-0.05999999999999983,16.32,0.10013028535472694,0.32384423688403735,0.08443795915472041,0.31553110576491794,52.84,0.18
2025-07-01,1.06,16.83,4.26,3.78,0.48,1.08,1.1,1.15,-0.08999999999999986,16.73,0.11229044059362633,0.32416545148127385,0.06883746986505024,0.3131764739613305,52.84,0.18
2025-07-02,1.03,16.64,4.3,3.78,0.52,1.06,1.11,1.15,-0.11999999999999988,16.83,0.1136854213324684,0.3232311568677109,0.06303445827995446,0.28729572581628204,52.84,0.18
2025-07-03,1.01,16.38,4.35,3.88,0.46999999999999975,1.03,1.11,1.12,-0.1100000000000001,16.64,0.12199773484225043,0.3239276320758549,0.07747804777596357,0.3077818967332695,52.84,0.18
2025-07-07,1.02,17.79,4.4,3.9,0.5000000000000004,1.01,1.1,1.12,-0.10000000000000009,16.38,0.12356202771205668,0.31917708825187446,0.07297306042632967,0.3364256249041371,52.84,0.18
2025-07-08,1.02,16.81,4.42,3.9,0.52,1.02,1.08,1.12,-0.10000000000000009,17.79,0.12370911747987846,0.3088325134203132,0.061879923562136785,0.3826470172507237,52.84,0.18
2025-07-09,1.04,15.94,4.34,3.86,0.48,1.02,1.06,1.1,-0.06000000000000005,16.81,0.129149304717946,0.3084998302070647,0.07043242370936631,0.4095858082130288,52.84,0.18
2025-07-10,1.03,15.78,4.35,3.86,0.48999999999999977,1.04,1.03,1.09,-0.06000000000000005,15.94,0.13139371515176865,0.30765687578549933,0.06077205080536108,0.4169694722059556,52.84,0.18
2025-07-11,1.03,16.4,4.43,3.9,0.5299999999999998,1.03,1.01,1.09,-0.06000000000000005,15.78,0.1291134689132052,0.23853455161646378,0.06880146661605169,0.29131103680931436,52.84,0.18
2025-07-14,1.03,17.2,4.43,3.9,0.5299999999999998,1.03,1.02,1.09,-0.06000000000000005,16.4,0.12976763472200709,0.2320895743285155,0.0643222270195789,0.32147235197285906,52.84,0.18
2025-07-15,1.01,17.38,4.5,3.95,0.5499999999999998,1.03,1.02,1.1,-0.09000000000000008,17.2,0.12478472624496405,0.2303324473079281,0.05627837321030538,0.3045401117033979,52.84,0.18
2025-07-16,1.02,17.16,4.46,3.88,0.5800000000000001,1.01,1.04,1.1,-0.08000000000000007,17.38,0.11908010907499723,0.23021393634297005,0.06455284713622911,0.30617638543990755,52.84,0.18
2025-07-17,1.01,16.52,4.47,3.91,0.5599999999999996,1.02,1.03,1.08,-0.07000000000000006,17.16,0.12155367004636246,0.2298583163397183,0.06795508534040295,0.3290109866631292,52.84,0.18
2025-07-18,1.01,16.41,4.44,3.88,0.5600000000000005,1.01,1.03,1.1,-0.09000000000000008,16.52,0.12212049686299929,0.21471708985553886,0.06696094451090895,0.37506089460935743,52.84,0.18
2025-07-21,1.01,16.65,4.38,3.85,0.5299999999999998,1.01,1.03,1.1,-0.09000000000000008,16.41,0.12245065672214485,0.21267814312759034,0.06209400370723639,0.3894078147268507,52.84,0.18
2025-07-22,1.02,16.5,4.35,3.83,0.5199999999999996,1.01,1.01,1.1,-0.08000000000000007,16.65,0.12614158804005982,0.2066683110941564,0.05837874177181357,0.4095499835591665,52.84,0.18
2025-07-23,1.0,15.37,4.4,3.88,0.5200000000000005,1.02,1.02,1.12,-0.1200000000000001,16.5,0.11327227285248266,0.20429237297040817,0.04088472937777676,0.3816004292862629,52.84,0.18
2025-07-24,0.99,15.39,4.43,3.91,0.5199999999999996,1.0,1.01,1.1,-0.1100000000000001,15.37,0.11442727493999585,0.20211714903542669,0.04237839797263976,0.36707155744411835,52.84,0.18
2025-07-25,0.99,14.93,4.4,3.91,0.4900000000000002,0.99,1.01,1.11,-0.1200000000000001,15.39,0.11479362709503182,0.19307483829432107,0.043553378108698526,0.328822838500894,52.84,0.18
2025-07-28,0.98,15.03,4.42,3.91,0.5099999999999998,0.99,1.01,1.11,-0.13000000000000012,14.93,0.11144657573496454,0.19301104234861982,0.03025428756153925,0.3102995003605624,52.84,0.18
2025-07-29,1.0,15.98,4.34,3.86,0.48,0.98,1.02,1.1,-0.10000000000000009,15.03,0.11037675244554318,0.19280328483326906,0.033532310835673984,0.31279007615554244,52.84,0.18
2025-07-30,0.99,15.48,4.38,3.94,0.43999999999999995,1.0,1.0,1.08,-0.09000000000000008,15.98,0.11026692532734228,0.1928054167480661,0.03182481697772821,0.3048985839881284,52.84,0.18
2025-07-31,0.99,16.72,4.37,3.94,0.43000000000000016,0.99,0.99,1.06,-0.07000000000000006,15.48,0.163997183631835,0.20520839089354992,0.08423946743094923,0.35222248795228794,52.84,0.18
2025-08-01,1.04,20.38,4.23,3.69,0.5400000000000005,0.99,0.99,1.03,0.010000000000000009,16.72,0.17929035445436547,0.15129992551291485,0.06723810725067803,0.23430224463592353,52.84,0.18
2025-08-04,1.04,17.52,4.22,3.69,0.5299999999999998,1.04,0.98,1.01,0.030000000000000027,20.38,0.1859736171936637,0.15066532315648873,0.07377127962065488,0.2328235683922657,52.84,0.18
2025-08-05,1.03,17.85,4.22,3.72,0.49999999999999956,1.04,1.0,1.02,0.010000000000000009,17.52,0.19558009653509256,0.1549406360868903,0.06033501871774516,0.21218516884681304,52.84,0.18
2025-08-06,1.02,16.77,4.22,3.69,0.5299999999999998,1.03,0.99,1.02,0.0,17.85,0.1968914801912627,0.1546475005115798,0.05702554820657091,0.2136893587800519,52.84,0.18
2025-08-07,1.01,16.57,4.23,3.72,0.5100000000000002,1.02,0.99,1.04,-0.030000000000000027,16.77,0.19573462244427267,0.15607846336505804,0.03441846287962025,0.20409882708283478,52.84,0.18
2025-08-08,1.01,15.15,4.27,3.76,0.5099999999999998,1.01,1.04,1.03,-0.020000000000000018,16.57,0.1946307564366657,0.15520712133252965,0.040998458156925155,0.19359682557283464,52.84,0.18
2025-08-11,1.01,16.25,4.27,3.76,0.5099999999999998,1.01,1.04,1.03,-0.020000000000000018,15.15,0.19471480218864137,0.15532295415403213,0.03665654624307857,0.19145689296920643,52.84,0.18
2025-08-12,1.0,14.73,4.29,3.72,0.5699999999999998,1.01,1.03,1.03,-0.030000000000000027,16.25,0.1992163317891509,0.1511084577105176,0.052125180492930134,0.18018876338537648,52.84,0.18
2025-08-13,0.98,14.49,4.24,3.67,0.5700000000000003,1.0,1.02,1.01,-0.030000000000000027,14.73,0.20919256841565118,0.1557412924837261,0.02918044330650993,0.16118742351395743,52.84,0.18
2025-08-14,0.97,14.83,4.29,3.74,0.5499999999999998,0.98,1.01,1.02,-0.050000000000000044,14.49,0.20921166637874747,0.15527966170602045,0.0333452198353299,0.15564800395840184,52.84,0.18
2025-08-15,0.96,15.09,4.33,3.75,0.5800000000000001,0.97,1.01,1.01,-0.050000000000000044,14.83,0.20667219422922814,0.15586847064315956,0.01655260820807003,0.14794870511292646,52.84,0.18
2025-08-18,0.96,14.99,4.34,3.77,0.5699999999999998,0.96,1.01,1.01,-0.050000000000000044,15.09,0.2075454643833738,0.15671473524043322,0.013822164208610488,0.1383098415106896,52.84,0.18
2025-08-19,0.97,15.57,4.3,3.75,0.5499999999999998,0.96,1.0,1.01,-0.040000000000000036,14.99,0.21388955862008174,0.15917720327056709,-0.0005686305614043263,0.11092465260666828,52.84,0.18
2025-08-20,0.98,15.69,4.29,3.74,0.5499999999999998,0.97,0.98,1.02,-0.040000000000000036,15.57,0.21314175269450822,0.160223509778724,0.0008907079694671083,0.10378247431348253,52.84,0.18
2025-08-21,0.98,16.6,4.33,3.79,0.54,0.98,0.97,1.0,-0.020000000000000018,15.69,0.21315908252103488,0.15785924240518892,-0.0015835578901509662,0.11600169395836879,52.84,0.18
2025-08-22,0.97,14.22,4.26,3.68,0.5799999999999996,0.98,0.96,0.99,-0.020000000000000018,16.6,0.2112710062729789,0.15794199872279452,-0.005512372722361825,0.11696754298552059,52.84,0.18
2025-08-25,0.96,14.79,4.28,3.73,0.5500000000000003,0.97,0.96,0.99,-0.030000000000000027,14.22,0.21107173718499356,0.15680689556879335,-0.016781879189016635,0.12197118564327747,52.84,0.18
2025-08-26,0.98,14.62,4.26,3.61,0.6499999999999999,0.96,0.97,0.98,0.0,14.79,0.211390184771601,0.15108058683216935,-0.018799387276745128,0.09154815042978726,52.84,0.18
2025-08-27,0.99,14.85,4.24,3.59,0.6500000000000004,0.98,0.98,1.0,-0.010000000000000009,14.62,0.2143114877239185,0.15085700461076654,-0.009748792853751742,0.10978895270974287,52.84,0.18
2025-08-28,0.99,14.43,4.22,3.62,0.5999999999999996,0.99,0.98,0.99,0.0,14.85,0.21529328114729807,0.15105429305133747,-0.0053818269504727345,0.11292800346913179,52.84,0.18
2025-08-29,1.01,15.36,4.23,3.59,0.6400000000000006,0.99,0.97,0.99,0.020000000000000018,14.43,0.16036174482931026,0.1517474433602672,-0.048691766218305066,0.10244806107180904,52.84,0.18
2025-09-02,1.03,17.17,4.28,3.66,0.6200000000000001,1.01,0.96,1.04,-0.010000000000000009,15.36,0.150523264199646,0.15198439569177238,-0.03464845305193387,0.0952018361235909,52.84,0.18
2025-09-03,1.02,16.35,4.22,3.61,0.6099999999999999,1.03,0.98,1.04,-0.020000000000000018,17.17,0.12407912394412779,0.151991970275724,-0.054998308929231854,0.09333386461642657,52.84,0.18
2025-09-04,1.0,15.3,4.17,3.59,0.5800000000000001,1.02,0.99,1.03,-0.030000000000000027,16.35,0.11873423384927577,0.15217179966979344,-0.035897428739067316,0.09687001378942717,52.84,0.18
2025-09-05,1.0,15.18,4.1,3.51,0.5899999999999999,1.0,0.99,1.02,-0.020000000000000018,15.3,0.14435297096715693,0.16085273301390904,-0.055484926576527704,0.06015602869648973,52.84,0.18
2025-09-08,1.01,15.11,4.05,3.49,0.5599999999999996,1.0,1.01,1.01,0.0,15.18,0.14640945702824715,0.16094243102832453,-0.041895848710030936,0.060884833857345555,52.84,0.18
2025-09-09,1.01,15.04,4.08,3.54,0.54,1.01,1.03,1.01,0.0,15.11,0.14585724293652433,0.1607350141466669,-0.04369508201309469,0.056011247660389785,52.84,0.18
2025-09-10,1.0,15.35,4.04,3.54,0.5,1.01,1.02,1.01,-0.010000000000000009,15.04,0.14726750770942001,0.1605480824098001,-0.039437690559676275,0.06428386315616019,52.84,0.18
2025-09-11,0.98,14.71,4.01,3.52,0.48999999999999977,1.0,1.0,1.0,-0.020000000000000018,15.35,0.13567754177246735,0.16046405814632878,-0.05178437784625145,0.0618120577490906,52.84,0.18
2025-09-12,0.97,14.76,4.06,3.56,0.49999999999999956,0.98,1.0,0.98,-0.010000000000000009,14.71,0.14299436239552502,0.16210954661767243,-0.018905478269083287,0.06654887922454122,52.84,0.18
2025-09-15,0.95,15.69,4.05,3.54,0.5099999999999998,0.97,1.01,0.97,-0.020000000000000018,14.76,0.14781429236706764,0.16213198538995682,-0.012005820320174054,0.08684358605343379,52.84,0.18
2025-09-16,0.96,16.36,4.04,3.51,0.5300000000000002,0.95,1.01,0.96,0.0,15.69,0.15282445273529324,0.16367600128448598,-0.019788055175568586,0.06414997109824916,52.84,0.18
2025-09-17,0.96,15.72,4.06,3.52,0.5399999999999996,0.96,1.0,0.96,0.0,16.36,0.15200414387507444,0.1635440573330192,-0.012070362515114397,0.06865203830192268,52.84,0.18
2025-09-18,0.94,15.7,4.11,3.57,0.5400000000000005,0.96,0.98,0.97,-0.030000000000000027,15.72,0.14411228238143403,0.1635981784906087,-0.0009496818547722885,0.06048198674427474,52.84,0.18
2025-09-19,0.93,15.45,4.14,3.57,0.5699999999999998,0.94,0.97,0.98,-0.04999999999999993,15.7,0.15470279384810998,0.1667324729272652,0.02582739151084401,0.08668095792907549,52.84,0.18
2025-09-22,0.93,16.1,4.15,3.61,0.5400000000000005,0.93,0.95,0.98,-0.04999999999999993,15.45,0.15695766021861823,0.1640154782366913,0.020248427908405864,0.06027933204705449,52.84,0.18
2025-09-23,0.94,16.64,4.12,3.53,0.5900000000000003,0.93,0.96,0.97,-0.030000000000000027,16.1,0.1604389851130961,0.16478779141058464,0.003943008022433858,0.04071986967256813,52.84,0.18
2025-09-24,0.95,16.18,4.16,3.57,0.5900000000000003,0.94,0.96,0.96,-0.010000000000000009,16.64,0.15896219343447698,0.16463113299271673,0.0116804048041812,0.038025160842944716,52.84,0.18
2025-09-25,0.96,16.74,4.18,3.64,0.5399999999999996,0.95,0.94,0.98,-0.020000000000000018,16.18,0.1597505251404659,0.1639353071665099,0.009939434973016192,0.020933775252065523,52.84,0.18
2025-09-26,0.95,15.29,4.2,3.63,0.5700000000000003,0.96,0.93,0.99,-0.040000000000000036,16.74,0.15932892771553436,0.16462743124419169,0.009314351986629887,0.03298945361677763,52.84,0.18
2025-09-29,0.94,16.12,4.15,3.63,0.5200000000000005,0.95,0.93,0.99,-0.050000000000000044,15.29,0.15950767828839416,0.16493745309564098,0.009732225793122273,0.036259622418890025,52.84,0.18
2025-09-30,0.97,16.28,4.16,3.6,0.56,0.94,0.94,1.01,-0.040000000000000036,16.12,0.15907815007306528,0.16370241476070263,0.022222676492286153,0.05436742204111056,52.84,0.18
2025-10-01,0.97,16.29,4.12,3.55,0.5700000000000003,0.97,0.95,1.03,-0.06000000000000005,16.28,0.15851105378446148,0.16367429586979904,0.028884207093161196,0.06001819977714984,52.84,0.18
2025-10-02,0.96,16.63,4.1,3.55,0.5499999999999998,0.97,0.96,1.02,-0.06000000000000005,16.29,0.16157220667198458,0.1617558150083704,0.020559847696297373,0.03557807479911812,52.84,0.18
2025-10-03,0.95,16.65,4.13,3.58,0.5499999999999998,0.96,0.95,1.0,-0.050000000000000044,16.63,0.16105932380436205,0.1617274615654484,0.018465475145376775,0.0411484509433,52.84,0.18
2025-10-06,0.94,16.37,4.18,3.6,0.5799999999999996,0.95,0.94,1.0,-0.06000000000000005,16.65,0.14566597698117062,0.16696281580574007,0.06781821397659415,0.06608467867220358,52.84,0.18
2025-10-07,0.95,17.24,4.14,3.57,0.5699999999999998,0.94,0.97,1.01,-0.06000000000000005,16.37,0.15071295921445255,0.1660246823955322,0.05174623713217841,0.04236531641441199,52.84,0.18
2025-10-08,0.95,16.3,4.13,3.58,0.5499999999999998,0.95,0.97,1.01,-0.06000000000000005,17.24,0.1505640845769838,0.16575367572255234,0.05304868968571941,0.048322549409062,52.84,0.18
2025-10-09,0.98,16.43,4.14,3.6,0.5399999999999996,0.95,0.96,1.0,-0.020000000000000018,16.3,0.1524736554999976,0.16600615474919705,0.044027440580501453,0.03961455182135598,52.84,0.18
2025-10-10,1.02,21.66,4.05,3.52,0.5299999999999998,0.98,0.95,0.98,0.040000000000000036,16.43,0.173703513967353,0.1720250200963575,0.01985985660015399,0.017454550380616496,52.84,0.18
2025-10-13,1.02,19.03,4.05,3.52,0.5299999999999998,1.02,0.94,0.97,0.050000000000000044,21.66,0.16394324575145514,0.17208718964172223,0.008138846959820034,0.017941278168760455,52.84,0.18
2025-10-14,1.02,20.81,4.03,3.48,0.5500000000000003,1.02,0.95,0.95,0.07000000000000006,19.03,0.15965740675955267,0.1720999093990382,-0.0034733701745764956,0.017392963506496217,52.84,0.18
2025-10-15,0.99,20.64,4.05,3.5,0.5499999999999998,1.02,0.95,0.96,0.030000000000000027,20.81,0.15344638382701617,0.17045330112354923,0.008624087871590858,0.005030369433032922,52.84,0.18
2025-10-16,1.01,25.31,3.99,3.41,0.5800000000000001,0.99,0.98,0.96,0.050000000000000044,20.64,0.15395446510077093,0.17048017129317425,0.0031175030990269192,0.004707407387347207,52.84,0.18
2025-10-17,1.01,20.78,4.02,3.46,0.5599999999999996,1.01,1.02,0.94,0.07000000000000006,25.31,0.1539704941969661,0.1706421008863532,0.01008950454423685,0.00855641857467937,52.84,0.18
2025-10-20,1.0,18.23,4.0,3.46,0.54,1.01,1.02,0.93,0.06999999999999995,20.78,0.1410321805856003,0.16993782005009164,-0.002201257303453885,0.02448098278950761,52.84,0.18
2025-10-21,1.01,17.87,3.98,3.45,0.5299999999999998,1.0,1.02,0.93,0.07999999999999996,18.23,0.13902823969305075,0.16994958419220244,0.006239571972082025,0.024988638163271792,52.84,0.18
2025-10-22,1.02,18.6,3.97,3.45,0.52,1.01,0.99,0.94,0.08000000000000007,17.87,0.1346912856914192,0.16918801986946722,0.022209860309246654,0.020583422170052046,52.84,0.18
2025-10-23,1.0,17.3,4.01,3.48,0.5299999999999998,1.02,1.01,0.95,0.050000000000000044,18.6,0.13471051775816148,0.1688634727040079,0.02040580706777151,0.015000213909776017,52.84,0.18
2025-10-24,0.98,16.37,4.02,3.48,0.5399999999999996,1.0,1.01,0.96,0.020000000000000018,17.3,0.1331216376897872,0.1691390358431113,0.032700198609209696,0.023357558613102736,52.84,0.18
2025-10-27,0.97,15.79,4.01,3.48,0.5299999999999998,0.98,1.0,0.95,0.020000000000000018,16.37,0.13913727017000962,0.1716673788142544,0.039221234938017435,0.038675389642711444,52.84,0.18
2025-10-28,0.97,16.42,3.99,3.47,0.52,0.97,1.01,0.94,0.030000000000000027,15.79,0.15195180814790266,0.1759045114624019,0.0533813084849013,0.05790876419406921,52.84,0.18
2025-10-29,0.96,16.92,4.08,3.59,0.4900000000000002,0.97,1.02,0.97,-0.010000000000000009,16.42,0.15168519380851297,0.15754590173441638,0.045564102785591754,0.016757608210733244,52.84,0.18
2025-10-30,0.98,16.91,4.11,3.61,0.5000000000000004,0.96,1.0,0.97,0.010000000000000009,16.92,0.18632424905537387,0.16443126971841335,0.011641141096696339,0.004797349270382778,52.84,0.18
2025-10-31,1.02,17.44,4.11,3.6,0.5100000000000002,0.98,0.98,0.96,0.06000000000000005,16.91,0.19221128903403134,0.16108957157650602,0.004013718062420457,-0.03169826483875915,52.84,0.18
2025-11-03,1.04,17.17,4.13,3.6,0.5299999999999998,1.02,0.97,0.95,0.09000000000000008,17.44,0.19201185540891247,0.15847825056587617,-0.0006183984191746594,-0.018702025285004198,52.84,0.18
2025-11-04,1.04,19.0,4.1,3.58,0.5199999999999996,1.04,0.97,0.94,0.10000000000000009,17.17,0.1757232835753189,0.1584650700206484,-0.026940611154921745,-0.018601104158792348,52.84,0.18
2025-11-05,1.02,18.01,4.17,3.63,0.54,1.04,0.96,0.95,0.07000000000000006,19.0,0.17943303313453768,0.16011965967805603,-0.032100442408575125,-0.024664616099794423,52.84,0.18
2025-11-06,1.04,19.5,4.11,3.57,0.5400000000000005,1.02,0.98,0.95,0.09000000000000008,18.01,0.18982642558973206,0.16468777456930303,-0.052872226086152274,-0.04620857525245181,52.84,0.18
2025-11-07,1.06,19.08,4.11,3.55,0.5600000000000005,1.04,1.02,0.98,0.08000000000000007,19.5,0.18977234505777663,0.16468759472370717,-0.04896634715221038,-0.04625265874649065,52.84,0.18
2025-11-10,1.05,17.6,4.13,3.58,0.5499999999999998,1.06,1.04,1.02,0.030000000000000027,19.08,0.188824598097717,0.16643051353018498,-0.00970720415175852,-0.04234027468777346,52.84,0.18
2025-11-11,1.05,17.28,4.13,3.58,0.5499999999999998,1.05,1.04,1.02,0.030000000000000027,17.6,0.18851931879574677,0.16372514290260073,-0.010446485992304133,-0.0212529052445406,52.84,0.18
2025-11-12,1.05,17.51,4.08,3.56,0.52,1.05,1.02,1.02,0.030000000000000027,17.28,0.18938357252035493,0.1638582705557196,-0.004731495746367775,-0.020095943165400643,52.84,0.18
2025-11-13,1.06,20.0,4.11,3.58,0.5300000000000002,1.05,1.04,0.99,0.07000000000000006,17.51,0.19657209024208558,0.16642435793433208,-0.019749553609904602,-0.030860321130882218,52.84,0.18
2025-11-14,1.06,19.83,4.14,3.62,0.5199999999999996,1.06,1.06,1.01,0.050000000000000044,20.0,0.20259799327964678,0.16841336637902002,-0.002795026442628523,-0.011760386597310934,52.84,0.18
2025-11-17,1.06,22.38,4.13,3.6,0.5299999999999998,1.06,1.05,1.01,0.050000000000000044,19.83,0.20284659300928976,0.16632437929857644,-0.011857954202022403,-0.0028359793100379838,52.84,0.18
2025-11-18,1.07,24.69,4.12,3.58,0.54,1.06,1.05,1.0,0.07000000000000006,22.38,0.22082438286358386,0.17420479658481514,-0.044505334010592756,-0.021985011281749345,52.84,0.18
2025-11-19,1.07,23.66,4.13,3.58,0.5499999999999998,1.07,1.05,1.01,0.06000000000000005,24.69,0.2238183759179257,0.1761914207959429,-0.05899622067578403,-0.033952024830636085,52.84,0.18
2025-11-20,1.08,26.42,4.1,3.55,0.5499999999999998,1.07,1.06,1.02,0.06000000000000005,23.66,0.22612424578053625,0.17839083007114223,-0.0791764926543077,-0.05501367682764302,52.84,0.18
2025-11-21,1.09,23.43,4.06,3.51,0.5499999999999998,1.08,1.06,1.0,0.09000000000000008,26.42,0.22791341683754104,0.17982681086589525,-0.09135617956996944,-0.06198466791523105,52.84,0.18
2025-11-24,1.08,20.52,4.04,3.46,0.5800000000000001,1.09,1.06,0.98,0.10000000000000009,23.43,0.22693399795415317,0.17995469109395038,-0.09305174815352368,-0.0540850293376155,52.84,0.18
2025-11-25,1.07,18.56,4.01,3.43,0.5799999999999996,1.08,1.07,0.97,0.10000000000000009,20.52,0.21925148350153695,0.17935513254539617,-0.10091310764011008,-0.056946942851195725,52.84,0.18
2025-11-26,1.05,17.19,4.0,3.45,0.5499999999999998,1.07,1.07,0.97,0.08000000000000007,18.56,0.21648199884306857,0.18276992859317612,-0.1026829001901296,-0.04558387341792858,52.84,0.18
2025-11-28,1.04,16.35,4.02,3.47,0.5499999999999994,1.05,1.08,0.96,0.08000000000000007,17.19,0.22544518391305618,0.18461037940609198,-0.08977761571369702,-0.02715492043224632,52.84,0.18
2025-12-01,1.04,17.24,4.09,3.54,0.5499999999999998,1.04,1.09,0.98,0.06000000000000005,16.35,0.20829795181882715,0.18569235026242692,-0.07248367407365963,-0.03458387916590855,52.84,0.18
2025-12-02,1.03,16.59,4.09,3.51,0.5800000000000001,1.04,1.08,1.02,0.010000000000000009,17.24,0.2066593136418286,0.18624052462346855,-0.05193577305577002,-0.02856021881377635,52.84,0.18
2025-12-03,1.03,16.08,4.06,3.49,0.5699999999999994,1.03,1.07,1.04,-0.010000000000000009,16.59,0.22088822445155276,0.1922750292142102,-0.07428170423213065,-0.05777090957703779,52.84,0.18
2025-12-04,1.02,15.78,4.11,3.52,0.5900000000000003,1.03,1.05,1.04,-0.020000000000000018,16.08,0.22350993926239282,0.18615299562423124,-0.06336417542323913,-0.02678804191743811,52.84,0.18
2025-12-05,1.01,15.41,4.14,3.56,0.5799999999999996,1.02,1.04,1.02,-0.010000000000000009,15.78,0.22139789610417596,0.1859373150095681,-0.045539284193119256,-0.028373577741207856,52.84,0.18
2025-12-08,1.0,16.66,4.17,3.57,0.6000000000000001,1.01,1.04,1.04,-0.040000000000000036,15.41,0.22032750185404051,0.18889555169958813,-0.01038219727648182,-0.012983248060502772,52.84,0.18
2025-12-09,1.0,16.93,4.18,3.61,0.5699999999999998,1.0,1.03,1.06,-0.06000000000000005,16.66,0.22048793524627436,0.1887675251266693,-0.00780792161250099,-0.014847295719694231,52.84,0.18
2025-12-10,1.0,15.77,4.13,3.54,0.5899999999999999,1.0,1.03,1.05,-0.050000000000000044,16.93,0.22838073110417656,0.1964088409963743,-0.052459171075293076,-0.04302178876882057,52.84,0.18
2025-12-11,1.0,14.85,4.14,3.52,0.6199999999999997,1.0,1.02,1.05,-0.050000000000000044,15.77,0.23113638276709075,0.19412134654014493,-0.04778076316011426,-0.050059101356482505,52.84,0.18
2025-12-12,1.01,15.74,4.19,3.52,0.6700000000000004,1.0,1.01,1.05,-0.040000000000000036,14.85,0.23122277031453758,0.19361590465399953,-0.06204634910174511,-0.06972671849557577,52.84,0.18
2025-12-15,1.02,16.5,4.18,3.51,0.6699999999999999,1.01,1.0,1.06,-0.040000000000000036,15.74,0.22754987719570915,0.192764644035255,-0.05480204234027408,-0.06547879773270338,52.84,0.18
2025-12-16,1.03,16.48,4.15,3.48,0.6700000000000004,1.02,1.0,1.06,-0.030000000000000027,16.5,0.22094121442694076,0.19286965877652026,-0.06448387164396907,-0.0641903411540391,52.84,0.18
2025-12-17,1.03,17.62,4.16,3.49,0.6699999999999999,1.03,1.0,1.06,-0.030000000000000027,16.48,0.2209531618000892,0.19282398308600462,-0.06005814534863785,-0.06183284067311179,52.84,0.18
2025-12-18,1.03,16.87,4.12,3.46,0.6600000000000001,1.03,1.0,1.07,-0.040000000000000036,17.62,0.2122807694423604,0.19198754178707036,-0.018032326422319223,-0.06380048812957617,52.84,0.18
2025-12-19,1.02,14.91,4.16,3.48,0.6800000000000002,1.03,1.01,1.07,-0.050000000000000044,16.87,0.20767050316489227,0.19188149188255912,-0.0005964450591122716,-0.05368951892726159,52.84,0.18
2025-12-22,1.02,14.08,4.17,3.44,0.73,1.02,1.02,1.08,-0.06000000000000005,14.91,0.19954648486919635,0.19096033943724924,0.013565265157232886,-0.04595648800539709,52.84,0.18
2025-12-23,1.01,14.0,4.18,3.48,0.6999999999999997,1.02,1.03,1.09,-0.08000000000000007,14.08,0.1932339140156045,0.19112454285238273,0.03119972934587567,-0.043886634578713335,52.84,0.18
2025-12-24,1.0,13.47,4.15,3.47,0.6800000000000002,1.01,1.03,1.08,-0.08000000000000007,14.0,0.19305931077472893,0.19089187336081523,0.02957798266491185,-0.03569145481170566,52.84,0.18
2025-12-26,1.0,13.6,4.14,3.46,0.6799999999999997,1.0,1.03,1.07,-0.07000000000000006,13.47,0.19235937711226228,0.18996556713313054,0.022474329590069786,-0.044650915269197955,52.84,0.18
2025-12-29,1.0,14.2,4.12,3.45,0.6699999999999999,1.0,1.02,1.05,-0.050000000000000044,13.6,0.18258097814389546,0.18946575024159557,0.0032956090781397496,-0.05166787335026857,52.84,0.18
2025-12-30,1.01,14.33,4.14,3.45,0.6899999999999995,1.0,1.02,1.04,-0.030000000000000027,14.2,0.17621682828950253,0.18891650389450532,-0.009207129166881711,-0.057066536062036044,52.84,0.18
2025-12-31,1.01,14.95,4.18,3.47,0.7099999999999995,1.01,1.01,1.04,-0.030000000000000027,14.33,0.17441025694091067,0.18923472209874923,-0.006409971611573417,-0.06770088966937027,52.84,0.18
2026-01-02,1.01,14.51,4.19,3.47,0.7200000000000002,1.01,1.0,1.03,-0.020000000000000018,14.95,0.18793987175741994,0.19343985920723428,-0.03481632304512006,-0.08127110618545152,52.84,0.18
2026-01-05,1.01,14.9,4.17,3.46,0.71,1.01,1.0,1.03,-0.020000000000000018,14.51,0.1675240747817442,0.19324747129963663,-0.010214994831805768,-0.08430452686597578,52.84,0.18
2026-01-06,1.0,14.75,4.18,3.47,0.7099999999999995,1.01,1.0,1.02,-0.020000000000000018,14.9,0.1713992494143153,0.18948490631866532,-0.004845650371201993,-0.09301405377802463,52.84,0.18
2026-01-07,1.01,15.38,4.15,3.47,0.6800000000000002,1.0,1.01,1.01,0.0,14.75,0.17448278153074318,0.190368550917178,0.0006416127288875195,-0.07558515941060695,52.84,0.18
2026-01-08,1.01,15.45,4.19,3.49,0.7000000000000002,1.01,1.01,1.0,0.010000000000000009,15.38,0.16813800506587973,0.19130148683721246,-0.02629223770631761,-0.08734906344718507,52.84,0.18
2026-01-09,0.99,14.49,4.18,3.54,0.6399999999999997,1.01,1.01,1.0,-0.010000000000000009,15.45,0.16824402029244542,0.19133339320685885,-0.025893216599290447,-0.08082499115979502,52.84,0.18
2026-01-12,0.99,15.12,4.19,3.54,0.6500000000000004,0.99,1.01,1.0,-0.010000000000000009,14.49,0.13961823187361713,0.1868090988335624,-0.002883659791676152,-0.06436300491033775,52.84,0.18
2026-01-13,0.98,15.98,4.18,3.53,0.6499999999999999,0.99,1.0,1.0,-0.020000000000000018,15.12,0.14180485443678678,0.18794281224470893,-0.026475256524816637,-0.08267499813408763,52.84,0.18
2026-01-14,0.98,16.75,4.15,3.51,0.6400000000000006,0.98,1.01,1.01,-0.030000000000000027,15.98,0.1596850522550146,0.19333852755375813,-0.04001837547810727,-0.10384205569661764,52.84,0.18
2026-01-15,0.97,15.84,4.17,3.56,0.6099999999999999,0.98,1.01,1.02,-0.050000000000000044,16.75,0.15896268242330946,0.19350310612086305,-0.03824602360168183,-0.10890539585890369,52.84,0.18
2026-01-16,0.96,15.86,4.24,3.59,0.6500000000000004,0.97,0.99,1.03,-0.07000000000000006,15.84,0.16096707451648906,0.19425581114811788,-0.03469848952785848,-0.09946893119933065,52.84,0.18
2026-01-20,0.96,20.09,4.3,3.6,0.6999999999999997,0.96,0.99,1.03,-0.07000000000000006,15.86,0.1645545644192302,0.19495679119500206,-0.04536671692373051,-0.11334036107357459,52.84,0.18
2026-01-21,0.95,16.9,4.26,3.6,0.6599999999999997,0.96,0.98,1.03,-0.08000000000000007,20.09,0.16486214767041882,0.19872650901334563,-0.08237949680912693,-0.13902891393915795,52.84,0.18
2026-01-22,0.93,15.64,4.26,3.61,0.6499999999999999,0.95,0.98,1.02,-0.08999999999999997,16.9,0.17678248638728722,0.20186688754211327,-0.07157558427298072,-0.12687020073715827,52.84,0.18
2026-01-23,0.94,16.09,4.24,3.6,0.6400000000000001,0.93,0.97,1.02,-0.08000000000000007,15.64,0.21702180123615533,0.2131097245277071,-0.039119891073829405,-0.10319644789148597,52.84,0.18
2026-01-26,0.94,16.15,4.22,3.56,0.6599999999999997,0.94,0.96,1.01,-0.07000000000000006,16.09,0.21957299802904984,0.2142066266114554,-0.03403516743219037,-0.09489746084551831,52.84,0.18
2026-01-27,0.94,16.35,4.24,3.53,0.7100000000000004,0.94,0.96,1.0,-0.06000000000000005,16.15,0.23392391333349938,0.21879802679944377,-0.015245231250699653,-0.08046164830920133,52.84,0.18
2026-01-28,0.93,16.35,4.26,3.56,0.6999999999999997,0.94,0.95,1.0,-0.06999999999999995,16.35,0.23412672958808756,0.21638782745447768,-0.012466440654835598,-0.09216704745489179,52.84,0.18
2026-01-29,0.94,16.88,4.24,3.53,0.7100000000000004,0.93,0.93,1.0,-0.06000000000000005,16.35,0.4165960086048344,0.28893280343175504,-0.11003899856483024,-0.19879097689681813,52.84,0.18
2026-01-30,0.94,17.44,4.26,3.52,0.7399999999999998,0.94,0.94,1.01,-0.07000000000000006,16.88,0.4160819050287292,0.2890042134200246,-0.11731767018759487,-0.20396013540499203,52.84,0.18
2026-02-02,0.93,16.34,4.29,3.57,0.7200000000000002,0.94,0.94,1.01,-0.07999999999999996,17.44,0.41761758276690325,0.28543738018383125,-0.12458127708685984,-0.1932395160857877,52.84,0.18
2026-02-03,0.94,18.0,4.28,3.57,0.7100000000000004,0.93,0.94,1.01,-0.07000000000000006,16.34,0.4214601734533301,0.28901253965725987,-0.1305239998921227,-0.20438066790662568,52.84,0.18
2026-02-04,0.95,18.64,4.29,3.57,0.7200000000000002,0.94,0.93,1.01,-0.06000000000000005,18.0,0.423597892452618,0.28978148959143485,-0.12405621711637915,-0.19740592038350202,52.84,0.18
2026-02-05,0.96,21.77,4.21,3.47,0.7399999999999998,0.95,0.94,1.0,-0.040000000000000036,18.64,0.4439462820133268,0.3041670326721302,-0.1773003499272474,-0.23316394751263925,52.84,0.18
2026-02-06,0.96,17.76,4.22,3.5,0.7199999999999998,0.96,0.94,1.01,-0.050000000000000044,21.77,0.44961055892774165,0.30691449034313506,-0.1702897863050279,-0.2075660858479308,52.84,0.18
2026-02-09,0.96,17.36,4.22,3.48,0.7399999999999998,0.96,0.93,1.01,-0.050000000000000044,17.76,0.4697547405123407,0.3127269046938407,-0.13492705631509527,-0.16641697774523934,52.84,0.18
2026-02-10,0.98,17.79,4.16,3.45,0.71,0.96,0.94,0.99,-0.010000000000000009,17.36,0.46911476736902724,0.31272077531560455,-0.13772748887106068,-0.16661272640952618,52.84,0.18
2026-02-11,0.98,17.65,4.18,3.52,0.6599999999999997,0.98,0.95,0.99,-0.010000000000000009,17.79,0.4718482602785548,0.3119499162921449,-0.1525839411828731,-0.19935415244211685,52.84,0.18
2026-02-12,0.99,20.82,4.09,3.47,0.6199999999999997,0.98,0.96,0.98,0.010000000000000009,17.65,0.4713137414017659,0.3115072623484877,-0.14623838519273036,-0.20855530922804444,52.84,0.18
2026-02-13,1.0,20.6,4.04,3.4,0.6400000000000001,0.99,0.96,0.98,0.020000000000000018,20.82,0.4675888192468383,0.31108064694047566,-0.1263877629765855,-0.21338358131177126,52.84,0.18
2026-02-17,1.01,20.29,4.05,3.43,0.6199999999999997,1.0,0.96,0.97,0.040000000000000036,20.6,0.46792575936519204,0.3105443744492926,-0.1309508746926188,-0.20999272262838775,52.84,0.18
2026-02-18,0.99,19.62,4.09,3.47,0.6199999999999997,1.01,0.98,0.96,0.030000000000000027,20.29,0.46788912618584777,0.309308175664489,-0.1310398827966066,-0.21528110685329804,52.84,0.18
2026-02-19,0.99,20.23,4.08,3.47,0.6099999999999999,0.99,0.98,0.96,0.030000000000000027,19.62,0.4678532817695766,0.30935049984180274,-0.12133795394471836,-0.21157674060454934,52.84,0.18
2026-02-20,0.99,19.09,4.08,3.48,0.6000000000000001,0.99,0.99,0.95,0.040000000000000036,20.23,0.46369571960175165,0.30566655605409404,-0.10351785907130406,-0.19220354651557514,52.84,0.18
2026-02-23,1.01,21.01,4.03,3.43,0.6000000000000001,0.99,1.0,0.93,0.07999999999999996,19.09,0.4666016943919679,0.31044926887374913,-0.14583602696563513,-0.20744630925006324,52.84,0.18
2026-02-24,1.02,19.55,4.04,3.43,0.6099999999999999,1.01,1.01,0.94,0.08000000000000007,21.01,0.44931328245813595,0.3108707528785306,-0.16324096660776133,-0.18506807502327305,52.84,0.18
2026-02-25,1.01,17.93,4.05,3.45,0.5999999999999996,1.02,0.99,0.94,0.07000000000000006,19.55,0.4646629884680753,0.31700848674898535,-0.1462227550337749,-0.14955020337283653,52.84,0.18
2026-02-26,1.03,18.63,4.02,3.42,0.5999999999999996,1.01,0.99,0.94,0.09000000000000008,17.93,0.45424694903180907,0.31692080407895373,-0.16218546538063405,-0.15055506792366002,52.84,0.18
2026-02-27,1.07,19.86,3.97,3.38,0.5900000000000003,1.03,0.99,0.93,0.14,18.63,0.45527682389371016,0.3189035992319702,-0.18269957688602745,-0.1747491120859046,52.84,0.18
2026-03-02,1.06,21.44,4.05,3.47,0.5799999999999996,1.07,1.01,0.94,0.1200000000000001,19.86,0.32058527853660934,0.31815769561631396,-0.07852444650162482,-0.1772200393948452,52.84,0.18
2026-03-03,1.06,23.57,4.06,3.51,0.5499999999999998,1.06,1.02,0.94,0.1200000000000001,21.44,0.3256718240109804,0.3181764875872578,-0.05911839901436167,-0.177146953119803,52.84,0.18
2026-03-04,1.03,21.15,4.09,3.54,0.5499999999999998,1.06,1.01,0.93,0.09999999999999998,23.57,0.32250902707183476,0.3179982004524107,-0.04073303010765661,-0.1656225737478535,52.84,0.18
2026-03-05,1.04,23.75,4.13,3.57,0.56,1.03,1.03,0.94,0.10000000000000009,21.15,0.31104078918977107,0.31910641388647826,0.0009906392844190037,-0.15996460869940832,52.84,0.18
2026-03-06,1.06,29.49,4.15,3.56,0.5900000000000003,1.04,1.07,0.95,0.1100000000000001,23.75,0.31031271543269295,0.3158435700548525,-0.010373472327671496,-0.1419977375704672,52.84,0.18
2026-03-09,1.07,25.5,4.12,3.56,0.56,1.06,1.06,0.96,0.1100000000000001,29.49,0.25346288458463456,0.31542036094052206,0.04235640484606429,-0.14660911978434998,52.84,0.18
2026-03-10,1.06,24.93,4.15,3.57,0.5800000000000005,1.07,1.06,0.96,0.10000000000000009,25.5,0.24842813204657146,0.31535361461601263,0.0138259417617983,-0.15827854830039734,52.84,0.18
2026-03-11,1.09,24.23,4.21,3.64,0.5699999999999998,1.06,1.03,0.96,0.13000000000000012,24.93,0.22271486557150358,0.31303368320435215,-0.018848864020082234,-0.17354869024387376,52.84,0.18
2026-03-12,1.12,27.29,4.27,3.76,0.5099999999999998,1.09,1.04,0.98,0.14000000000000012,24.23,0.22390185798118237,0.3130105133074044,-0.02538961773320958,-0.1813803929877017,52.84,0.18
2026-03-13,1.15,27.19,4.28,3.73,0.5500000000000003,1.12,1.06,0.98,0.16999999999999993,27.29,0.21803786426872668,0.3101756302566398,-0.01957902216611951,-0.17157133413223002,52.84,0.18
2026-03-16,1.16,23.51,4.23,3.68,0.5500000000000003,1.15,1.07,0.99,0.16999999999999993,27.19,0.22090253246827718,0.31032811977518104,-0.0024315876672794667,-0.17086297663686323,52.84,0.18
2026-03-17,1.14,22.37,4.2,3.68,0.52,1.16,1.06,1.0,0.1399999999999999,23.51,0.22090668982269673,0.30997036208444745,-0.00248770874479165,-0.16343462665429964,52.84,0.18
2026-03-18,1.13,25.09,4.26,3.76,0.5,1.14,1.09,1.01,0.11999999999999988,22.37,0.2275661417948722,0.3115538967398376,-0.010521943715975257,-0.1729829091047298,52.84,0.18
2026-03-19,1.13,24.06,4.25,3.79,0.45999999999999996,1.13,1.12,0.99,0.1399999999999999,25.09,0.22705863234323698,0.3114164111532496,-0.02425446680006882,-0.18153633957009652,52.84,0.18
2026-03-20,1.11,26.78,4.39,3.88,0.5099999999999998,1.13,1.15,0.99,0.1200000000000001,24.06,0.2348131175474016,0.3128897346537557,-0.04163528759137902,-0.19612364689616857,52.84,0.18
2026-03-23,1.11,26.15,4.34,3.83,0.5099999999999998,1.11,1.16,0.99,0.1200000000000001,26.78,0.23536749785238215,0.31057480234563195,-0.035823101459516615,-0.20683877878083612,52.84,0.18
2026-03-24,1.09,26.95,4.39,3.9,0.48999999999999977,1.11,1.14,1.01,0.08000000000000007,26.15,0.22724593882126848,0.3136502183641792,-0.03050956108170988,-0.23116820856524345,52.84,0.18
2026-03-25,1.09,25.33,4.33,3.84,0.4900000000000002,1.09,1.13,1.02,0.07000000000000006,26.95,0.2223203328846231,0.31362826950767425,-0.04616964384338851,-0.233096441872086,52.84,0.18
2026-03-26,1.11,27.44,4.42,3.96,0.45999999999999996,1.09,1.13,1.01,0.10000000000000009,25.33,0.1925579640095961,0.3137874235815426,-0.08644534287366945,-0.24657430539307845,52.84,0.18
2026-03-27,1.14,31.05,4.44,3.88,0.5600000000000005,1.11,1.11,1.03,0.10999999999999988,27.44,0.2037151331190468,0.31622640933766577,-0.11189388646430853,-0.26727528172634296,52.84,0.18
2026-03-30,1.16,30.61,4.35,3.82,0.5299999999999998,1.14,1.11,1.07,0.08999999999999986,31.05,0.19794067140924546,0.31687184039797744,-0.08601110052260785,-0.2623089607151835,52.84,0.18
2026-03-31,1.13,25.25,4.3,3.79,0.5099999999999998,1.16,1.09,1.06,0.06999999999999984,30.61,0.2242507924447671,0.3248322292343088,-0.07120806733025598,-0.238318813659953,52.84,0.18
2026-04-01,1.1,24.54,4.33,3.81,0.52,1.13,1.09,1.06,0.040000000000000036,25.25,0.2157681187576818,0.32470585844969335,-0.08555937460760377,-0.24055745964092312,52.84,0.18
2026-04-02,1.09,23.87,4.31,3.79,0.5199999999999996,1.1,1.11,1.03,0.06000000000000005,24.54,0.2208395244212903,0.326028079660559,-0.07833173690956374,-0.22601961448525132,52.84,0.18
2026-04-06,1.07,24.17,4.34,3.84,0.5,1.09,1.14,1.04,0.030000000000000027,23.87,0.21194712400323576,0.32393903630284365,-0.09204243807126655,-0.20977063326901868,52.84,0.18
2026-04-07,1.08,25.78,4.33,3.81,0.52,1.07,1.16,1.06,0.020000000000000018,24.17,0.21218793160804833,0.3238928527312508,-0.08966643113348227,-0.21087078751986532,52.84,0.18
2026-04-08,1.05,21.04,4.29,3.79,0.5,1.08,1.13,1.07,-0.020000000000000018,25.78,0.21414588754530592,0.3228880259297744,-0.08568431835094015,-0.21593201632640124,52.84,0.18
