Date,Open,High,Low,Close,Volume,Dividends,Stock Splits
2021-04-12 00:00:00-04:00,244.40945962367468,247.2497628012072,244.32308812226344,245.56092834472656,27148700,0.0,0.0
2021-04-13 00:00:00-04:00,246.85638119663275,248.70832471522863,246.4437481976679,248.03662109375,23837500,0.0,0.0
2021-04-14 00:00:00-04:00,247.06742699301665,248.36280908207007,244.84124159709435,245.25384521484375,23070900,0.0,0.0
2021-04-15 00:00:00-04:00,247.49917607756265,249.41829508741483,247.30728174663673,249.0056915283203,25627500,0.0,0.0
2021-04-16 00:00:00-04:00,248.97689614166003,250.4450209552328,247.18252462323014,250.19552612304688,24878600,0.0,0.0
2021-04-19 00:00:00-04:00,249.66777059283316,250.90561045767913,247.39361942763858,248.27639770507812,23209300,0.0,0.0
2021-04-20 00:00:00-04:00,247.39367885760478,249.6774355364168,246.45329984767133,247.81588745117188,19722900,0.0,0.0
2021-04-21 00:00:00-04:00,248.4683450570387,250.13796925520947,246.8466871216118,250.04200744628906,24030400,0.0,0.0
2021-04-22 00:00:00-04:00,249.6870140739472,251.19352978714605,245.3018339862112,246.7699737548828,25606200,0.0,0.0
2021-04-23 00:00:00-04:00,247.45123983804805,250.93444594888362,246.86589324164044,250.5889892578125,21462600,0.0,0.0
2021-04-26 00:00:00-04:00,251.07834509387854,251.82680034091737,249.64861079357635,250.9727783203125,19763300,0.0,0.0
2021-04-27 00:00:00-04:00,251.0016273911271,252.5465338213757,249.60067835062966,251.37586975097656,31014200,0.0,0.0
2021-04-28 00:00:00-04:00,245.72402306023824,246.1654415847011,242.72061130265914,244.2655029296875,46903100,0.0,0.0
2021-04-29 00:00:00-04:00,245.12911354726194,245.74323113487725,238.93035179332017,242.29840087890625,40589000,0.0,0.0
2021-04-30 00:00:00-04:00,239.64042208199547,242.84534766283653,239.50608432237092,241.9817352294922,30945100,0.0,0.0
2021-05-03 00:00:00-04:00,243.1523979660195,244.06399130382755,240.96460323871534,241.6746826171875,19626600,0.0,0.0
2021-05-04 00:00:00-04:00,240.8206790565612,241.0509786364311,235.821366992888,237.76927185058594,32756100,0.0,0.0
2021-05-05 00:00:00-04:00,238.98789545222698,239.4101039903154,235.87893192942408,236.5026397705078,21901300,0.0,0.0
2021-05-06 00:00:00-04:00,236.4834442394811,239.7555457646202,234.79462473056245,239.63079833984375,26491100,0.0,0.0
2021-05-07 00:00:00-04:00,241.95295146590863,244.0160134266029,241.01258714133363,242.25042724609375,27032900,0.0,0.0
2021-05-10 00:00:00-04:00,240.72472211515404,241.54994399092692,237.126373466444,237.18394470214844,29299900,0.0,0.0
2021-05-11 00:00:00-04:00,234.6603010402085,236.62740113121535,232.76037714863403,236.27235412597656,33641600,0.0,0.0
2021-05-12 00:00:00-04:00,232.37654952810314,234.49718271340848,228.44236390313688,229.33474731445312,36684400,0.0,0.0
2021-05-13 00:00:00-04:00,232.02152794835033,235.66785757262463,231.65689059340738,233.2017822265625,29624300,0.0,0.0
2021-05-14 00:00:00-04:00,235.64865494854968,239.10306082061462,235.5622980961346,238.11471557617188,23901100,0.0,0.0
2021-05-17 00:00:00-04:00,236.57940755176028,236.61778349101087,233.67194331645007,235.26480102539062,24970200,0.0,0.0
2021-05-18 00:00:00-04:00,236.31075341180204,236.44509117389674,233.07702751284302,233.249755859375,20168000,0.0,0.0
2021-05-19 00:00:00-04:00,230.16246611695865,233.93262388279754,229.47961380869796,233.8268280029297,25739800,0.56,0.0
2021-05-20 00:00:00-04:00,234.63470174976987,238.47217569165701,234.53851835238595,237.05836486816406,21800700,0.0,0.0
2021-05-21 00:00:00-04:00,238.10673157029987,238.83767555656837,235.38490555585892,235.7984619140625,21863100,0.0,0.0
2021-05-24 00:00:00-04:00,238.31828691309914,241.5594795417082,238.04899101242594,241.19400024414062,21411500,0.0,0.0
2021-05-25 00:00:00-04:00,242.14619045877527,243.08872621785105,241.2325067869294,242.0980987548828,17704300,0.0,0.0
2021-05-26 00:00:00-04:00,241.819173240438,243.2714634355035,241.16517303578058,241.87689208984375,17771600,0.0,0.0
2021-05-27 00:00:00-04:00,241.56911515709095,241.86726317029425,239.72250822888856,239.78021240234375,24426200,0.0,0.0
2021-05-28 00:00:00-04:00,241.40559779033563,242.44431686460024,240.0206390246495,240.13604736328125,18270200,0.0,0.0
2021-06-01 00:00:00-04:00,241.62677701036466,241.68448117371312,237.52000751313417,237.94317626953125,23213300,0.0,0.0
2021-06-02 00:00:00-04:00,238.64532119633685,239.7417445032834,236.4428474366505,237.8470458984375,19406700,0.0,0.0
2021-06-03 00:00:00-04:00,235.84653488909666,236.9237185044888,233.7113925974972,236.31781005859375,25307700,0.0,0.0
2021-06-04 00:00:00-04:00,238.28946553877864,242.0307712219281,238.0490216910813,241.20364379882812,25281100,0.0,0.0
2021-06-07 00:00:00-04:00,240.42459870903608,244.3774959981243,240.2610986600382,244.1082000732422,23079200,0.0,0.0
2021-06-08 00:00:00-04:00,245.40658282034158,246.22409767473246,242.85786953493397,242.91558837890625,22455000,0.0,0.0
2021-06-09 00:00:00-04:00,244.10821346748003,245.76246833996902,243.53115702915264,243.89662170410156,17937600,0.0,0.0
2021-06-10 00:00:00-04:00,244.56980954753342,247.61863517541653,243.97351361873402,247.40704345703125,24563600,0.0,0.0
2021-06-11 00:00:00-04:00,248.12839586874716,248.609283510247,246.80114128203925,248.03224182128906,18999700,0.0,0.0
2021-06-14 00:00:00-04:00,248.04185763593912,250.01351471996307,246.98389887756707,249.955810546875,19150500,0.0,0.0
2021-06-15 00:00:00-04:00,249.84032894346996,250.0519206579599,247.83022233134025,248.48422241210938,18038900,0.0,0.0
2021-06-16 00:00:00-04:00,249.48449295997696,250.6193807060856,244.69485634370264,247.54171752929688,27220000,0.0,0.0
2021-06-17 00:00:00-04:00,246.28188289865054,251.74476121719874,246.22417871121291,250.92724609375,27565500,0.0,0.0
2021-06-18 00:00:00-04:00,249.70573350554895,252.27365719884,248.85936651938206,249.51336669921875,37202200,0.0,0.0
2021-06-21 00:00:00-04:00,249.88850826319074,253.44705987166952,248.06114075061433,252.59109497070312,26696100,0.0,0.0
2021-06-22 00:00:00-04:00,252.67758558788293,255.63024254135578,252.3698104749173,255.36094665527344,24694100,0.0,0.0
2021-06-23 00:00:00-04:00,255.82263695358807,256.63052479177776,254.32226963251347,255.13015747070312,19518700,0.0,0.0
2021-06-24 00:00:00-04:00,255.9861098893135,257.61151244689773,255.32248260362277,256.495849609375,21446900,0.0,0.0
2021-06-25 00:00:00-04:00,256.05341754170934,257.03441766201166,254.6396068486284,254.8896484375,25611100,0.0,0.0
2021-06-28 00:00:00-04:00,256.01495201827004,258.6213546854569,255.74565612665353,258.4482421875,19590000,0.0,0.0
2021-06-29 00:00:00-04:00,258.59252746788644,261.26626170283777,257.7365626894256,261.02581787109375,19937800,0.0,0.0
2021-06-30 00:00:00-04:00,260.34292678716713,260.98729972356773,259.29459535920773,260.5448913574219,21656500,0.0,0.0
2021-07-01 00:00:00-04:00,259.3041265310135,261.44889520569876,259.2945287403573,261.21807861328125,16725300,0.0,0.0
2021-07-02 00:00:00-04:00,262.391594122123,267.3735840761219,262.0838189235368,267.0369567871094,26458000,0.0,0.0
2021-07-06 00:00:00-04:00,267.40236092120523,268.6911361826912,263.81492881537,267.0465087890625,31565600,0.0,0.0
2021-07-07 00:00:00-04:00,268.71999662413555,269.9606949040537,266.55600233060557,269.229736328125,23260000,0.0,0.0
2021-07-08 00:00:00-04:00,266.31559288844903,268.0756582442465,264.36319007014714,266.81573486328125,24618600,0.0,0.0
2021-07-09 00:00:00-04:00,265.1807143722743,267.4216381390511,264.7960100826157,267.31585693359375,23916700,0.0,0.0
2021-07-12 00:00:00-04:00,268.4891758346326,269.07584463447415,266.0077793129093,266.7195129394531,18931700,0.0,0.0
2021-07-13 00:00:00-04:00,266.9118604799698,272.03813906947397,266.7868543506358,270.2396240234375,26120100,0.0,0.0
2021-07-14 00:00:00-04:00,271.557233051648,272.8171562130653,269.8260200844515,271.71112060546875,23113700,0.0,0.0
2021-07-15 00:00:00-04:00,271.22070421622124,271.71121913746225,269.1336383650554,270.28778076171875,22604200,0.0,0.0
2021-07-16 00:00:00-04:00,271.2878604937852,273.24026242004686,268.77761267371085,270.018310546875,26186800,0.0,0.0
2021-07-19 00:00:00-04:00,268.2679788683728,269.65293765611636,263.9592442852176,266.42138671875,32935600,0.0,0.0
2021-07-20 00:00:00-04:00,267.40239850810826,270.2300203759046,265.70006671057956,268.6430969238281,26259700,0.0,0.0
2021-07-21 00:00:00-04:00,268.23914676268924,270.75899355414396,266.69070249429734,270.6435852050781,24364300,0.0,0.0
2021-07-22 00:00:00-04:00,272.9903826413608,275.4717801246783,272.5864533261634,275.2024841308594,23384100,0.0,0.0
2021-07-23 00:00:00-04:00,276.38534199654606,278.9051883924715,275.5486022461029,278.5974426269531,22768100,0.0,0.0
2021-07-26 00:00:00-04:00,277.9530216151671,278.61664882454664,275.68324632300676,278.0010986328125,23176100,0.0,0.0
2021-07-27 00:00:00-04:00,278.36658164145285,278.51084204738186,272.1342972969276,275.5870666503906,33604100,0.0,0.0
2021-07-28 00:00:00-04:00,277.943434405772,279.0590972753007,272.98067033830415,275.2793273925781,33566900,0.0,0.0
2021-07-29 00:00:00-04:00,275.2985435397369,277.5875733755724,275.1446559746078,275.5486145019531,18168300,0.0,0.0
2021-07-30 00:00:00-04:00,274.2694496090991,275.70248527997103,273.0576034519027,274.0193786621094,20944800,0.0,0.0
2021-08-02 00:00:00-04:00,275.41397422948273,275.8083056438092,272.89412751695914,273.932861328125,16267400,0.0,0.0
2021-08-03 00:00:00-04:00,274.50992752859145,276.2507385273349,273.1441936458983,276.1449279785156,17879000,0.0,0.0
2021-08-04 00:00:00-04:00,275.2793045071055,276.59693186168965,273.76931036819576,275.5582275390625,16191300,0.0,0.0
2021-08-05 00:00:00-04:00,275.9140841592982,278.55896605599236,275.1639006499143,278.4531555175781,13900200,0.0,0.0
2021-08-06 00:00:00-04:00,277.48174751216084,278.43389548261604,276.62575357226086,278.3954162597656,16589300,0.0,0.0
2021-08-09 00:00:00-04:00,278.67435793533804,280.4055415160007,276.8085117411987,277.3086242675781,16117600,0.0,0.0
2021-08-10 00:00:00-04:00,277.7606812698353,278.1934918740184,274.29831384057627,275.49090576171875,18616600,0.0,0.0
2021-08-11 00:00:00-04:00,276.2315480324196,277.6261343230459,274.93314516719175,275.98150634765625,13955900,0.0,0.0
2021-08-12 00:00:00-04:00,275.6736478943844,278.88597374560374,275.3947248502605,278.7320861816406,14561300,0.0,0.0
2021-08-13 00:00:00-04:00,278.41476627205253,281.7040218560263,278.24162438521927,281.65594482421875,18249000,0.0,0.0
2021-08-16 00:00:00-04:00,281.98291302988906,283.55061152329273,278.93407230117066,283.3390197753906,22507600,0.0,0.0
2021-08-17 00:00:00-04:00,281.21341638939873,282.21364129239646,279.9534640914063,281.87701416015625,20075300,0.0,0.0
2021-08-18 00:00:00-04:00,281.4145875343293,284.09344038644264,279.7089674078397,280.1522521972656,21813000,0.56,0.0
2021-08-19 00:00:00-04:00,278.1864346679161,286.6469859033091,278.1382656084222,285.9724426269531,29850500,0.0,0.0
2021-08-20 00:00:00-04:00,288.81521057004136,294.7125403153344,287.2156032523231,293.286376953125,40817600,0.0,0.0
2021-08-23 00:00:00-04:00,292.21667776411977,294.2884471743219,290.86762066495834,293.56573486328125,22830200,0.0,0.0
2021-08-24 00:00:00-04:00,293.92232360780326,294.5294067686128,291.0122120736746,291.6096496582031,18175800,0.0,0.0
2021-08-25 00:00:00-04:00,293.2284806156416,293.5079376265004,289.48967340701506,291.0218200683594,20006100,0.0,0.0
2021-08-26 00:00:00-04:00,290.0389036898351,291.42651371995913,288.0731473198594,288.2080383300781,17666100,0.0,0.0
2021-08-27 00:00:00-04:00,288.1116739143192,289.92327755138285,286.0302588466658,288.81512451171875,22605700,0.0,0.0
2021-08-30 00:00:00-04:00,290.1641777400818,293.1513945858638,290.10636310625455,292.5443115234375,16348100,0.0,0.0
2021-08-31 00:00:00-04:00,293.3441394842218,293.42121586283224,290.53036644546444,290.89654541015625,26285300,0.0,0.0
2021-09-01 00:00:00-04:00,291.85055818104365,294.08615577563324,290.5207625531025,290.848388671875,18983800,0.0,0.0
2021-09-02 00:00:00-04:00,291.20496087003505,292.3227302959744,289.2584364332611,290.1931457519531,16285600,0.0,0.0
2021-09-03 00:00:00-04:00,290.03896669123856,291.5904047928127,289.3355453558773,290.18353271484375,14747900,0.0,0.0
2021-09-07 00:00:00-04:00,290.05824109463697,290.13531748316177,287.3504808113143,289.2584228515625,17180400,0.0,0.0
2021-09-08 00:00:00-04:00,288.873035877343,289.6728248620788,286.6470834777918,289.2873840332031,15046800,0.0,0.0
2021-09-09 00:00:00-04:00,289.87511543646343,291.1470962428215,286.1940934395369,286.43499755859375,19927000,0.0,0.0
2021-09-10 00:00:00-04:00,287.5624103075582,289.0078348637292,284.6330083063583,284.95098876953125,19633400,0.0,0.0
2021-09-13 00:00:00-04:00,286.7240711170078,287.678071426656,283.3803207637957,286.1844482421875,23652900,0.0,0.0
2021-09-14 00:00:00-04:00,288.66095649526324,290.42439115897747,287.2540846387654,288.8825988769531,21853400,0.0,0.0
2021-09-15 00:00:00-04:00,292.2263443776221,294.211391982283,290.8387342879429,293.7295837402344,28356300,0.0,0.0
2021-09-16 00:00:00-04:00,292.70817930849984,294.20177323213824,289.81732959262365,294.11505126953125,19550800,0.0,0.0
2021-09-17 00:00:00-04:00,293.1032859884223,293.4212665400656,288.6320906685241,288.959716796875,41372500,0.0,0.0
2021-09-20 00:00:00-04:00,285.5484866618961,287.8515443910694,278.98626014030367,283.59234619140625,38278700,0.0,0.0
2021-09-21 00:00:00-04:00,284.93179059163447,286.7144871567123,283.3707364278861,284.07415771484375,22364100,0.0,0.0
2021-09-22 00:00:00-04:00,285.9339770236081,289.29698969688434,283.7947469001605,287.7166442871094,26626300,0.0,0.0
2021-09-23 00:00:00-04:00,287.9767902418922,289.9521922582794,286.70480943359127,288.66094970703125,18604600,0.0,0.0
2021-09-24 00:00:00-04:00,287.3793723405542,288.8922279642704,286.1266531897196,288.4586181640625,14999000,0.0,0.0
2021-09-27 00:00:00-04:00,285.36539716620223,285.6833776639269,282.28181268174734,283.4670715332031,23571700,0.0,0.0
2021-09-28 00:00:00-04:00,279.25607020918045,280.20042503434115,272.4625851539167,273.2045593261719,43186200,0.0,0.0
2021-09-29 00:00:00-04:00,274.7271290344914,276.3363524670483,272.713173645824,273.6671447753906,26353700,0.0,0.0
2021-09-30 00:00:00-04:00,275.31486617919455,277.35772848518707,271.3736781629652,271.66278076171875,32343600,0.0,0.0
2021-10-01 00:00:00-04:00,271.8554890446492,279.42953021502547,271.05570026891905,278.58154296875,30086300,0.0,0.0
2021-10-04 00:00:00-04:00,276.9434331461272,277.280704871904,270.05357963632,272.80950927734375,31350700,0.0,0.0
2021-10-05 00:00:00-04:00,273.71522140234265,279.8341913063189,273.71522140234265,278.2538757324219,24993000,0.0,0.0
2021-10-06 00:00:00-04:00,275.3824109462825,282.946808790649,275.1222449940411,282.4457092285156,28002600,0.0,0.0
2021-10-07 00:00:00-04:00,284.4402643887922,285.8471654194184,283.22612779643686,284.1222839355469,20430500,0.0,0.0
2021-10-08 00:00:00-04:00,285.44243361714194,285.8471654194184,283.0719456530571,284.1222839355469,17685700,0.0,0.0
2021-10-11 00:00:00-04:00,282.26256704142725,287.1288187573514,282.0987392920623,283.52490234375,19298600,0.0,0.0
2021-10-12 00:00:00-04:00,284.5944565534147,284.690824072325,281.71325300359666,282.2239685058594,17974100,0.0,0.0
2021-10-13 00:00:00-04:00,284.1801784650092,286.4639451294158,282.81182993730505,285.52923583984375,23416300,0.0,0.0
2021-10-14 00:00:00-04:00,288.32368317323034,292.2359637895139,286.9938877052562,291.7348937988281,27262900,0.0,0.0
2021-10-15 00:00:00-04:00,291.33982641094127,293.3730726386509,289.5860372188823,293.14178466796875,25384800,0.0,0.0
2021-10-18 00:00:00-04:00,292.52511657650416,296.9962825877865,291.6771292104213,296.1097717285156,22729300,0.0,0.0
2021-10-19 00:00:00-04:00,297.1312237845537,298.04664203126316,296.0423321773978,297.0155944824219,17682100,0.0,0.0
2021-10-20 00:00:00-04:00,297.95987037171125,298.4320624863461,294.9726531333277,296.2253723144531,16537100,0.0,0.0
2021-10-21 00:00:00-04:00,295.994050963795,299.703950433072,295.2134946556288,299.45343017578125,16918100,0.0,0.0
2021-10-22 00:00:00-04:00,299.10658782442397,299.77148563337295,296.6011787740469,297.9117126464844,17449300,0.0,0.0
2021-10-25 00:00:00-04:00,298.1043577788396,298.14291066917554,295.3098760778801,296.91912841796875,17554500,0.0,0.0
2021-10-26 00:00:00-04:00,299.6847813807239,301.03383882381803,297.3721072772416,298.8271484375,28107300,0.0,0.0
2021-10-27 00:00:00-04:00,304.50281355306396,314.2353460702273,304.50281355306396,311.4119567871094,52588700,0.0,0.0
2021-10-28 00:00:00-04:00,312.5296895645361,313.05005064705665,309.6677477215304,312.5489807128906,26297900,0.0,0.0
2021-10-29 00:00:00-04:00,312.33699627026226,319.92065282329474,312.11535390609777,319.5544738769531,34766000,0.0,0.0
2021-11-01 00:00:00-04:00,319.30397060914856,319.429245467658,314.4955333639382,317.3863830566406,27073200,0.0,0.0
2021-11-02 00:00:00-04:00,318.292176820312,321.3179468699199,317.9934580456365,321.00958251953125,26487100,0.0,0.0
2021-11-03 00:00:00-04:00,321.7515938792344,322.7152105302098,318.6198397635644,321.84796142578125,21500100,0.0,0.0
2021-11-04 00:00:00-04:00,320.7783004950608,324.2954947256181,317.52127212453837,324.1991271972656,23992200,0.0,0.0
2021-11-05 00:00:00-04:00,326.19381887877574,326.4636303126045,322.2526310669871,323.83294677734375,22570100,0.0,0.0
2021-11-08 00:00:00-05:00,325.0278447491498,325.36511641707693,322.2719155808302,324.7291259765625,20897000,0.0,0.0
2021-11-09 00:00:00-05:00,324.84478968180053,326.39622775578675,322.35867170289976,323.7270202636719,21307400,0.0,0.0
2021-11-10 00:00:00-05:00,322.3972273444752,322.45504199048236,317.91641583544316,318.7643737792969,25500900,0.0,0.0
2021-11-11 00:00:00-05:00,319.197991984075,321.62629517799496,318.48492512550797,320.3350524902344,16849800,0.0,0.0
2021-11-12 00:00:00-05:00,321.7708793286239,324.96044803422893,321.6456044610585,324.468994140625,23831000,0.0,0.0
2021-11-15 00:00:00-05:00,325.2591690047351,325.58679513357146,321.87686518692334,323.8426513671875,16723000,0.0,0.0
2021-11-16 00:00:00-05:00,323.4667424297264,328.2752082081739,323.3029441116358,327.15740966796875,20886800,0.0,0.0
2021-11-17 00:00:00-05:00,327.2057858501784,330.3432697598769,326.2983266086432,327.3795471191406,19053400,0.62,0.0
2021-11-18 00:00:00-05:00,326.47199828045603,330.5941871717435,325.448698473781,329.45501708984375,22463500,0.0,0.0
2021-11-19 00:00:00-05:00,330.7776231911043,333.152448348102,330.3528538835382,331.2313232421875,21963400,0.0,0.0
2021-11-22 00:00:00-05:00,332.6890870606931,337.56427133664994,327.79460580022015,328.0649108886719,31031100,0.0,0.0
2021-11-23 00:00:00-05:00,325.381155553639,327.69808997134413,322.0119904551096,325.9893493652344,30427600,0.0,0.0
2021-11-24 00:00:00-05:00,324.6378826820844,326.45280122259743,322.34993751851977,326.2114562988281,21661300,0.0,0.0
2021-11-26 00:00:00-05:00,322.77466242134005,326.230708290166,316.76033714457986,318.2663269042969,24217200,0.0,0.0
2021-11-29 00:00:00-05:00,323.3441535561007,327.29255146104833,323.15106590663515,324.97564697265625,28563500,0.0,0.0
2021-11-30 00:00:00-05:00,323.7110306026671,326.08585570049416,317.60016244351027,319.144775390625,42885600,0.0,0.0
2021-12-01 00:00:00-05:00,323.52755722387104,327.5338752743633,317.9862896800545,318.6523742675781,33337600,0.0,0.0
2021-12-02 00:00:00-05:00,318.8648101968354,321.94437289922337,316.4513616502016,318.0828552246094,30766000,0.0,0.0
2021-12-03 00:00:00-05:00,320.4963603630018,321.18180108322787,307.01966954803913,311.8272705078125,41779300,0.0,0.0
2021-12-06 00:00:00-05:00,312.7346847030442,316.1135127790288,308.1780925192748,314.8971252441406,30032600,0.0,0.0
2021-12-07 00:00:00-05:00,320.1584165809555,324.17436868608456,318.6717241569849,323.3248596191406,31021900,0.0,0.0
2021-12-08 00:00:00-05:00,323.70139443658877,323.8848188965732,319.34752350913357,323.3731689453125,24761000,0.0,0.0
2021-12-09 00:00:00-05:00,322.832576975175,324.84055346464856,320.62184956942644,321.56793212890625,22214200,0.0,0.0
2021-12-10 00:00:00-05:00,323.38282488539363,331.1251576149035,323.1994004295398,330.68109130859375,38095700,0.0,0.0
2021-12-13 00:00:00-05:00,328.88552605948894,331.88787203567045,327.34091275560786,327.64984130859375,28899400,0.0,0.0
2021-12-14 00:00:00-05:00,321.68374322246143,323.0545950116288,312.88912106633165,316.9726867675781,44438700,0.0,0.0
2021-12-15 00:00:00-05:00,317.23333915012444,323.5855526741377,313.26564359900055,323.0642395019531,35381100,0.0,0.0
2021-12-16 00:00:00-05:00,324.0875129645706,325.1011790200771,311.83684591434667,313.6517639160156,35034800,0.0,0.0
2021-12-17 00:00:00-05:00,309.77095234774947,313.67109344538676,306.2666203467996,312.58984375,47750300,0.0,0.0
2021-12-20 00:00:00-05:00,308.96970202135424,311.6244956878622,306.5755796789902,308.8345642089844,28326500,0.0,0.0
2021-12-21 00:00:00-05:00,312.09749750257555,316.38378416236156,308.72830354629133,315.9590148925781,24740600,0.0,0.0
2021-12-22 00:00:00-05:00,316.93404606965555,322.06020834026276,314.47234037759364,321.6644287109375,24831500,0.0,0.0
2021-12-23 00:00:00-05:00,321.2300361252478,324.7440317285957,321.2107391407732,323.1028747558594,19617800,0.0,0.0
2021-12-27 00:00:00-05:00,323.84615541209826,330.6231374487701,323.8171952094219,330.59417724609375,19947000,0.0,0.0
2021-12-28 00:00:00-05:00,331.2698529399604,331.9070067210348,328.53784287937066,329.4356384277344,15661500,0.0,0.0
2021-12-29 00:00:00-05:00,329.48402148531875,332.38016007251247,327.9201113620014,330.1115417480469,15042000,0.0,0.0
2021-12-30 00:00:00-05:00,330.072869357275,331.250633386475,327.0898505902694,327.5725402832031,15994500,0.0,0.0
2021-12-31 00:00:00-05:00,326.79066689386144,327.61121600779853,324.22275355126135,324.6764831542969,18000800,0.0,0.0
2022-01-03 00:00:00-05:00,323.7400001560889,326.29824977245147,318.3628296202537,323.1607666015625,28865100,0.0,0.0
2022-01-04 00:00:00-05:00,323.23793081044835,323.5951458907131,314.8294855450226,317.61944580078125,32674300,0.0,0.0
2022-01-05 00:00:00-05:00,314.57856765657084,314.78131857507753,305.0406424002805,305.4267883300781,40054300,0.0,0.0
2022-01-06 00:00:00-05:00,302.30856806148427,307.66644167118665,300.7060346434731,303.0133056640625,39646100,0.0,0.0
2022-01-07 00:00:00-05:00,303.2739937762214,305.54264171592666,299.35455497870817,303.1678161621094,32720000,0.0,0.0
2022-01-10 00:00:00-05:00,298.77534835896216,303.8242947018731,294.14153766971515,303.3898620605469,44289500,0.0,0.0
2022-01-11 00:00:00-05:00,302.53061283786786,305.64876956592934,299.1614480285225,304.0752258300781,29386800,0.0,0.0
2022-01-12 00:00:00-05:00,308.60289772987363,312.2134078663537,306.10253873709456,307.2513427734375,34372200,0.0,0.0
2022-01-13 00:00:00-05:00,309.3752235502706,309.77103274969136,293.47541923124135,294.2477111816406,45366000,0.0,0.0
2022-01-14 00:00:00-05:00,293.71676410090123,300.0593155927295,293.2340742667173,299.4607849121094,39846400,0.0,0.0
2022-01-18 00:00:00-05:00,293.5428791020165,299.074483415104,291.2935289246399,292.1720275878906,42333200,0.0,0.0
2022-01-19 00:00:00-05:00,295.6860659770476,303.0422523236715,292.2203574511124,292.8285217285156,45933900,0.0,0.0
2022-01-20 00:00:00-05:00,298.3698641905101,300.8605304633222,290.71441143988926,291.1584777832031,35380700,0.0,0.0
2022-01-21 00:00:00-05:00,292.21077366823675,293.5815962967534,285.3758691298615,285.7813415527344,57984400,0.0,0.0
2022-01-24 00:00:00-05:00,282.08388134377833,286.82386842126607,266.49297997417904,286.1094970703125,85731500,0.0,0.0
2022-01-25 00:00:00-05:00,281.42744884707827,284.77731721920185,275.2973119894379,278.5023498535156,72848600,0.0,0.0
2022-01-26 00:00:00-05:00,297.32728711362313,297.81964019269344,282.88521491771667,286.43780517578125,90428900,0.0,0.0
2022-01-27 00:00:00-05:00,292.1817275159188,296.66107253209896,287.615472429576,289.4593505859375,53481300,0.0,0.0
2022-01-28 00:00:00-05:00,289.83598367673676,297.80036690903785,284.25608969363947,297.5879821777344,49743700,0.0,0.0
2022-01-31 00:00:00-05:00,298.25405611410014,301.56530125918164,295.7633601067022,300.2137756347656,46444500,0.0,0.0
2022-02-01 00:00:00-05:00,299.66348813934843,299.87587283189384,294.56628497930495,298.07061767578125,40950400,0.0,0.0
2022-02-02 00:00:00-05:00,298.9104284628024,304.21035194352163,298.1863939124947,302.6078186035156,36636000,0.0,0.0
2022-02-03 00:00:00-05:00,298.77533651263883,300.4551171262544,289.57526968626684,290.82061767578125,43730000,0.0,0.0
2022-02-04 00:00:00-05:00,289.816480606518,298.1090843769786,289.5847990266699,295.3481140136719,35096500,0.0,0.0
2022-02-07 00:00:00-05:00,295.57022651592763,297.18239363022644,289.5172787684884,290.53094482421875,28533300,0.0,0.0
2022-02-08 00:00:00-05:00,290.8206174669248,294.9814013715594,289.5656357153874,294.0160217285156,32421200,0.0,0.0
2022-02-09 00:00:00-05:00,299.14215544071413,301.1308349501558,296.74803301981893,300.4357604980469,31284700,0.0,0.0
2022-02-10 00:00:00-05:00,293.5140327543915,298.4181483420068,290.2896683057425,291.9114990234375,45386200,0.0,0.0
2022-02-11 00:00:00-05:00,292.6933981582962,293.755321446796,284.03394330282464,284.8255615234375,39175600,0.0,0.0
2022-02-14 00:00:00-05:00,283.599498987924,286.4860034605709,281.263297311286,284.78692626953125,36359500,0.0,0.0
2022-02-15 00:00:00-05:00,289.6235605596376,290.38618927733245,286.7370553493468,290.067626953125,27058300,0.0,0.0
2022-02-16 00:00:00-05:00,288.635864710569,291.0543038082839,284.09887060149885,289.72900390625,29982100,0.62,0.0
2022-02-17 00:00:00-05:00,286.6914169855192,287.1170646088115,280.53892237568306,281.2451171875,32461600,0.0,0.0
2022-02-18 00:00:00-05:00,283.48945825392775,284.2730302677064,276.9693549958802,278.5364990234375,34264000,0.0,0.0
2022-02-22 00:00:00-05:00,275.702080365006,282.02872584374245,275.2183925047165,278.3333435058594,41736100,0.0,0.0
2022-02-23 00:00:00-05:00,280.7130382995433,282.1834680729997,270.9619054573808,271.1263427734375,37811200,0.0,0.0
2022-02-24 00:00:00-05:00,263.61957404294975,285.5306287899003,262.6618519792794,284.9792175292969,56989700,0.0,0.0
2022-02-25 00:00:00-05:00,285.5112545529005,287.92001039879176,282.135093565402,287.6104431152344,32546700,0.0,0.0
2022-02-28 00:00:00-05:00,284.7083218045915,289.38076267083534,283.44106207991604,289.04217529296875,34627500,0.0,0.0
2022-03-01 00:00:00-05:00,286.73006922709993,290.1836065695197,282.6187236828731,285.327392578125,31217800,0.0,0.0
2022-03-02 00:00:00-05:00,285.7240737108103,291.63475461259384,284.118256021791,290.3965148925781,31873000,0.0,0.0
2022-03-03 00:00:00-05:00,293.0084173965025,293.2405780996094,284.4567908872236,286.26580810546875,27314500,0.0,0.0
2022-03-04 00:00:00-05:00,284.6889381946854,286.01423787839684,277.80122950255003,280.4034423828125,32356500,0.0,0.0
2022-03-07 00:00:00-05:00,279.1169100246889,280.23906938127266,269.4431530078945,269.8107604980469,43157200,0.0,0.0
2022-03-08 00:00:00-05:00,268.7369507911687,274.695988493688,261.19143233256847,266.8505859375,48159500,0.0,0.0
2022-03-09 00:00:00-05:00,274.192941941818,280.1519791699358,271.6197193077244,279.0878601074219,35204500,0.0,0.0
2022-03-10 00:00:00-05:00,273.7866342304661,277.2498554429739,271.42623538275626,276.2727966308594,30628000,0.0,0.0
2022-03-11 00:00:00-05:00,278.5654386141769,280.06488834104937,270.31372684225215,270.932861328125,27209300,0.0,0.0
2022-03-14 00:00:00-04:00,271.19408479495587,276.08900319722903,266.8215575071672,267.42132568359375,30660700,0.0,0.0
2022-03-15 00:00:00-04:00,271.20371896326867,278.4300149062294,269.6365754251253,277.7818603515625,34245100,0.0,0.0
2022-03-16 00:00:00-04:00,279.67790429313914,284.95979554587495,273.9607413197424,284.7856750488281,37826300,0.0,0.0
2022-03-17 00:00:00-04:00,283.72153460608763,285.9658230600183,279.92941011159456,285.58856201171875,30816600,0.0,0.0
2022-03-18 00:00:00-04:00,285.73368363007364,291.1800121692439,283.1798277784117,290.62860107421875,43390600,0.0,0.0
2022-03-21 00:00:00-04:00,289.1388741774251,290.348093539092,285.27902590005374,289.4000549316406,28351200,0.0,0.0
2022-03-22 00:00:00-04:00,290.0191685986224,295.0495331029309,289.0227729955793,294.14019775390625,27599700,0.0,0.0
2022-03-23 00:00:00-04:00,290.70610253252346,293.33736581180995,288.0071158639621,289.7193603515625,25715400,0.0,0.0
2022-03-24 00:00:00-04:00,289.3807198521377,294.2756374968961,288.58746486067383,294.17889404296875,24484500,0.0,0.0
2022-03-25 00:00:00-04:00,295.27209408375734,295.5332748935633,289.5258800923185,293.77264404296875,22566500,0.0,0.0
2022-03-28 00:00:00-04:00,294.4013915103594,300.66031257135194,294.4013915103594,300.5635986328125,29578200,0.0,0.0
2022-03-29 00:00:00-04:00,303.6688707174927,305.5165616109736,298.9674100649689,305.11993408203125,30393400,0.0,0.0
2022-03-30 00:00:00-04:00,303.5238609822044,305.6424164892386,301.4149591588858,303.6205749511719,28163600,0.0,0.0
2022-03-31 00:00:00-04:00,303.65915116071864,304.85871680672483,297.84524471777274,298.25152587890625,33422100,0.0,0.0
2022-04-01 00:00:00-04:00,299.27705294890603,300.01226801972274,295.57201654501256,299.325439453125,27110500,0.0,0.0
2022-04-04 00:00:00-04:00,299.9734174558661,304.8296310641929,299.60581010092596,304.6942138671875,24289600,0.0,0.0
2022-04-05 00:00:00-04:00,303.04971351922677,304.5975202300645,299.76064270992003,300.7377014160156,23156700,0.0,0.0
2022-04-06 00:00:00-04:00,295.23337365440614,296.98432119939486,287.03001760705087,289.72900390625,40110400,0.0,0.0
2022-04-07 00:00:00-04:00,286.9816933883639,293.7436404303179,286.6818092677771,291.53802490234375,31411200,0.0,0.0
2022-04-08 00:00:00-04:00,290.63834994645777,291.2961583197062,286.61406359876185,287.28155517578125,24361900,0.0,0.0
2022-04-11 00:00:00-04:00,282.27054447193905,283.06377005501855,275.70205565183903,275.9535827636719,34569300,0.0,0.0
2022-04-12 00:00:00-04:00,279.80375250936805,281.25481613450495,271.33921469606946,272.8580017089844,30966700,0.0,0.0
2022-04-13 00:00:00-04:00,273.5061508141746,279.1652752180004,272.12278108336227,278.2366027832031,21907200,0.0,0.0
2022-04-14 00:00:00-04:00,278.6913092334907,278.90413310453835,270.20743353057696,270.7007751464844,28221600,0.0,0.0
2022-04-18 00:00:00-04:00,269.8106429964508,273.2448134330581,269.2592320013598,271.36810302734375,20778000,0.0,0.0
2022-04-19 00:00:00-04:00,270.2654313652648,276.8339207213191,269.3270757429713,275.9922790527344,22297700,0.0,0.0
2022-04-20 00:00:00-04:00,279.95849984253823,280.24873024308215,276.05997725645005,277.0176696777344,22906700,0.0,0.0
2022-04-21 00:00:00-04:00,279.1652405373938,283.73125459736195,270.9232109682988,271.64874267578125,29454600,0.0,0.0
2022-04-22 00:00:00-04:00,272.49029002205936,273.96071949408173,264.4610861748098,265.0898742675781,29405800,0.0,0.0
2022-04-25 00:00:00-04:00,264.3740824976134,271.93893715298736,261.9362771237636,271.5616760253906,35678900,0.0,0.0
2022-04-26 00:00:00-04:00,268.4467917071966,269.2787207469881,261.1914730124075,261.404296875,46518400,0.0,0.0
2022-04-27 00:00:00-04:00,272.89670744793256,281.47732570453576,270.0526203554486,273.98016357421875,63477700,0.0,0.0
2022-04-28 00:00:00-04:00,275.88581968028956,281.48693206044686,272.2774984573496,280.18096923828125,33646600,0.0,0.0
2022-04-29 00:00:00-04:00,279.1942245202134,280.4228102800614,267.47932156887543,268.4660339355469,37073900,0.0,0.0
2022-05-02 00:00:00-04:00,268.6498925117606,275.6440293239036,267.2085121919129,275.1893615722656,35151100,0.0,0.0
2022-05-03 00:00:00-04:00,274.6959996581533,274.8604665193033,271.0103005471974,272.5871276855469,25978600,0.0,0.0
2022-05-04 00:00:00-04:00,273.3706425590282,281.3901938245139,267.7018362258143,280.5195617675781,33599300,0.0,0.0
2022-05-05 00:00:00-04:00,276.2244444799009,277.00801637510676,265.38982566126134,268.3016357421875,43260400,0.0,0.0
2022-05-06 00:00:00-04:00,265.8445279493737,270.13967864846,262.4200095223799,265.76715087890625,37780300,0.0,0.0
2022-05-09 00:00:00-04:00,261.24950264513046,263.4744551461857,254.72939928853663,255.94827270507812,47726000,0.0,0.0
2022-05-10 00:00:00-04:00,262.8262266216796,264.81901759782835,256.42220615250693,260.7076721191406,39336400,0.0,0.0
2022-05-11 00:00:00-04:00,257.0123860481499,262.50707330568844,250.84052394661964,252.04974365234375,48975900,0.0,0.0
2022-05-12 00:00:00-04:00,249.2830033480953,251.40155812616646,241.86323478464925,247.01934814453125,51033800,0.0,0.0
2022-05-13 00:00:00-04:00,248.95412449484758,254.4584941959466,247.0193732332159,252.6011199951172,34925100,0.0,0.0
2022-05-16 00:00:00-04:00,251.47893762285955,257.1477736501881,247.43531494271934,252.9687042236328,32550900,0.0,0.0
2022-05-17 00:00:00-04:00,257.4283458213499,259.57592116021584,253.89743024977278,258.1152038574219,28828800,0.0,0.0
2022-05-18 00:00:00-04:00,255.01235236440064,255.59413551227334,245.09305474022761,246.36326599121094,31356000,0.62,0.0
2022-05-19 00:00:00-04:00,246.18872524247453,249.84424444235316,244.23008588747544,245.45181274414062,32692300,0.0,0.0
2022-05-20 00:00:00-04:00,249.42729026419417,250.68782539404745,238.9553115969885,244.88943481445312,39199300,0.0,0.0
2022-05-23 00:00:00-04:00,247.73046089939714,253.5579245072491,245.73301319601697,252.73373413085938,33175400,0.0,0.0
2022-05-24 00:00:00-04:00,250.05760735374935,253.39310349464947,245.8009223450929,251.73504638671875,29043900,0.0,0.0
2022-05-25 00:00:00-04:00,250.30006186663448,256.5444458423186,249.3207270387267,254.54701232910156,28547900,0.0,0.0
2022-05-26 00:00:00-04:00,254.30446247150167,258.99746097926135,253.48997806179602,257.82421875,25002100,0.0,0.0
2022-05-27 00:00:00-04:00,260.32590258710013,265.0382834774228,259.4338312366583,264.9413146972656,26910800,0.0,0.0
2022-05-31 00:00:00-04:00,264.2529346305631,266.4248936649032,260.7622650462861,263.61297607421875,37827700,0.0,0.0
2022-06-01 00:00:00-04:00,266.84186825760014,269.25623459703166,261.8385798988137,264.14630126953125,25292200,0.0,0.0
2022-06-02 00:00:00-04:00,256.4183173881909,266.30851221318625,253.65486971991317,266.2406311035156,44008200,0.0,0.0
2022-06-03 00:00:00-04:00,262.10032291361057,265.14497113506803,260.25803436231683,261.8191223144531,28059000,0.0,0.0
2022-06-06 00:00:00-04:00,263.79720697367605,265.85281527967646,259.10420716791305,260.5877380371094,22400300,0.0,0.0
2022-06-07 00:00:00-04:00,258.54174632080105,264.83462554604637,257.86299456371626,264.2237548828125,22860700,0.0,0.0
2022-06-08 00:00:00-04:00,263.4578322605081,264.7086616945771,261.4216058677899,262.19732666015625,17372300,0.0,0.0
2022-06-09 00:00:00-04:00,259.64716611698157,264.4274283960142,256.59284170053377,256.74798583984375,26439700,0.0,0.0
2022-06-10 00:00:00-04:00,252.66586076150946,252.66586076150946,244.86036072451404,245.306396484375,31422800,0.0,0.0
2022-06-13 00:00:00-04:00,237.66570001230667,241.45695191998857,234.1944273628666,234.90225219726562,46135800,0.0,0.0
2022-06-14 00:00:00-04:00,236.4536738145781,238.27658064725975,234.17504027372604,237.06454467773438,28651500,0.0,0.0
2022-06-15 00:00:00-04:00,240.76850759522998,247.54621774471534,238.93590988722116,244.1137237548828,33111700,0.0,0.0
2022-06-16 00:00:00-04:00,238.5092727014499,239.90554045067185,235.6391799239251,237.5299530029297,33169200,0.0,0.0
2022-06-17 00:00:00-04:00,237.26815342919429,242.892003168209,236.61850393867869,240.12855529785156,43084800,0.0,0.0
2022-06-21 00:00:00-04:00,242.6592661630262,247.01290422725697,241.9320446589224,246.03358459472656,29928300,0.0,0.0
2022-06-22 00:00:00-04:00,244.23979365415195,249.35944724213846,242.76595376071094,245.442138671875,25939900,0.0,0.0
2022-06-23 00:00:00-04:00,247.80802019464696,251.4925975110486,245.92693810206876,250.99807739257812,25861400,0.0,0.0
2022-06-24 00:00:00-04:00,253.8584834422403,259.8411054436494,253.7712204115489,259.5696105957031,33923200,0.0,0.0
2022-06-27 00:00:00-04:00,260.06414652554236,260.151409571475,255.28388337930917,256.8450012207031,24615100,0.0,0.0
2022-06-28 00:00:00-04:00,255.96258358137382,258.8035884452092,248.5352245163049,248.69036865234375,27295500,0.0,0.0
2022-06-29 00:00:00-04:00,249.76663880388978,254.01361699822033,247.99221661030455,252.35556030273438,20069800,0.0,0.0
2022-06-30 00:00:00-04:00,249.2430436171121,251.64773342761754,245.2190904606339,249.02972412109375,31730900,0.0,0.0
2022-07-01 00:00:00-04:00,248.60313941391496,251.88045986451053,246.877186557772,251.69622802734375,22837700,0.0,0.0
2022-07-05 00:00:00-04:00,248.38004978063267,254.99292350985138,247.00317903247216,254.8668670654297,22941000,0.0,0.0
2022-07-06 00:00:00-04:00,255.73956910040374,259.8507853109402,254.430564439945,258.1248474121094,23824400,0.0,0.0
2022-07-07 00:00:00-04:00,257.0680010610952,260.8883411729017,256.97103225603274,260.2483825683594,20859900,0.0,0.0
2022-07-08 00:00:00-04:00,256.74802329517996,259.95749231914675,255.29358006652834,259.5308532714844,19658800,0.0,0.0
2022-07-11 00:00:00-04:00,257.58183216621444,258.4351100703667,254.21721973412835,256.4764709472656,19455200,0.0,0.0
2022-07-12 00:00:00-04:00,257.8048865798043,257.8630619352438,244.3852139665222,245.96571350097656,35868500,0.0,0.0
2022-07-13 00:00:00-04:00,242.59139634264417,245.84934922574635,240.5745669583086,245.0445556640625,29497400,0.0,0.0
2022-07-14 00:00:00-04:00,242.95987452362783,247.39107006314066,238.47048883303972,246.36326599121094,25102800,0.0,0.0
2022-07-15 00:00:00-04:00,247.95346694603754,252.46223474835,247.03232258587656,248.923095703125,29774100,0.0,0.0
2022-07-18 00:00:00-04:00,251.8610491607276,252.91794086907208,245.60694714545224,246.52809143066406,20975000,0.0,0.0
2022-07-19 00:00:00-04:00,249.75691750411877,251.83193687623702,245.97537194682238,251.647705078125,25012600,0.0,0.0
2022-07-20 00:00:00-04:00,252.00648914711226,256.825544892012,251.04656621862563,254.30450439453125,22788300,0.0,0.0
2022-07-21 00:00:00-04:00,251.89986485024778,256.8449774641106,249.2236799929457,256.7964782714844,22404700,0.0,0.0
2022-07-22 00:00:00-04:00,257.18430744869886,257.27157048099224,251.2017149281793,252.4525146484375,21881300,0.0,0.0
2022-07-25 00:00:00-04:00,253.07305536942803,253.55786965174494,249.01030931635506,250.9689483642578,21056000,0.0,0.0
2022-07-26 00:00:00-04:00,251.96770218262552,251.98711369487128,241.9902440697429,244.2494659423828,39348000,0.0,0.0
2022-07-27 00:00:00-04:00,253.22826018562694,261.8482448041291,250.98842003172433,260.5780334472656,45994000,0.0,0.0
2022-07-28 00:00:00-04:00,261.55734491443076,269.40163763919867,259.734438202384,268.01507568359375,33459300,0.0,0.0
2022-07-29 00:00:00-04:00,269.26594214524397,273.43533434326656,268.22843217911804,272.2135925292969,32152800,0.0,0.0
2022-08-01 00:00:00-04:00,269.3822659732868,272.7371731572371,267.4623903988592,269.5664978027344,21539600,0.0,0.0
2022-08-02 00:00:00-04:00,267.6175741801885,269.4501869895359,264.1075223258195,266.4734191894531,22754200,0.0,0.0
2022-08-03 00:00:00-04:00,268.35442020276383,274.8897074830674,268.208952240517,273.8909912109375,23518900,0.0,0.0
2022-08-04 00:00:00-04:00,273.2413979951584,275.18065569445895,271.66092782643676,275.03521728515625,18098700,0.0,0.0
2022-08-05 00:00:00-04:00,270.67187422288504,275.03520383289623,270.2161475022105,274.31768798828125,16774600,0.0,0.0
2022-08-08 00:00:00-04:00,275.4230007870511,277.2362311831434,270.8366763006836,271.8063049316406,18739200,0.0,0.0
2022-08-09 00:00:00-04:00,271.14691905074545,274.48241375789496,269.1785448532172,273.7261047363281,23405200,0.0,0.0
2022-08-10 00:00:00-04:00,279.4179151918508,281.0080908709291,278.2252612395024,280.3778381347656,24687800,0.0,0.0
2022-08-11 00:00:00-04:00,282.0165514391727,282.3656036148159,277.80836586315127,278.3028564453125,20065900,0.0,0.0
2022-08-12 00:00:00-04:00,279.71855257086617,283.04437255859375,278.225315796299,283.04437255859375,22619700,0.0,0.0
2022-08-15 00:00:00-04:00,282.16196164375015,285.24537391664086,281.2989778667921,284.55694580078125,18085700,0.0,0.0
2022-08-16 00:00:00-04:00,283.12190392197317,285.1096607169614,281.5996091944976,283.8200378417969,18102900,0.0,0.0
2022-08-17 00:00:00-04:00,281.536556451653,285.0443616245307,281.2742116606303,283.07183837890625,18253400,0.62,0.0
2022-08-18 00:00:00-04:00,281.9737992817374,283.64510179006146,280.89521149700556,281.9543762207031,17186200,0.0,0.0
2022-08-19 00:00:00-04:00,280.7203261035374,281.06042243303864,277.4748955705993,278.0481872558594,20570000,0.0,0.0
2022-08-22 00:00:00-04:00,274.0934387624706,274.4626845439324,269.3710544716456,269.88604736328125,25061100,0.0,0.0
2022-08-23 00:00:00-04:00,268.61309814453125,270.96456356636963,267.60253558165664,268.61309814453125,17527400,0.0,0.0
2022-08-24 00:00:00-04:00,267.6122606253299,269.38073768829963,267.3207367981383,267.98150634765625,18137000,0.0,0.0
2022-08-25 00:00:00-04:00,269.47797267194653,271.12012625710213,266.7475342701632,270.9549560546875,16583400,0.0,0.0
2022-08-26 00:00:00-04:00,271.17840374249715,272.40273889149455,260.3927014141226,260.49957275390625,27549300,0.0,0.0
2022-08-29 00:00:00-04:00,258.3229611362696,259.82906392811554,256.3795873901303,257.72052001953125,20338500,0.0,0.0
2022-08-30 00:00:00-04:00,259.1197280644123,259.4889441338361,253.27988099606083,255.52447509765625,22767100,0.0,0.0
2022-08-31 00:00:00-04:00,257.87602743432575,259.5473006086871,253.93095092893435,254.06700134277344,24791800,0.0,0.0
2022-09-01 00:00:00-04:00,251.54060282714602,253.5034294976654,248.17857419191103,253.02728271484375,23263400,0.0,0.0
2022-09-02 00:00:00-04:00,254.29044741444957,257.24435393582866,247.26514117537187,248.81011962890625,22855400,0.0,0.0
2022-09-06 00:00:00-04:00,248.94618474623337,250.53000941495102,244.80678924426493,246.07969665527344,21328200,0.0,0.0
2022-09-07 00:00:00-04:00,247.4886360031437,251.5016925834483,246.05054362667008,250.78265380859375,24126700,0.0,0.0
2022-09-08 00:00:00-04:00,250.21910163068787,253.05641075595742,247.57609726538706,251.2004852294922,20319900,0.0,0.0
2022-09-09 00:00:00-04:00,253.12438844541632,257.72047726789003,252.92034253890802,256.9722595214844,22084700,0.0,0.0
2022-09-12 00:00:00-04:00,258.254948403488,259.8776786073918,257.65250725767163,259.1003112792969,18747700,0.0,0.0
2022-09-13 00:00:00-04:00,251.51140761885284,253.02723665375865,244.46667832262642,244.85536193847656,33353300,0.0,0.0
2022-09-14 00:00:00-04:00,246.35174947948744,247.031927263813,242.78566075681428,245.07884216308594,23913000,0.0,0.0
2022-09-15 00:00:00-04:00,242.69823034248557,244.28206983666107,237.111030916621,238.43252563476562,31530900,0.0,0.0
2022-09-16 00:00:00-04:00,237.34423330622892,238.3547959701018,235.2065251235573,237.81065368652344,39791800,0.0,0.0
2022-09-19 00:00:00-04:00,235.60491699915002,238.19931916772862,234.03078901134762,237.5968780517578,26826900,0.0,0.0
2022-09-20 00:00:00-04:00,235.21627927599923,236.61549610192634,232.85507215538624,235.58551025390625,26660300,0.0,0.0
2022-09-21 00:00:00-04:00,237.35396708033133,240.64798513191113,232.13599826014462,232.18458557128906,28625600,0.0,0.0
2022-09-22 00:00:00-04:00,231.13512752307682,236.9555366202575,230.8436333531247,234.15707397460938,31061200,0.0,0.0
2022-09-23 00:00:00-04:00,232.75785901455737,234.30285235773331,228.54074168946926,231.18373107910156,34176000,0.0,0.0
2022-09-26 00:00:00-04:00,230.33836671998023,234.61378285432556,230.19260479897667,230.72703552246094,27694200,0.0,0.0
2022-09-27 00:00:00-04:00,233.18539055356896,234.9538676194247,227.86055112233197,229.7164764404297,27018700,0.0,0.0
2022-09-28 00:00:00-04:00,230.10515720285915,235.4688726877208,228.084046805277,234.2445526123047,29029700,0.0,0.0
2022-09-29 00:00:00-04:00,232.1262635921422,233.15624924797467,227.77311079462302,230.77561950683594,27484200,0.0,0.0
2022-09-30 00:00:00-04:00,231.5432539781558,233.7295494002438,226.14067744074515,226.3058624267578,35694800,0.0,0.0
2022-10-03 00:00:00-04:00,228.7448264993668,234.76928257243102,228.01606129310665,233.92391967773438,28880400,0.0,0.0
2022-10-04 00:00:00-04:00,238.15071845977334,243.27151213771026,238.04383231681499,241.8334197998047,34888400,0.0,0.0
2022-10-05 00:00:00-04:00,239.0252418124359,243.48528067614083,237.188754349336,242.14434814453125,20347100,0.0,0.0
2022-10-06 00:00:00-04:00,240.91031948888858,243.25208841301955,239.11270766853326,239.80259704589844,20239900,0.0,0.0
2022-10-07 00:00:00-04:00,234.07939542761454,234.4875170205017,226.56825897097391,227.60797119140625,37769600,0.0,0.0
2022-10-10 00:00:00-04:00,226.45164491422375,227.91888685975806,220.31057632079649,222.7592315673828,29743600,0.0,0.0
2022-10-11 00:00:00-04:00,221.1753893188512,222.57462096558834,217.76477330000458,219.02796936035156,30474000,0.0,0.0
2022-10-12 00:00:00-04:00,219.01822579092038,221.4085821373912,217.61900908089987,219.3583221435547,21903900,0.0,0.0
2022-10-13 00:00:00-04:00,213.62539567179016,229.41530962809037,212.9257798365081,227.60797119140625,42551800,0.0,0.0
2022-10-14 00:00:00-04:00,228.87108376131062,230.52296304857052,221.87494233482897,222.08871459960938,30198600,0.0,0.0
2022-10-17 00:00:00-04:00,229.1432331202453,232.1943296760622,228.4824782570643,230.8048095703125,28142300,0.0,0.0
2022-10-18 00:00:00-04:00,236.3531154742312,237.02356694835538,228.7059298585046,231.747314453125,26329600,0.0,0.0
2022-10-19 00:00:00-04:00,230.32864238101766,232.8258846804723,227.65650356694331,229.7845001220703,19985700,0.0,0.0
2022-10-20 00:00:00-04:00,229.09462099466492,234.47775981300623,228.22009390223283,229.46385192871094,21811000,0.0,0.0
2022-10-21 00:00:00-04:00,228.09379217943177,236.1199207742884,227.86058198177213,235.26483154296875,26299700,0.0,0.0
2022-10-24 00:00:00-04:00,236.8584104094097,240.82289502521482,234.468068766806,240.24960327148438,24911200,0.0,0.0
2022-10-25 00:00:00-04:00,240.2592898081023,243.93226498550914,238.86978470276068,243.5630340576172,34775500,0.0,0.0
2022-10-26 00:00:00-04:00,224.62483744809148,231.55296912820415,223.5462644989959,224.77059936523438,82543200,0.0,0.0
2022-10-27 00:00:00-04:00,224.49851650888635,227.0734954795491,219.38744917013727,220.32998657226562,40424600,0.0,0.0
2022-10-28 00:00:00-04:00,219.8344674535042,229.90114514841537,219.64984455522253,229.19180297851562,40647700,0.0,0.0
2022-10-31 00:00:00-04:00,227.14154847284752,228.26870895469804,224.60544480206738,225.55770874023438,28357300,0.0,0.0
2022-11-01 00:00:00-04:00,227.95774742393274,229.0654698713663,220.89357967203034,221.7097930908203,30592300,0.0,0.0
2022-11-02 00:00:00-04:00,222.9632917416644,224.7511921525638,213.80998772072712,213.86830139160156,38407000,0.0,0.0
2022-11-03 00:00:00-04:00,213.85853065986538,214.16947753294704,207.92152409617492,208.1838836669922,36633900,0.0,0.0
2022-11-04 00:00:00-04:00,211.39047595404304,215.31608428144708,207.38711607311453,215.1217498779297,36789100,0.0,0.0
2022-11-07 00:00:00-05:00,215.70479515914553,221.9430237085704,215.01489088874334,221.41830444335938,33498000,0.0,0.0
2022-11-08 00:00:00-05:00,222.22479913107526,225.09127262477088,219.44577390313017,222.38998413085938,28192500,0.0,0.0
2022-11-09 00:00:00-05:00,220.93243688127146,222.15677181548412,217.97851534706965,218.15341186523438,27852900,0.0,0.0
2022-11-10 00:00:00-05:00,228.764240055821,236.44057547213717,228.34642180511014,236.10047912597656,46268000,0.0,0.0
2022-11-11 00:00:00-05:00,236.11021053379952,240.96864514419838,235.0802099419117,240.11355590820312,34620200,0.0,0.0
2022-11-14 00:00:00-05:00,235.13852790216598,237.00416504738854,232.4372393956365,234.7109832763672,31123300,0.0,0.0
2022-11-15 00:00:00-05:00,238.7046221025726,240.00667907027895,233.2340197743407,235.1190948486328,31390100,0.0,0.0
2022-11-16 00:00:00-05:00,236.58067882132508,237.5648577519869,234.27129594257252,235.54779052734375,24093300,0.68,0.0
2022-11-17 00:00:00-05:00,231.6988319904281,237.02893923380267,231.5526741520921,235.49908447265625,23123500,0.0,0.0
2022-11-18 00:00:00-05:00,237.28230020466626,237.50642872973486,232.91687900998218,235.05087280273438,27613500,0.0,0.0
2022-11-21 00:00:00-05:00,235.25549585436693,238.4126392167858,235.02164329544348,235.85964965820312,26394700,0.0,0.0
2022-11-22 00:00:00-05:00,237.36023776801466,239.03625034999712,234.5539032214211,238.76341247558594,19665700,0.0,0.0
2022-11-23 00:00:00-05:00,238.84133774981902,241.93026354415642,238.02282423120627,241.2481689453125,19508500,0.0,0.0
2022-11-25 00:00:00-05:00,240.98510292788336,242.3395534122588,240.4199345063279,241.16050720214844,9200800,0.0,0.0
2022-11-28 00:00:00-05:00,239.78655028531924,240.3419649067529,234.6415865199682,235.5770263671875,24778200,0.0,0.0
2022-11-29 00:00:00-05:00,235.22623623628454,236.58068666323004,232.11783235235237,234.18360900878906,17956300,0.0,0.0
2022-11-30 00:00:00-05:00,234.41747063024718,248.79998080802568,233.72562221636355,248.61483764648438,47594200,0.0,0.0
2022-12-01 00:00:00-05:00,247.37732526853793,249.56978200844247,244.50277384992842,248.17636108398438,26041500,0.0,0.0
2022-12-02 00:00:00-05:00,243.43090166559634,249.51130517453961,243.30422163631067,248.49790954589844,21528500,0.0,0.0
2022-12-05 00:00:00-05:00,245.56488518197608,247.32860725398484,241.71590868022093,243.80117797851562,23435300,0.0,0.0
2022-12-06 00:00:00-05:00,244.4053559887348,245.4187517382797,237.54539368771614,238.8511199951172,22463700,0.0,0.0
2022-12-07 00:00:00-05:00,238.5685424627585,239.86452986599542,236.01555299377063,238.12030029296875,20481500,0.0,0.0
2022-12-08 00:00:00-05:00,238.57825833331165,242.3785254696705,236.8437826963573,241.07278442382812,22611800,0.0,0.0
2022-12-09 00:00:00-05:00,238.44186049239534,241.95953631031935,237.91567738898425,239.14344787597656,20609700,0.0,0.0
2022-12-12 00:00:00-05:00,241.12151949404333,246.0813403319802,240.84868161991452,246.05210876464844,30665100,0.0,0.0
2022-12-13 00:00:00-05:00,254.9973477435735,257.1703267708484,246.59780679077178,250.34934997558594,42196900,0.0,0.0
2022-12-14 00:00:00-05:00,250.55399840099744,255.87435255775398,247.80611173983112,250.64169311523438,35410900,0.0,0.0
2022-12-15 00:00:00-05:00,247.2311972093182,247.69891720696873,241.0143588134877,242.6416473388672,35560400,0.0,0.0
2022-12-16 00:00:00-05:00,242.19339565744826,243.45039767115878,237.28228413602537,238.43211364746094,86102000,0.0,0.0
2022-12-19 00:00:00-05:00,238.59774028481047,238.93879503110043,232.60503162349835,234.30052185058594,29696400,0.0,0.0
2022-12-20 00:00:00-05:00,233.2773983167744,236.69764045155708,232.32246573736623,235.61602783203125,25150800,0.0,0.0
2022-12-21 00:00:00-05:00,235.50885613255662,239.3383404733785,233.96926235474098,238.17877197265625,23690600,0.0,0.0
2022-12-22 00:00:00-05:00,235.08983601075406,235.8011771653982,227.88883383804284,232.09835815429688,28651700,0.0,0.0
2022-12-23 00:00:00-05:00,230.07155276829016,232.76096118037862,227.9570517012324,232.62454223632812,21207000,0.0,0.0
2022-12-27 00:00:00-05:00,232.59531655901404,232.81943021522733,229.79872070086748,230.8998260498047,16688600,0.0,0.0
2022-12-28 00:00:00-05:00,230.83159608110222,233.5892213133109,228.18115822076558,228.53195190429688,17457100,0.0,0.0
2022-12-29 00:00:00-05:00,229.6232871191542,235.732937144972,229.6232871191542,234.84620666503906,19770700,0.0,0.0
2022-12-30 00:00:00-05:00,232.11785074167162,233.82309496882053,230.60748859534408,233.68667602539062,21938500,0.0,0.0
2023-01-03 00:00:00-05:00,236.86327747897744,239.46499095764855,231.32853465622566,233.45278930664062,25740000,0.0,0.0
2023-01-04 00:00:00-05:00,226.33946366728142,226.91437091450726,220.1811046954011,223.2407989501953,50623400,0.0,0.0
2023-01-05 00:00:00-05:00,221.3894202164649,221.73047501122883,216.08854432449274,216.62448120117188,39585600,0.0,0.0
2023-01-06 00:00:00-05:00,217.2968412887799,219.98624975653698,213.7401949012042,219.17747497558594,43613600,0.0,0.0
2023-01-09 00:00:00-05:00,220.65859925614794,225.3261046224166,220.61962878753835,221.31146240234375,27369800,0.0,0.0
2023-01-10 00:00:00-05:00,221.93507289887148,225.3942852499652,221.51607720978163,222.99720764160156,27033900,0.0,0.0
2023-01-11 00:00:00-05:00,225.37481372714282,229.91563904515138,225.1994243157805,229.74024963378906,28669300,0.0,0.0
2023-01-12 00:00:00-05:00,229.2432893034318,233.76462207264603,227.58676927741644,232.41017150878906,27269500,0.0,0.0
2023-01-13 00:00:00-05:00,230.93879116175304,233.24817431543465,228.91198479686696,233.11175537109375,21333300,0.0,0.0
2023-01-17 00:00:00-05:00,231.883988045912,234.7488007848325,231.02648903057522,234.203125,29831300,0.0,0.0
2023-01-18 00:00:00-05:00,235.39190402162816,236.18118605908887,229.49662855484155,229.77920532226562,30028700,0.0,0.0
2023-01-19 00:00:00-05:00,227.8011055224362,229.49661059997746,224.78038167439715,225.9984130859375,28623000,0.0,0.0
2023-01-20 00:00:00-05:00,228.85351141709936,234.58313656009622,228.51245663723557,234.07643127441406,35389800,0.0,0.0
2023-01-23 00:00:00-05:00,234.9339381400993,238.89984125052814,233.5210096061912,236.37608337402344,31934000,0.0,0.0
2023-01-24 00:00:00-05:00,236.29812619619068,237.7110398533446,234.29081253406932,235.84988403320312,40234400,0.0,0.0
2023-01-25 00:00:00-05:00,228.48320522416125,237.07764219216483,224.99476139964753,234.45643615722656,66526600,0.0,0.0
2023-01-26 00:00:00-05:00,237.41874474783864,241.95957071826072,235.81094877181516,241.65750122070312,33454500,0.0,0.0
2023-01-27 00:00:00-05:00,242.62215978962465,243.4406734697651,240.51739758193492,241.81338500976562,26498900,0.0,0.0
2023-01-30 00:00:00-05:00,238.25670004532253,239.31883481228712,236.00578021468996,236.50274658203125,25867400,0.0,0.0
2023-01-31 00:00:00-05:00,237.22384083173012,241.60875476528724,236.736628172446,241.4723358154297,26541100,0.0,0.0
2023-02-01 00:00:00-05:00,241.65746031930018,248.65382642873757,239.19216564342997,246.28598022460938,31259900,0.0,0.0
2023-02-02 00:00:00-05:00,252.20076959193378,257.9206414880855,250.67091469575902,257.83294677734375,39940400,0.0,0.0
2023-02-03 00:00:00-05:00,252.90233575146593,257.44316094972766,250.52473578092378,251.74276733398438,29077300,0.0,0.0
2023-02-06 00:00:00-05:00,250.8560488043869,251.6940402792033,248.26407396693392,250.2031707763672,22518000,0.0,0.0
2023-02-07 00:00:00-05:00,253.86707506089127,261.89633168827555,253.42857168977852,260.71728515625,50841400,0.0,0.0
2023-02-08 00:00:00-05:00,266.2130108288476,269.681962608756,259.4017575821844,259.9084777832031,54686000,0.0,0.0
2023-02-09 00:00:00-05:00,266.7976013623995,266.97302049431784,256.07892442365,256.8779602050781,42375100,0.0,0.0
2023-02-10 00:00:00-05:00,254.84142214986286,257.3359482905629,253.99367698119255,256.37127685546875,25818500,0.0,0.0
2023-02-13 00:00:00-05:00,260.7951951195851,267.5771867135627,260.3177065131593,264.3810729980469,44630900,0.0,0.0
2023-02-14 00:00:00-05:00,265.69653266891055,267.93769873660716,262.3932169633668,265.2093200683594,37047900,0.0,0.0
2023-02-15 00:00:00-05:00,262.112672647368,264.46692310846817,260.02216525434795,263.08953857421875,28922400,0.68,0.0
2023-02-16 00:00:00-05:00,257.91215337103114,260.5692301121678,255.84120219853648,256.0854187011719,29603600,0.0,0.0
2023-02-17 00:00:00-05:00,253.3892752747082,254.07306355868084,250.07768536596615,252.09002685546875,30000100,0.0,0.0
2023-02-21 00:00:00-05:00,248.59283193869732,249.5794760448662,245.7696900625751,246.82470703125,28397400,0.0,0.0
2023-02-22 00:00:00-05:00,248.21185945581914,248.4560759372167,244.54861223485597,245.69154357910156,22491100,0.0,0.0
2023-02-23 00:00:00-05:00,249.6478466517071,250.89823380940385,244.68536609831472,248.87612915039062,29219100,0.0,0.0
2023-02-24 00:00:00-05:00,244.177384356293,245.19331823985505,242.36041335398122,243.45449829101562,24990900,0.0,0.0
2023-02-27 00:00:00-05:00,246.6195975210222,246.971269878113,243.6206117389156,244.372802734375,21190000,0.0,0.0
2023-02-28 00:00:00-05:00,243.30797773153637,245.67199123491113,242.9758320232588,243.64987182617188,22491000,0.0,0.0
2023-03-01 00:00:00-05:00,244.95888751265778,245.12495292682374,240.10386280126266,240.57276916503906,27565300,0.0,0.0
2023-03-02 00:00:00-05:00,240.8462903940092,245.5840810609681,239.9280340639678,245.30079650878906,24808200,0.0,0.0
2023-03-03 00:00:00-05:00,246.35581882878407,249.7064617806796,245.57432311137507,249.38409423828125,30760100,0.0,0.0
2023-03-06 00:00:00-05:00,250.49771263487295,254.10235014838744,250.05812596620328,250.9275360107422,24109800,0.0,0.0
2023-03-07 00:00:00-05:00,250.37071775470054,251.72857566259853,247.52804931967242,248.2704620361328,21473200,0.0,0.0
2023-03-08 00:00:00-05:00,248.1630024049233,248.65143534651415,245.00772977586786,247.83087158203125,17340200,0.0,0.0
2023-03-09 00:00:00-05:00,249.90184935839267,253.55531839675493,245.75993244925678,246.48281860351562,26653400,0.0,0.0
2023-03-10 00:00:00-05:00,245.27149758216976,246.94192996221227,241.87200834587694,242.83909606933594,28333900,0.0,0.0
2023-03-13 00:00:00-04:00,241.6766365464032,251.94350749583774,240.04527215486556,248.04580688476562,33339700,0.0,0.0
2023-03-14 00:00:00-04:00,250.81033489351847,255.0304029898369,249.94092478651652,254.7568817138672,33620300,0.0,0.0
2023-03-15 00:00:00-04:00,253.96557655248083,260.3152041308793,253.21337082147616,259.29925537109375,46028000,0.0,0.0
2023-03-16 00:00:00-04:00,259.0745583407351,270.1619906139307,257.18921458978684,269.8103332519531,54768800,0.0,0.0
2023-03-17 00:00:00-04:00,271.8226296043095,276.7753155068749,269.92750796787317,272.9655456542969,69527400,0.0,0.0
2023-03-20 00:00:00-04:00,270.57233358465885,271.0607665452562,263.607274796688,265.9322204589844,43466600,0.0,0.0
2023-03-21 00:00:00-04:00,268.5209085708176,268.6381277112385,263.28489174322317,267.44635009765625,34558700,0.0,0.0
2023-03-22 00:00:00-04:00,267.0751210074597,274.5383905110529,265.8833434620223,265.9908142089844,34873300,0.0,0.0
2023-03-23 00:00:00-04:00,271.51012405626466,274.55794104511676,268.83352089762093,271.2366027832031,36610900,0.0,0.0
2023-03-24 00:00:00-04:00,270.82630438464923,274.1378942395977,268.911655484411,274.07928466796875,28172000,0.0,0.0
2023-03-27 00:00:00-04:00,274.0108888501196,274.9486717802247,269.1460858667074,269.9862060546875,26840200,0.0,0.0
2023-03-28 00:00:00-04:00,269.40989660765126,269.75180568788846,265.7563973042853,268.86285400390625,21878600,0.0,0.0
2023-03-29 00:00:00-04:00,272.5064700346815,274.63606009495277,271.96920577953756,274.0206298828125,25087000,0.0,0.0
2023-03-30 00:00:00-04:00,277.65461829253616,277.8792783804837,274.9682369436602,277.478759765625,25053400,0.0,0.0
2023-03-31 00:00:00-04:00,277.1661475082968,282.57796264121714,276.45302473352956,281.6304016113281,32766000,0.0,0.0
2023-04-03 00:00:00-04:00,279.8916392622568,281.6011547846993,277.3811162661027,280.5852355957031,24883300,0.0,0.0
2023-04-04 00:00:00-04:00,280.58514657248026,283.7306553282403,279.06123846090213,280.5362854003906,25824300,0.0,0.0
2023-04-05 00:00:00-04:00,279.2371622142725,280.5070761358077,276.3749518849941,277.7620849609375,22064800,0.0,0.0
2023-04-06 00:00:00-04:00,276.6581468086852,285.32294143233264,275.50545235305464,284.85406494140625,29770300,0.0,0.0
2023-04-10 00:00:00-04:00,282.51936243851856,282.9003544272942,278.12346613985693,282.6952209472656,23103000,0.0,0.0
2023-04-11 00:00:00-04:00,279.1394490348436,279.36413893859026,275.1245442349261,276.2869873046875,27276600,0.0,0.0
2023-04-12 00:00:00-04:00,278.20167586183015,280.3703195694183,275.4371283935577,276.9317321777344,27403400,0.0,0.0
2023-04-13 00:00:00-04:00,277.0293845422131,283.1934057090152,276.6191175771534,283.1347961425781,24222700,0.0,0.0
2023-04-14 00:00:00-04:00,280.36053721344047,281.80630960092736,277.12711319357106,279.52044677734375,20987900,0.0,0.0
2023-04-17 00:00:00-04:00,283.2226985900286,284.85407761818396,279.5399251996228,282.11883544921875,23836200,0.0,0.0
2023-04-18 00:00:00-04:00,284.82477404987856,285.01038094044696,280.37026829939435,281.69879150390625,20161800,0.0,0.0
2023-04-19 00:00:00-04:00,279.3738659883608,282.363073223057,277.9574283365994,281.7769775390625,17150300,0.0,0.0
2023-04-20 00:00:00-04:00,278.6509985011603,282.34355041766946,278.48491818075087,279.4910888671875,23244400,0.0,0.0
2023-04-21 00:00:00-04:00,278.41658147472793,279.64741233312054,276.5116808961058,279.14923095703125,21676400,0.0,0.0
2023-04-24 00:00:00-04:00,275.56413015799205,278.3579824584961,272.27209646250395,275.25152587890625,26611000,0.0,0.0
2023-04-25 00:00:00-04:00,273.0438405005658,275.0854869775857,268.99960072437375,269.0484619140625,45772200,0.0,0.0
2023-04-26 00:00:00-04:00,289.83614418187,292.6397447358396,285.957985102446,288.5368957519531,64599200,0.0,0.0
2023-04-27 00:00:00-04:00,289.12302732036886,298.1395111111619,288.4196826173737,297.7780456542969,46462600,0.0,0.0
2023-04-28 00:00:00-04:00,296.9769805922049,301.7831436206851,296.2931626094283,300.15179443359375,36469600,0.0,0.0
2023-05-01 00:00:00-04:00,299.8685344351108,301.460830664017,298.0906312953761,298.49114990234375,21294100,0.0,0.0
2023-05-02 00:00:00-04:00,300.640245214825,302.02737803508757,296.8793057090036,298.3446044921875,26404400,0.0,0.0
2023-05-03 00:00:00-04:00,299.52658392125915,301.4705373047011,297.05511466369126,297.3579406738281,22360800,0.0,0.0
2023-05-04 00:00:00-04:00,299.15539003512066,300.640245214825,296.38109458301545,298.3446044921875,22519900,0.0,0.0
2023-05-05 00:00:00-04:00,298.64740725132,304.75281837217517,297.23093994665044,303.4633483886719,28197100,0.0,0.0
2023-05-08 00:00:00-04:00,302.95541576842186,303.02380353381574,299.00886932285215,301.5096435546875,21318600,0.0,0.0
2023-05-09 00:00:00-04:00,300.8746624179306,302.86747697079767,299.223756852854,299.8977966308594,21340800,0.0,0.0
2023-05-10 00:00:00-04:00,301.4803538446717,305.75903132119197,300.55234911259487,305.0849914550781,30078000,0.0,0.0
2023-05-11 00:00:00-04:00,302.92610366423224,303.922496091225,299.17494240713177,302.93585205078125,31680200,0.0,0.0
2023-05-12 00:00:00-04:00,303.36570066728314,303.4633932219653,299.50709815578426,301.822265625,19774700,0.0,0.0
2023-05-15 00:00:00-04:00,301.94924591720934,302.73072668738115,300.47416891606105,302.3009033203125,16336500,0.0,0.0
2023-05-16 00:00:00-04:00,302.66235026842685,306.452594750173,302.66235026842685,304.5281677246094,26730300,0.0,0.0
2023-05-17 00:00:00-04:00,305.73234911232737,307.8273965281547,304.2148790483357,307.40643310546875,24315000,0.68,0.0
2023-05-18 00:00:00-04:00,307.9253064598199,312.3406122958503,307.1323177228801,311.8315124511719,27276000,0.0,0.0
2023-05-19 00:00:00-04:00,310.0888957303577,312.05669811668946,309.7266699904712,311.6553039550781,27546700,0.0,0.0
2023-05-22 00:00:00-04:00,311.9097978822903,315.8160032297939,311.33219074174633,314.43560791015625,24115700,0.0,0.0
2023-05-23 00:00:00-04:00,313.30984092975706,315.94335728832465,308.6302150731237,308.6400146484375,30797200,0.0,0.0
2023-05-24 00:00:00-04:00,308.1211084957931,309.8539301457172,306.0456005180939,307.25958251953125,23384900,0.0,0.0
2023-05-25 00:00:00-04:00,316.452394965502,320.0355435840167,313.28044007035,319.0761413574219,43301700,0.0,0.0
2023-05-26 00:00:00-04:00,317.2160130284429,326.39905065575283,317.0789683726066,325.8997802734375,36630600,0.0,0.0
2023-05-30 00:00:00-04:00,328.19060914102903,328.68987947656177,323.579491610932,324.2550048828125,29503100,0.0,0.0
2023-05-31 00:00:00-04:00,325.31236192591416,328.88571082280095,320.4564937937518,321.4942626953125,45950600,0.0,0.0
2023-06-01 00:00:00-04:00,319.0858695997825,326.52628506015486,317.90128645515614,325.5962219238281,26773900,0.0,0.0
2023-06-02 00:00:00-04:00,327.2312404695121,330.4129952384752,325.5669260242761,328.3570861816406,25873800,0.0,0.0
2023-06-05 00:00:00-04:00,328.18085996410906,331.45072114916485,327.6326215544442,328.8857421875,21307100,0.0,0.0
2023-06-06 00:00:00-04:00,328.2885642949618,328.3277327209836,325.1949458046118,326.6732177734375,20396200,0.0,0.0
2023-06-07 00:00:00-04:00,324.6858083621168,327.4661687531418,315.7279515267093,316.5894775390625,40717100,0.0,0.0
2023-06-08 00:00:00-04:00,317.137673313342,319.7809886890354,316.5600661501271,318.4299621582031,23277700,0.0,0.0
2023-06-09 00:00:00-04:00,318.1656968052279,323.0607044418597,317.59788906515115,319.92791748046875,22529000,0.0,0.0
2023-06-12 00:00:00-04:00,321.6802383812358,325.1263421252022,318.3320706206992,324.881591796875,24260300,0.0,0.0
2023-06-13 00:00:00-04:00,327.44662935743804,329.9039326564141,323.45231642642443,327.2704162597656,22951300,0.0,0.0
2023-06-14 00:00:00-04:00,327.319282795224,331.9206007397858,325.8214120391003,330.25628662109375,26003800,0.0,0.0
2023-06-15 00:00:00-04:00,330.393414820895,342.4938582086499,330.1192956143464,340.7904052734375,38899100,0.0,0.0
2023-06-16 00:00:00-04:00,343.94278354537636,344.08962778195877,334.769545086919,335.14154052734375,46552000,0.0,0.0
2023-06-20 00:00:00-04:00,332.18499798901604,334.8968213999289,328.8074308489354,330.9514465332031,26375400,0.0,0.0
2023-06-21 00:00:00-04:00,329.30671681424553,330.638174337756,325.09702248062774,326.55572509765625,25117800,0.0,0.0
2023-06-22 00:00:00-04:00,327.1039241601426,332.9779322220441,326.3403043071654,332.5765380859375,23556800,0.0,0.0
2023-06-23 00:00:00-04:00,327.3389018615229,330.8633129640672,326.4480368570244,327.98504638671875,23146900,0.0,0.0
2023-06-26 00:00:00-04:00,326.7123419071995,329.0521396707675,321.59215393137123,321.6998596191406,21520600,0.0,0.0
2023-06-27 00:00:00-04:00,324.89134914186997,329.0912729817788,322.3851082652234,327.5444641113281,24354100,0.0,0.0
2023-06-28 00:00:00-04:00,327.63259343214776,330.8828850652817,326.80043631423547,328.797607421875,20259500,0.0,0.0
2023-06-29 00:00:00-04:00,327.6815474089493,329.05214338180554,325.6354380857654,328.014404296875,16997000,0.0,0.0
2023-06-30 00:00:00-04:00,330.65770749403055,335.5331449952425,330.11926869973666,333.3891296386719,26832800,0.0,0.0
2023-07-03 00:00:00-04:00,332.0674526684901,333.74153652262953,329.5024740479347,330.89263916015625,12508700,0.0,0.0
2023-07-05 00:00:00-04:00,328.05357452169636,334.4758212956056,327.701148359632,331.04931640625,18172400,0.0,0.0
2023-07-06 00:00:00-04:00,330.2171837710964,335.7877045236946,328.4549930763807,334.10382080078125,28161200,0.0,0.0
2023-07-07 00:00:00-04:00,332.1947331986414,334.6128676404688,329.92344297863576,330.1388244628906,21214800,0.0,0.0
2023-07-10 00:00:00-04:00,327.5738523279874,328.1906279486803,320.7110434161663,324.86199951171875,32791400,0.0,0.0
2023-07-11 00:00:00-04:00,324.10822129809816,325.8704119772488,320.13347775646093,325.4886169433594,26698200,0.0,0.0
2023-07-12 00:00:00-04:00,329.53185591792584,334.4758007177013,328.62139184518895,330.1192626953125,29995300,0.0,0.0
2023-07-13 00:00:00-04:00,332.42968950843436,336.52190790090776,331.9010204242932,335.464599609375,20567200,0.0,0.0
2023-07-14 00:00:00-04:00,340.29107663490123,344.0504382444472,337.07995339278386,337.99041748046875,28352700,0.0,0.0
2023-07-17 00:00:00-04:00,338.4212468404557,339.70373647401993,335.01434058563115,338.47021484375,20363900,0.0,0.0
2023-07-18 00:00:00-04:00,338.5680009815039,359.0780898369436,334.98488257273925,351.941162109375,64738600,0.0,0.0
2023-07-19 00:00:00-04:00,354.1537002264066,354.84878274456844,345.0392010295171,347.6237487792969,39732900,0.0,0.0
2023-07-20 00:00:00-04:00,346.14547130032105,350.45307072749904,338.1176492812762,339.5861511230469,33778400,0.0,0.0
2023-07-21 00:00:00-04:00,341.8183323536975,342.944177986763,332.69403214811535,336.5513000488281,69405400,0.0,0.0
2023-07-24 00:00:00-04:00,338.5876711156817,339.63520987985777,335.1219974773937,337.8631896972656,26678100,0.0,0.0
2023-07-25 00:00:00-04:00,339.8211637778006,344.5008191812914,337.82402242034016,343.60992431640625,41637700,0.0,0.0
2023-07-26 00:00:00-04:00,334.2702247265649,337.43240985586726,326.11512671611416,330.6772766113281,58383700,0.0,0.0
2023-07-27 00:00:00-04:00,333.3303295467585,334.162456640935,322.14032345291304,323.7752685546875,39635300,0.0,0.0
2023-07-28 00:00:00-04:00,326.66339057868936,332.8702554950669,326.1738899082172,331.2646789550781,28484900,0.0,0.0
2023-07-31 00:00:00-04:00,329.8451818704879,330.60880180685933,326.3599092198598,328.8661804199219,25446000,0.0,0.0
2023-08-01 00:00:00-04:00,328.151498059074,331.431158888361,326.69279546072005,329.27734375,18311900,0.0,0.0
2023-08-02 00:00:00-04:00,326.62417644748024,326.62417644748024,319.5068185737911,320.6228942871094,27761300,0.0,0.0
2023-08-03 00:00:00-04:00,319.15439272906985,322.9529221835479,319.10545461953365,319.800537109375,18253700,0.0,0.0
2023-08-04 00:00:00-04:00,324.9110375542309,328.1025921516829,320.36845604431744,320.8971252441406,23741500,0.0,0.0
2023-08-07 00:00:00-04:00,321.4746782634423,324.15713248319014,320.64252111536877,323.1781311035156,17741500,0.0,0.0
2023-08-08 00:00:00-04:00,320.094294531756,321.84671543145896,316.21745729083267,319.2033996582031,22327600,0.0,0.0
2023-08-09 00:00:00-04:00,319.61454838698023,320.24109366891923,314.3083483150612,315.4635925292969,22373300,0.0,0.0
2023-08-10 00:00:00-04:00,319.1740058162668,321.3669891320305,314.43564292025485,316.1488952636719,20113700,0.0,0.0
2023-08-11 00:00:00-04:00,313.53497507772255,315.63982195899507,312.50700575657817,314.26922607421875,24355500,0.0,0.0
2023-08-14 00:00:00-04:00,314.64124818370647,317.2551649738709,313.35872896949473,317.235595703125,18836100,0.0,0.0
2023-08-15 00:00:00-04:00,316.21745534246327,318.2635647035866,314.16154640668196,315.10137939453125,16966300,0.0,0.0
2023-08-16 00:00:00-04:00,314.72857479436016,318.2800883607637,313.7475006460735,314.3361511230469,20698900,0.68,0.0
2023-08-17 00:00:00-04:00,314.47351697046,315.77833241862345,310.22544912717694,310.8827819824219,21257200,0.0,0.0
2023-08-18 00:00:00-04:00,308.5379985359399,312.3543913343559,305.653638152049,310.4903564453125,24755000,0.0,0.0
2023-08-21 00:00:00-04:00,311.91289216820854,316.6612873829202,311.03975175794454,315.78814697265625,24040000,0.0,0.0
2023-08-22 00:00:00-04:00,319.3396208763862,319.9086306831472,315.37607311272194,316.3571472167969,16084600,0.0,0.0
2023-08-23 00:00:00-04:00,317.69140993027924,322.96959317403787,317.3382076991705,320.81121826171875,21166400,0.0,0.0
2023-08-24 00:00:00-04:00,326.55054687218063,326.6780913060097,313.9044863180203,313.914306640625,23281400,0.0,0.0
2023-08-25 00:00:00-04:00,315.3859389138882,319.2023021602644,312.7664575046709,316.86737060546875,21684100,0.0,0.0
2023-08-28 00:00:00-04:00,319.49656611253965,319.97728279727545,315.63113211282007,317.57366943359375,14808500,0.0,0.0
2023-08-29 00:00:00-04:00,315.7881667802801,322.7537995550599,315.7881667802801,322.194580078125,19284600,0.0,0.0
2023-08-30 00:00:00-04:00,322.4496892096442,323.5680982937767,320.2717031615859,322.5674133300781,15222100,0.0,0.0
2023-08-31 00:00:00-04:00,322.9696033369281,324.64723165247267,320.5953908586677,321.5568542480469,26411000,0.0,0.0
2023-09-01 00:00:00-04:00,325.0396597293619,325.7067829359754,320.5953952258838,322.4398193359375,14942000,0.0,0.0
2023-09-05 00:00:00-04:00,322.77336861557694,328.512657905709,322.4398070250058,327.23724365234375,18553900,0.0,0.0
2023-09-06 00:00:00-04:00,327.0704931119819,328.13003998213503,323.9310439692956,326.5799560546875,17535800,0.0,0.0
2023-09-07 00:00:00-04:00,325.0199940054998,326.7760948015139,322.80275732002883,323.6661071777344,18381000,0.0,0.0
2023-09-08 00:00:00-04:00,323.84278154918144,329.7979091740935,323.2247000080773,327.94366455078125,19530100,0.0,0.0
2023-09-11 00:00:00-04:00,330.85742559530763,332.01511580762883,329.08168383895804,331.544189453125,16583300,0.0,0.0
2023-09-12 00:00:00-04:00,329.46433515175244,330.41597829482106,325.2064768442106,325.490966796875,17565500,0.0,0.0
2023-09-13 00:00:00-04:00,325.0396659724569,330.4748250083912,324.90233116375424,329.69976806640625,16544400,0.0,0.0
2023-09-14 00:00:00-04:00,332.73122972518746,334.40885782457457,330.20007206541044,332.2897644042969,20267000,0.0,0.0
2023-09-15 00:00:00-04:00,330.5434840282613,331.01438041340634,323.41105648154235,323.97027587890625,37679800,0.0,0.0
2023-09-18 00:00:00-04:00,321.59614271267174,324.14694187392166,320.1833933292106,322.8323059082031,16834200,0.0,0.0
2023-09-19 00:00:00-04:00,319.9969481018416,323.15600785929996,318.36836152476627,322.42999267578125,16505900,0.0,0.0
2023-09-20 00:00:00-04:00,323.2737351610063,323.3522079151342,314.4440682913458,314.6991271972656,21436500,0.0,0.0
2023-09-21 00:00:00-04:00,313.2177562445035,319.19249448338184,309.0383706041025,313.4826354980469,35560400,0.0,0.0
2023-09-22 00:00:00-04:00,315.23871105160333,315.36625546450654,310.16654519847,311.0102844238281,21447900,0.0,0.0
2023-09-25 00:00:00-04:00,310.59827150671464,311.6578483890655,309.0383671510389,311.5303039550781,17836000,0.0,0.0
2023-09-26 00:00:00-04:00,309.1658848784398,309.9016904509528,304.15258067558153,306.23248291015625,26297600,0.0,0.0
2023-09-27 00:00:00-04:00,306.3894315511619,308.3515797645924,303.82884250383796,306.87017822265625,19410100,0.0,0.0
2023-09-28 00:00:00-04:00,305.10423119085175,309.5092743516403,303.5933986019012,307.7041015625,19683600,0.0,0.0
2023-09-29 00:00:00-04:00,311.7362568448294,313.42370528640464,309.01869270124683,309.77410888671875,24147300,0.0,0.0
2023-10-02 00:00:00-04:00,310.294077136417,315.7979177319469,309.21488977062666,315.7095947265625,20570000,0.0,0.0
2023-10-03 00:00:00-04:00,314.75796442808075,315.3073934236735,305.3200371531252,307.45880126953125,21033500,0.0,0.0
2023-10-04 00:00:00-04:00,308.0867125300766,313.9829777218184,308.0572815033295,312.92340087890625,20720100,0.0,0.0
2023-10-05 00:00:00-04:00,313.05094717371253,313.92411753909374,308.94024408682094,313.3158264160156,16965600,0.0,0.0
2023-10-06 00:00:00-04:00,310.55901920701876,322.9598111936179,310.3137506624104,321.06634521484375,25673600,0.0,0.0
2023-10-09 00:00:00-04:00,318.6038277713841,324.04877728616253,317.063534182084,323.577880859375,19891200,0.0,0.0
2023-10-10 00:00:00-04:00,324.6962643518777,324.83362909225707,321.4685522330149,322.1749267578125,20557100,0.0,0.0
2023-10-11 00:00:00-04:00,324.94157131039,326.5211163115986,322.9107705088474,326.1286926269531,20063200,0.0,0.0
2023-10-12 00:00:00-04:00,324.31371740094585,327.31580216809783,322.4987240762274,324.8925476074219,19313100,0.0,0.0
2023-10-13 00:00:00-04:00,326.08945496838265,327.5119946274533,320.1833689854534,321.5274658203125,21072400,0.0,0.0
2023-10-16 00:00:00-04:00,324.78460909741796,329.77830323276595,324.34314366168616,326.34454345703125,22158000,0.0,0.0
2023-10-17 00:00:00-04:00,323.3522278123477,327.1489800095309,321.2134933356926,325.7754821777344,18338500,0.0,0.0
2023-10-18 00:00:00-04:00,326.1973269355328,329.2386627175147,322.0866239478229,323.86236572265625,23153600,0.0,0.0
2023-10-19 00:00:00-04:00,325.86374730098373,330.50423844384994,324.6472250314816,325.0494689941406,25052100,0.0,0.0
2023-10-20 00:00:00-04:00,325.441961975503,325.638188807879,319.2906370066579,320.487548828125,25027700,0.0,0.0
2023-10-23 00:00:00-04:00,319.3102602226282,326.4328693687429,318.2507131303196,323.08740234375,24374700,0.0,0.0
2023-10-24 00:00:00-04:00,325.02986091343166,325.5596493490343,321.3999044443215,324.2744445800781,31153600,0.0,0.0
2023-10-25 00:00:00-04:00,338.4901826566504,339.64787287454516,331.2302401447983,334.2225341796875,55053800,0.0,0.0
2023-10-26 00:00:00-04:00,334.0949997460641,335.1643669777935,320.75238530520863,321.6844177246094,37828500,0.0,0.0
2023-10-27 00:00:00-04:00,324.176284790296,330.3472488268226,322.1847057055033,323.5680236816406,29856500,0.0,0.0
2023-10-30 00:00:00-04:00,327.09990360704097,333.02559927042574,325.5497898368821,330.92608642578125,22828100,0.0,0.0
2023-10-31 00:00:00-04:00,332.4369832511366,332.5841383863149,328.355711175483,331.7109680175781,20265300,0.0,0.0
2023-11-01 00:00:00-04:00,333.35918048886424,340.8447807446002,333.2218157421507,339.52032470703125,28158800,0.0,0.0
2023-11-02 00:00:00-04:00,340.66814542171755,342.2280495770279,338.24489130724083,341.72772216796875,24348100,0.0,0.0
2023-11-03 00:00:00-04:00,343.01296696867126,347.6828896003234,340.75647841286957,346.1229553222656,23637700,0.0,0.0
2023-11-06 00:00:00-05:00,346.7606838240873,350.7732736613575,346.66257041725754,349.7823791503906,23828300,0.0,0.0
2023-11-07 00:00:00-05:00,352.5980160280282,355.60010029773895,350.86152569633424,353.7066345214844,25833900,0.0,0.0
2023-11-08 00:00:00-05:00,354.8348591059033,356.9834136941428,353.72624062685685,356.32611083984375,26767800,0.0,0.0
2023-11-09 00:00:00-05:00,355.4431931692312,357.8860884409739,353.53990670562916,353.8636779785156,24847300,0.0,0.0
2023-11-10 00:00:00-05:00,354.6484368064775,363.0954996612191,354.23640248576015,362.67364501953125,28042100,0.0,0.0
2023-11-13 00:00:00-05:00,361.2511274783557,361.49639601773487,358.9750282473155,359.7402648925781,19986500,0.0,0.0
2023-11-14 00:00:00-05:00,363.98834436046604,364.9105564931209,360.39760923672634,363.2623291015625,27683900,0.0,0.0
2023-11-15 00:00:00-05:00,364.99254154145893,366.81121863639925,360.89314538692616,363.4098205566406,26860100,0.75,0.0
2023-11-16 00:00:00-05:00,364.67798115045053,369.9767187653978,363.91119123594234,369.7997741699219,27182300,0.0,0.0
2023-11-17 00:00:00-05:00,367.2830363259732,368.03017560302834,360.7849886688486,363.58673095703125,40157000,0.0,0.0
2023-11-20 00:00:00-05:00,364.9335496074717,372.45399413615905,364.7172740131472,371.0482177734375,52465100,0.0,0.0
2023-11-21 00:00:00-05:00,369.30820390562985,369.848877892723,364.83523819118903,366.7522277832031,28423100,0.0,0.0
2023-11-22 00:00:00-05:00,371.5987172360064,373.35841268345206,368.62003030581224,371.4512634277344,23345300,0.0,0.0
2023-11-24 00:00:00-05:00,370.93998703818727,371.56916318067283,368.787101802592,371.0382995605469,10176600,0.0,0.0
2023-11-27 00:00:00-05:00,370.3993982063347,374.19404643508545,369.82923344697656,372.1983947753906,22179200,0.0,0.0
2023-11-28 00:00:00-05:00,371.9428061684763,376.51405435302496,371.75602133936184,376.2191467285156,20453100,0.0,0.0
2023-11-29 00:00:00-05:00,377.2611498870986,377.79198354961045,371.04816997841607,372.4342956542969,28963400,0.0,0.0
2023-11-30 00:00:00-05:00,372.0804159794598,373.6533266294802,369.1115692531181,372.4933166503906,30554400,0.0,0.0
2023-12-01 00:00:00-05:00,370.3796825127047,371.7559678971917,365.0219647650427,368.16778564453125,33040500,0.0,0.0
2023-12-04 00:00:00-05:00,362.84943241289693,363.26230306598103,356.75441514637487,362.8887634277344,32063300,0.0,0.0
2023-12-05 00:00:00-05:00,360.2443330697854,366.76203156592914,359.4283719754838,366.2115173339844,23065000,0.0,0.0
2023-12-06 00:00:00-05:00,367.21422384108524,367.84337003830143,361.79752438947224,362.5544738769531,21182100,0.0,0.0
2023-12-07 00:00:00-05:00,361.9941519618629,365.15962347811006,360.11649360898355,364.6680908203125,23118900,0.0,0.0
2023-12-08 00:00:00-05:00,362.94776032697274,368.11866396815253,361.99418568198814,367.892578125,20154400,0.0,0.0
2023-12-11 00:00:00-05:00,362.2399548445349,365.30711413857625,359.90025435719485,365.0121765136719,27708800,0.0,0.0
2023-12-12 00:00:00-05:00,364.56981930802976,368.07937007976545,364.1864093914376,368.0400390625,24838300,0.0,0.0
2023-12-13 00:00:00-05:00,369.65217245909844,371.244763312849,364.49108006477974,368.0301208496094,30955500,0.0,0.0
2023-12-14 00:00:00-05:00,366.98812028305656,367.43051168709843,357.9635876470979,359.73309326171875,43277500,0.0,0.0
2023-12-15 00:00:00-05:00,360.6375447439286,366.09354566450713,360.0771902707865,364.45184326171875,78502300,0.0,0.0
2023-12-18 00:00:00-05:00,363.1935033333252,366.68337330414107,362.4365238179664,366.33929443359375,21802900,0.0,0.0
2023-12-19 00:00:00-05:00,365.1989808015048,366.93902587890625,363.5769287808174,366.93902587890625,20603700,0.0,0.0
2023-12-20 00:00:00-05:00,368.6495201604417,369.662076309118,364.2552166800982,364.34368896484375,26316700,0.0,0.0
2023-12-21 00:00:00-05:00,366.25084900799567,368.0695260278655,363.77353495979867,367.2142639160156,17708000,0.0,0.0
2023-12-22 00:00:00-05:00,367.3518499751321,368.8264479888416,366.39827539290235,368.2366027832031,17107500,0.0,0.0
2023-12-26 00:00:00-05:00,368.6494851818368,370.5566342519059,367.17488724110945,368.31524658203125,12673100,0.0,0.0
2023-12-27 00:00:00-05:00,367.3617208659254,368.7085156973093,366.4966184922779,367.73529052734375,14905400,0.0,0.0
2023-12-28 00:00:00-05:00,369.01327697882084,370.0848147302982,367.82377617224904,368.9248046875,14327000,0.0,0.0
2023-12-29 00:00:00-05:00,369.6325439887214,370.77290330963024,367.1552302920534,369.671875,18730800,0.0,0.0
2024-01-02 00:00:00-05:00,367.5288028618132,369.5342646061022,360.55887302589025,364.5894470214844,25258600,0.0,0.0
2024-01-03 00:00:00-05:00,362.7609956778596,366.9390238907261,362.2694629469342,364.3240661621094,23083500,0.0,0.0
2024-01-04 00:00:00-05:00,364.3928859416935,366.7817278006742,360.95215684412767,361.7091064453125,20901500,0.0,0.0
2024-01-05 00:00:00-05:00,362.72164936252017,365.7593179114421,360.29347657411785,361.5223083496094,21004600,0.0,0.0
2024-01-08 00:00:00-05:00,363.0460204620728,368.84613000704053,362.7609531121448,368.3447570800781,23134000,0.0,0.0
2024-01-09 00:00:00-05:00,365.71016152546855,369.62274253642516,364.9040407138779,369.4261474609375,20830000,0.0,0.0
2024-01-10 00:00:00-05:00,369.99629076586194,377.66421828465786,369.94714950002793,376.28790283203125,25514200,0.0,0.0
2024-01-11 00:00:00-05:00,379.46331114806014,384.06405082914983,373.93848742836093,378.11651611328125,27850800,0.0,0.0
2024-01-12 00:00:00-05:00,378.9618424711607,382.0978232574525,378.13607119839037,381.8913879394531,21661200,0.0,0.0
2024-01-16 00:00:00-05:00,386.9935560466254,387.3572854699558,381.0558322148753,383.66094970703125,27202300,0.0,0.0
2024-01-17 00:00:00-05:00,381.4096929597069,383.5035968868469,378.2933627006387,382.87445068359375,22234100,0.0,0.0
2024-01-18 00:00:00-05:00,385.08633628268643,387.3178836888765,383.5134258198234,387.1999206542969,23392100,0.0,0.0
2024-01-19 00:00:00-05:00,389.05791663198113,391.91864013671875,386.83617954565267,391.91864013671875,29331100,0.0,0.0
2024-01-22 00:00:00-05:00,393.2457965997971,393.83564181909105,386.9246935015416,389.7952575683594,27016900,0.0,0.0
2024-01-23 00:00:00-05:00,389.0481557100348,392.6166881291798,387.25896937303906,392.1448059082031,20525900,0.0,0.0
2024-01-24 00:00:00-05:00,394.7401124022686,398.7608465253621,393.66857465315076,395.7428283691406,24867000,0.0,0.0
2024-01-25 00:00:00-05:00,397.47305887361483,400.11750752664886,395.7133631898208,398.01373291015625,21021200,0.0,0.0
2024-01-26 00:00:00-05:00,397.5221813360267,399.2917171915394,395.61503191441454,397.0896301269531,17803300,0.0,0.0
2024-01-29 00:00:00-05:00,399.18350198201716,403.037131241998,397.4827881758261,402.7815246582031,24510200,0.0,0.0
2024-01-30 00:00:00-05:00,405.2785172108199,406.05511721074,399.5669101187714,401.670654296875,33477600,0.0,0.0
2024-01-31 00:00:00-05:00,400.06826467616,408.2867065664151,390.48337755581736,390.84710693359375,47871100,0.0,0.0
2024-02-01 00:00:00-05:00,395.02517954720986,401.09070661971754,394.9956887835189,396.9421691894531,30657700,0.0,0.0
2024-02-02 00:00:00-05:00,396.97167613203646,405.66197152955027,396.72590975766974,404.2561950683594,28256700,0.0,0.0
2024-02-05 00:00:00-05:00,402.95851515251775,404.19718719885634,397.14859484100157,398.7804870605469,25352300,0.0,0.0
2024-02-06 00:00:00-05:00,399.0065482946539,401.0611511691438,396.0868431570583,398.6231384277344,18382600,0.0,0.0
2024-02-07 00:00:00-05:00,400.5401302252688,407.2839438164574,400.50079921285686,407.0381774902344,22340500,0.0,0.0
2024-02-08 00:00:00-05:00,407.03818644922006,408.5226246925269,405.5439379531735,407.09716796875,21225300,0.0,0.0
2024-02-09 00:00:00-05:00,408.2178966207668,413.693577955035,408.060602560808,413.4281311035156,22032800,0.0,0.0
2024-02-12 00:00:00-05:00,413.43798737008973,413.61493194410616,407.7263797250581,408.2277526855469,21202900,0.0,0.0
2024-02-13 00:00:00-05:00,398.0825128718903,403.12564326770877,396.55877347389134,399.43914794921875,27824900,0.0,0.0
2024-02-14 00:00:00-05:00,401.90128740018406,403.64451981254246,398.4541962622582,403.2998046875,20401200,0.75,0.0
2024-02-15 00:00:00-05:00,401.9703171422234,402.94534207042653,398.17851011795324,400.4141845703125,21825500,0.0,0.0
2024-02-16 00:00:00-05:00,401.7929735865366,402.11800189970467,397.3413119912312,397.9519348144531,22296500,0.0,0.0
2024-02-20 00:00:00-05:00,397.1443207958614,398.37542488528044,391.99340052173363,396.7011413574219,24307900,0.0,0.0
2024-02-21 00:00:00-05:00,394.12080761512743,396.2087556364425,391.2153895315718,396.10040283203125,18518900,0.0,0.0
2024-02-22 00:00:00-05:00,403.9893247437461,406.5894012936675,402.3938184427991,405.42724609375,27009900,0.0,0.0
2024-02-23 00:00:00-05:00,409.38646893086735,409.5735691126935,402.7877385663373,404.13702392578125,16295900,0.0,0.0
2024-02-26 00:00:00-05:00,405.24008986741234,405.92952022656453,401.2020621700657,401.3793640136719,16193500,0.0,0.0
2024-02-27 00:00:00-05:00,401.8225215015325,402.1475498168189,397.74512033420825,401.32025146484375,14835800,0.0,0.0
2024-02-28 00:00:00-05:00,402.00967855020446,403.1127430930959,399.1929265964819,401.556640625,13183100,0.0,0.0
2024-02-29 00:00:00-05:00,402.46269930682627,407.93864768524475,399.7838157071772,407.3871154785156,31947300,0.0,0.0
2024-03-01 00:00:00-05:00,405.0529573414313,409.58342668223145,404.66886847100426,409.2190246582031,17823400,0.0,0.0
2024-03-04 00:00:00-05:00,407.19018891902937,411.04108655942895,406.0871243373175,408.6478271484375,17596000,0.0,0.0
2024-03-05 00:00:00-05:00,407.70222813887517,407.9878526735756,394.58360717326707,396.5632019042969,26919200,0.0,0.0
2024-03-06 00:00:00-05:00,396.87845143918287,399.03534841652714,392.3676988449284,396.0117492675781,22344100,0.0,0.0
2024-03-07 00:00:00-05:00,399.98080286179095,403.5854793634372,396.159450830879,402.9551696777344,18718500,0.0,0.0
2024-03-08 00:00:00-05:00,401.793002594602,404.21583727335775,398.2178712291556,400.0793151855469,18002200,0.0,0.0
2024-03-11 00:00:00-04:00,397.65653833769795,399.5474976681266,395.1943297935152,398.405029296875,16120800,0.0,0.0
2024-03-12 00:00:00-04:00,401.4581099515854,409.28794389731524,400.64067006988586,409.0023193359375,22457000,0.0,0.0
2024-03-13 00:00:00-04:00,411.77975394826365,411.8585313952043,405.23028537501085,408.8251037597656,17115900,0.0,0.0
2024-03-14 00:00:00-04:00,413.88738417925487,421.3528170705886,411.6713965625505,418.7921142578125,34157300,0.0,0.0
2024-03-15 00:00:00-04:00,412.95173236718284,416.2116937258995,406.54999083820695,410.1251220703125,45079900,0.0,0.0
2024-03-18 00:00:00-04:00,407.98787589557446,414.3699300128756,407.5249795776433,411.011474609375,20106000,0.0,0.0
2024-03-19 00:00:00-04:00,411.51383434146254,415.295813199016,409.268301301435,415.03973388671875,19837900,0.0,0.0
2024-03-20 00:00:00-04:00,415.62075700500156,419.5208864985866,414.3010169757645,418.80194091796875,17860100,0.0,0.0
2024-03-21 00:00:00-04:00,423.3324019440985,424.30745690999566,420.70278020104655,422.8793640136719,21296200,0.0,0.0
2024-03-22 00:00:00-04:00,423.2043596919927,423.3619145681295,419.62922855755534,422.25885009765625,17648500,0.0,0.0
2024-03-25 00:00:00-04:00,418.8117700116772,420.9489800236463,415.2366387798196,416.4677429199219,18060500,0.0,0.0
2024-03-26 00:00:00-04:00,419.17616089060704,419.55042134825453,414.98057853086766,415.2760314941406,16725600,0.0,0.0
2024-03-27 00:00:00-04:00,418.02386500319915,418.0337234540762,412.67595596490696,415.0593566894531,16705000,0.0,0.0
2024-03-28 00:00:00-04:00,414.5964697982947,415.4927172172239,412.78428811448583,414.360107421875,21871200,0.0,0.0
2024-04-01 00:00:00-04:00,417.5412936572551,421.42173632509054,415.8374347010724,418.15191650390625,16316000,0.0,0.0
2024-04-02 00:00:00-04:00,413.7593326884334,415.9950371448598,411.52365828826186,415.0692443847656,17912000,0.0,0.0
2024-04-03 00:00:00-04:00,413.3850905644336,416.8617275140834,412.75475080677563,414.0942077636719,16502300,0.0,0.0
2024-04-04 00:00:00-04:00,418.5656174149567,422.19001143699086,411.2577988795479,411.5631103515625,19370900,0.0,0.0
2024-04-05 00:00:00-04:00,413.6608680769513,420.0626098925823,411.99641280038685,419.0875549316406,16554800,0.0,0.0
2024-04-08 00:00:00-04:00,418.7428800514856,420.820969557038,416.9011228829619,418.171630859375,14272400,0.0,0.0
2024-04-09 00:00:00-04:00,419.9936445079337,421.27398079875763,415.24649970194963,419.8360595703125,12496900,0.0,0.0
2024-04-10 00:00:00-04:00,415.80789248455,417.6200741918698,413.3555426286193,416.8617248535156,16216600,0.0,0.0
2024-04-11 00:00:00-04:00,419.3830008173104,422.8793243997448,415.9752830660833,421.4610900878906,17966400,0.0,0.0
2024-04-12 00:00:00-04:00,417.6397403424306,418.7526632511182,413.42444113170603,415.5222473144531,19253800,0.0,0.0
2024-04-15 00:00:00-04:00,420.1511937797841,420.36786929358846,407.1802683588039,407.3871154785156,20273500,0.0,0.0
2024-04-16 00:00:00-04:00,408.30303781713025,412.07512727036436,407.47573953105865,408.3128662109375,16765600,0.0,0.0
2024-04-17 00:00:00-04:00,410.9425408996239,412.5479054250206,404.1271355046504,405.61431884765625,15855500,0.0,0.0
2024-04-18 00:00:00-04:00,404.42265672373026,405.6636193685748,397.843643128254,398.1587829589844,21029900,0.0,0.0
2024-04-19 00:00:00-04:00,397.922389385747,399.35048216055003,391.7570104509112,393.08660888671875,30565800,0.0,0.0
2024-04-22 00:00:00-04:00,394.0320711382099,396.7602169331123,389.7675399586122,394.8987731933594,20286900,0.0,0.0
2024-04-23 00:00:00-04:00,398.1292267170022,402.0293863346637,396.9670716039761,401.4089050292969,15734500,0.0,0.0
2024-04-24 00:00:00-04:00,403.3687538471423,406.23476751515864,400.6307798018594,402.8763122558594,15065300,0.0,0.0
2024-04-25 00:00:00-04:00,388.0735981687377,393.84503042188726,382.16429787123263,393.00787353515625,40586500,0.0,0.0
2024-04-26 00:00:00-04:00,405.93939976601416,406.7568397543272,399.6262936342629,400.1778259277344,29694700,0.0,0.0
2024-04-29 00:00:00-04:00,399.12396145400385,400.17779380940664,393.1555709987601,396.1693115234375,19582100,0.0,0.0
2024-04-30 00:00:00-04:00,395.4207954000411,396.0806804506466,383.2870557136592,383.4446105957031,28781400,0.0,0.0
2024-05-01 00:00:00-04:00,386.6750535015372,395.64735681788176,384.4098337259813,388.9698486328125,23562500,0.0,0.0
2024-05-02 00:00:00-04:00,391.6487169798458,393.88439136644655,388.6842084752251,391.82598876953125,17709400,0.0,0.0
2024-05-03 00:00:00-04:00,396.1988709336313,400.9952480161036,395.7852067038653,400.5126647949219,17446700,0.0,0.0
2024-05-06 00:00:00-04:00,402.58092459776026,407.67275464571117,400.22703898277103,407.2886657714844,16996600,0.0,0.0
2024-05-07 00:00:00-04:00,408.39168563049185,408.40154408083737,402.9058788007464,403.152099609375,20018200,0.0,0.0
2024-05-08 00:00:00-04:00,401.99981584395204,405.9984394987751,400.5618646353196,404.333984375,11792300,0.0,0.0
2024-05-09 00:00:00-04:00,404.3635817483474,406.48107503136987,402.91580195884967,406.0871276855469,14689700,0.0,0.0
2024-05-10 00:00:00-04:00,406.6977419727187,409.1008598045123,405.5749605018169,408.47052001953125,13402300,0.0,0.0
2024-05-13 00:00:00-04:00,411.6910695528216,412.02592626132173,404.6097563640546,407.4659118652344,15440200,0.0,0.0
2024-05-14 00:00:00-04:00,405.7915915372278,411.17890419255156,405.3286952009842,410.2629699707031,15109300,0.0,0.0
2024-05-15 00:00:00-04:00,412.32514437118755,418.1563076849087,411.703543849402,417.43603515625,22239500,0.75,0.0
2024-05-16 00:00:00-04:00,416.1730322472247,419.7447655066684,414.74239380752215,415.37384033203125,17530100,0.0,0.0
2024-05-17 00:00:00-04:00,416.90321260748334,417.27814812423264,412.45336756995647,414.6042785644531,15352200,0.0,0.0
2024-05-20 00:00:00-04:00,414.6042935983872,421.07677928196154,414.3872272445279,419.6658630371094,16272100,0.0,0.0
2024-05-21 00:00:00-04:00,421.1359581260157,427.1940633042462,419.1823911367933,423.3164978027344,21453300,0.0,0.0
2024-05-22 00:00:00-04:00,424.35250743086516,426.6415653807663,421.43200286988593,424.7767639160156,18073700,0.0,0.0
2024-05-23 00:00:00-04:00,427.1940398728344,427.8156402845708,419.74477138500487,421.3036804199219,17211700,0.0,0.0
2024-05-24 00:00:00-04:00,421.49118910602255,425.30955759417924,418.7482761527639,424.42156982421875,11855300,0.0,0.0
2024-05-28 00:00:00-04:00,423.8986700778892,425.07279769134385,420.9090919797955,424.5794677734375,15718000,0.0,0.0
2024-05-29 00:00:00-04:00,420.011237075474,425.1912013264544,420.011237075474,423.44482421875,15517100,0.0,0.0
2024-05-30 00:00:00-04:00,418.6397847177413,418.6397847177413,408.71398850431876,409.1382751464844,28394500,0.0,0.0
2024-05-31 00:00:00-04:00,411.19045552886206,411.19045552886206,399.1137496856911,409.5920715332031,47995300,0.0,0.0
2024-06-03 00:00:00-04:00,409.98670515974976,410.8746928703061,403.46489897631534,408.0035095214844,17484700,0.0,0.0
2024-06-04 00:00:00-04:00,406.9280752908703,410.88459054146256,404.21476096620233,410.51953125,14348900,0.0,0.0
2024-06-05 00:00:00-04:00,412.23627465688065,418.42261995316136,410.74640891859264,418.35357666015625,16988000,0.0,0.0
2024-06-06 00:00:00-04:00,418.35360501475236,419.6362506295676,414.9693392305099,418.8567810058594,14861300,0.0,0.0
2024-06-07 00:00:00-04:00,420.51442686018504,420.59334639709124,417.3571033955117,418.1957702636719,13621700,0.0,0.0
2024-06-10 00:00:00-04:00,419.0344147777948,422.36929949498546,418.2352227759558,422.162109375,13982900,0.0,0.0
2024-06-11 00:00:00-04:00,419.8039964152252,427.04607528322305,419.57705383558175,426.9079284667969,14551100,0.0,0.0
2024-06-12 00:00:00-04:00,429.51276024474697,437.48495834500466,427.47036718999846,435.1761779785156,22366200,0.0,0.0
2024-06-13 00:00:00-04:00,434.9689970884557,437.47512151645753,433.5087296834647,435.6892395019531,15960600,0.0,0.0
2024-06-14 00:00:00-04:00,432.4332670607897,437.2284494695541,430.8940801420427,436.6660461425781,13582000,0.0,0.0
2024-06-17 00:00:00-04:00,436.6857791496651,444.9243949145692,434.8407300488904,442.388671875,20790000,0.0,0.0
2024-06-18 00:00:00-04:00,443.7107502283828,444.1350368072149,438.95507309068336,440.3857116699219,17112500,0.0,0.0
2024-06-20 00:00:00-04:00,440.3462747944722,440.5732173975681,435.383377000911,439.7543029785156,19877400,0.0,0.0
2024-06-21 00:00:00-04:00,441.4118686798834,444.569161991758,440.5534794666223,443.77984619140625,34187100,0.0,0.0
2024-06-24 00:00:00-04:00,443.7995580906483,446.71021649298933,440.45479708566984,441.697998046875,15913700,0.0,0.0
2024-06-25 00:00:00-04:00,442.27021086532676,445.3979353653379,440.79022131418793,444.9342041015625,16413400,0.0,0.0
2024-06-26 00:00:00-04:00,443.0102641137892,447.5489053584295,442.2110720595261,446.12811279296875,16507000,0.0,0.0
2024-06-27 00:00:00-04:00,446.1478236075156,450.08461670642896,445.74328947401983,446.80889892578125,14806300,0.0,0.0
2024-06-28 00:00:00-04:00,447.0259939599186,449.30517584788765,440.45483562080426,440.9876403808594,28362300,0.0,0.0
2024-07-01 00:00:00-04:00,442.67479410049566,451.2685926172397,439.71481466960876,450.63714599609375,17662800,0.0,0.0
2024-07-02 00:00:00-04:00,447.15419830732895,453.45893827703065,447.0653724350894,453.153076171875,13979800,0.0,0.0
2024-07-03 00:00:00-04:00,452.07760022493966,454.86983386478704,451.77173813362833,454.6231689453125,9932800,0.0,0.0
2024-07-05 00:00:00-04:00,453.478674753155,462.1021014719612,452.8472281684966,461.3226318359375,16000300,0.0,0.0
2024-07-08 00:00:00-04:00,460.326095268591,461.4607780718062,458.26398000009,460.0202331542969,12962300,0.0,0.0
2024-07-09 00:00:00-04:00,460.770141890067,461.0957263862654,451.89020339539763,453.40966796875,17207200,0.0,0.0
2024-07-10 00:00:00-04:00,455.0672233776237,460.2373109717691,452.73869064735504,460.0301208496094,18196100,0.0,0.0
2024-07-11 00:00:00-04:00,456.8037581244286,458.57973369334036,445.5262138972975,448.63421630859375,23111200,0.0,0.0
2024-07-12 00:00:00-04:00,448.26913567933263,450.2720538778231,444.6382348256943,447.4995422363281,16324300,0.0,0.0
2024-07-15 00:00:00-04:00,447.25288415779397,451.1600787227488,445.40783511291056,447.9040832519531,14429400,0.0,0.0
2024-07-16 00:00:00-04:00,448.1606286695201,448.23954820722287,440.7014827721708,443.5233154296875,17175700,0.0,0.0
2024-07-17 00:00:00-04:00,436.68580706257035,438.9156681001836,433.32129314766996,437.6033935546875,21778000,0.0,0.0
2024-07-18 00:00:00-04:00,438.4124326412694,438.7182947848892,428.6050313568636,434.4953918457031,20794800,0.0,0.0
2024-07-19 00:00:00-04:00,427.3223538949878,435.2551069043024,426.23702212212055,431.2788391113281,20940400,0.0,0.0
2024-07-22 00:00:00-04:00,435.89641421757136,438.6689256733767,433.05482935357276,437.03106689453125,15808800,0.0,0.0
2024-07-23 00:00:00-04:00,437.9782800404941,442.40840302613475,437.1889642431626,438.9156188964844,13107100,0.0,0.0
2024-07-24 00:00:00-04:00,434.5743451525585,435.5906035987281,421.88588376058476,423.17840576171875,26805800,0.0,0.0
2024-07-25 00:00:00-04:00,423.0797067418699,424.066366533815,411.94033937034624,412.8184509277344,29943800,0.0,0.0
2024-07-26 00:00:00-04:00,412.6211098546519,423.19810333197387,411.7034934246348,419.5967712402344,23583800,0.0,0.0
2024-07-29 00:00:00-04:00,425.8226295279651,426.3850328487882,419.0344352964457,421.037353515625,15125800,0.0,0.0
2024-07-30 00:00:00-04:00,422.01409176409487,423.32633592791996,411.79228152562297,417.27813720703125,32687600,0.0,0.0
2024-07-31 00:00:00-04:00,414.8904164009859,416.1533396507724,406.7109988096176,412.76910400390625,42891400,0.0,0.0
2024-08-01 00:00:00-04:00,415.1765852410534,421.7575892383458,407.57929274476925,411.545654296875,30296400,0.0,0.0
2024-08-02 00:00:00-04:00,406.98728858808795,409.46381430513844,398.9460172931046,403.0406494140625,29437900,0.0,0.0
2024-08-05 00:00:00-04:00,383.9783949357412,395.6900415573509,380.43625987349014,389.87860107421875,40709200,0.0,0.0
2024-08-06 00:00:00-04:00,394.66389500260414,400.25826896287094,393.18390539634436,394.2790832519531,24946500,0.0,0.0
2024-08-07 00:00:00-04:00,403.18865539095805,404.6094177317887,392.16765271577526,393.1148376464844,20650900,0.0,0.0
2024-08-08 00:00:00-04:00,397.0713892387092,400.4457490366174,394.6047396336136,397.31805419921875,20203000,0.0,0.0
2024-08-09 00:00:00-04:00,398.6401637815713,402.60652539742165,396.8937867490897,400.6036071777344,19276700,0.0,0.0
2024-08-12 00:00:00-04:00,401.62975211823795,403.3070858906621,398.8473641425328,401.3830871582031,16762900,0.0,0.0
2024-08-13 00:00:00-04:00,404.1259805010332,409.41449264240543,404.10625814496586,408.4870300292969,19414300,0.0,0.0
2024-08-14 00:00:00-04:00,409.2664943452795,412.1475543601763,406.94786778270196,411.29901123046875,18267000,0.0,0.0
2024-08-15 00:00:00-04:00,414.9462891736181,416.2411406304339,412.8310473922666,416.1620788574219,20752100,0.75,0.0
2024-08-16 00:00:00-04:00,415.7370612802868,416.46849580465874,412.4751975268654,413.6316833496094,22775600,0.0,0.0
2024-08-19 00:00:00-04:00,414.11607854196563,416.87382969073013,411.64498293028373,416.6563720703125,15234000,0.0,0.0
2024-08-20 00:00:00-04:00,416.82435482083605,420.9362307322599,416.76505094858624,419.88848876953125,16387600,0.0,0.0
2024-08-21 00:00:00-04:00,419.1767804694493,421.4699639056496,416.84408123122563,419.2361145019531,16067300,0.0,0.0
2024-08-22 00:00:00-04:00,419.45362155809136,421.8555493177983,409.8163490739685,410.7454833984375,19361900,0.0,0.0
2024-08-23 00:00:00-04:00,412.15896655760116,414.4126044200127,407.32548933843145,411.9711608886719,18493800,0.0,0.0
2024-08-26 00:00:00-04:00,411.55599630876077,412.4554786638681,406.58415351672016,408.70928955078125,13152800,0.0,0.0
2024-08-27 00:00:00-04:00,408.0865261332207,409.5691832347041,405.5067172557128,409.0552062988281,13492900,0.0,0.0
2024-08-28 00:00:00-04:00,410.08323636580656,410.2018441208808,402.6007521142328,405.85272216796875,14882700,0.0,0.0
2024-08-29 00:00:00-04:00,410.14253158113485,417.17031240351145,405.85271359636084,408.34356689453125,17045200,0.0,0.0
2024-08-30 00:00:00-04:00,410.7949049431994,412.663037378181,407.3650233246306,412.3171081542969,24308300,0.0,0.0
2024-09-03 00:00:00-04:00,413.0781880012741,415.02541234976394,402.32397617802485,404.70611572265625,20313600,0.0,0.0
2024-09-04 00:00:00-04:00,401.21691249953295,406.48527429622453,399.6947093805116,404.1723327636719,15135800,0.0,0.0
2024-09-05 00:00:00-04:00,402.9071267784607,408.3237783354607,401.4343636867301,403.6682434082031,14195500,0.0,0.0
2024-09-06 00:00:00-04:00,404.33049307771034,405.9021060614487,396.165984591682,397.05560302734375,19609500,0.0,0.0
2024-09-09 00:00:00-04:00,402.5315288470681,403.9252302108811,397.5003824546475,401.02911376953125,15295100,0.0,0.0
2024-09-10 00:00:00-04:00,403.480503347315,411.5164809342579,402.98628422521625,409.4111328125,19594300,0.0,0.0
2024-09-11 00:00:00-04:00,410.6960030081859,419.087832261703,404.8444365761154,418.1488342285156,19266900,0.0,0.0
2024-09-12 00:00:00-04:00,418.4157104817343,422.4287665702525,414.8968734205188,422.06304931640625,17395700,0.0,0.0
2024-09-13 00:00:00-04:00,420.9065669174341,426.8371952929349,420.54084966063596,425.6115417480469,15874600,0.0,0.0
2024-09-16 00:00:00-04:00,425.62144023461013,428.51755654874484,423.26895279469,426.3528747558594,13834700,0.0,0.0
2024-09-17 00:00:00-04:00,435.14011791593873,436.7413828200211,427.2721288798558,430.11883544921875,18874200,0.0,0.0
2024-09-18 00:00:00-04:00,429.97062963783105,430.9887198071655,425.43370178624906,425.8290710449219,18898000,0.0,0.0
2024-09-19 00:00:00-04:00,436.12856118496126,436.39542861722236,431.8486072464737,433.617919921875,21706600,0.0,0.0
2024-09-20 00:00:00-04:00,432.16495436382024,434.161588684006,429.1996397408119,430.23748779296875,55167100,0.0,0.0
2024-09-23 00:00:00-04:00,429.2589197702658,431.41370770372646,425.4139110417271,428.4978332519531,15128900,0.0,0.0
2024-09-24 00:00:00-04:00,427.9937433882553,428.33970279345715,421.17352579677157,424.2080383300781,17015800,0.0,0.0
2024-09-25 00:00:00-04:00,424.8603454388432,428.1123153119531,423.61493391499886,427.1139831542969,13396400,0.0,0.0
2024-09-26 00:00:00-04:00,430.0595370663028,430.2671006249204,424.1684543301705,426.3232421875,14492000,0.0,0.0
2024-09-27 00:00:00-04:00,426.5307610774425,426.8569625144173,422.5275991853648,423.07122802734375,14896100,0.0,0.0
2024-09-30 00:00:00-04:00,423.2590885562286,425.4435585697777,420.4519278512811,425.3249206542969,16807300,0.0,0.0
2024-10-01 00:00:00-04:00,423.49633953955015,423.52599147760804,413.9677812470877,415.8260498046875,19092900,0.0,0.0
2024-10-02 00:00:00-04:00,417.6941594936009,417.93140514988795,411.89203266645677,412.30718994140625,16582300,0.0,0.0
2024-10-03 00:00:00-04:00,412.80142348929195,414.699207817815,409.50004373541833,411.7240295410156,13686400,0.0,0.0
2024-10-04 00:00:00-04:00,413.40432999591644,414.89688113885154,410.172148356534,411.2495422363281,19169700,0.0,0.0
2024-10-07 00:00:00-04:00,411.190264062665,412.287415913181,404.2711971193028,404.8049621582031,20919800,0.0,0.0
2024-10-08 00:00:00-04:00,406.1492143378804,410.8541894054543,403.45079759655545,409.9151611328125,19229300,0.0,0.0
2024-10-09 00:00:00-04:00,411.0518548194861,415.51961434814075,409.5098937927917,412.63336181640625,14974300,0.0,0.0
2024-10-10 00:00:00-04:00,410.4292326632597,412.5247169639496,408.37326417465465,411.03216552734375,13848400,0.0,0.0
2024-10-11 00:00:00-04:00,411.32868016338136,412.30722431233596,408.4720793339732,411.506591796875,14144900,0.0,0.0
2024-10-14 00:00:00-04:00,412.9398206598447,419.1373475498946,412.6927111070291,414.29400634765625,16653100,0.0,0.0
2024-10-15 00:00:00-04:00,417.29885057772566,417.59540014974584,410.4588748220689,413.89862060546875,18900200,0.0,0.0
2024-10-16 00:00:00-04:00,410.36987028679,411.5460839058675,405.7340930599272,411.3088684082031,15508900,0.0,0.0
2024-10-17 00:00:00-04:00,417.4766915704916,417.6150873802946,410.78497665094557,411.90191650390625,14820000,0.0,0.0
2024-10-18 00:00:00-04:00,412.31709084461266,414.79805000770625,411.447260474788,413.3252868652344,17145300,0.0,0.0
2024-10-21 00:00:00-04:00,411.30886136013186,414.1160219717621,408.9662678666254,413.9381103515625,14206100,0.0,0.0
2024-10-22 00:00:00-04:00,413.6514683614362,425.60168187753965,413.2066892964129,422.56719970703125,25482200,0.0,0.0
2024-10-23 00:00:00-04:00,425.8784594235447,426.0959170295647,417.64478266305224,419.69085693359375,19654400,0.0,0.0
2024-10-24 00:00:00-04:00,420.4123746810587,421.0548835944768,417.5162582126422,419.8193359375,13581600,0.0,0.0
2024-10-25 00:00:00-04:00,421.82588520642906,427.51926858228103,421.638079540004,423.1997985839844,16899100,0.0,0.0
2024-10-28 00:00:00-04:00,426.669225694439,426.94598717649535,421.3711813975522,421.6578369140625,14882400,0.0,0.0
2024-10-29 00:00:00-04:00,423.0515590564399,428.1617979371543,420.8769829019358,426.9559020996094,17644100,0.0,0.0
2024-10-30 00:00:00-04:00,432.38241000195467,433.43015208412135,427.10415361686785,427.5291748046875,29749100,0.0,0.0
2024-10-31 00:00:00-04:00,410.55763165325993,411.3484002261627,401.60238494770107,401.6518249511719,53971000,0.0,0.0
2024-11-01 00:00:00-04:00,404.2811047814158,410.69605883957496,402.78855349489004,405.6253662109375,24230400,0.0,0.0
2024-11-04 00:00:00-05:00,405.06196083886334,405.6748178590432,400.88088657331804,403.7374572753906,19672300,0.0,0.0
2024-11-05 00:00:00-05:00,403.6484884800003,410.102988488707,403.3618329661191,406.7027587890625,17626000,0.0,0.0
2024-11-06 00:00:00-05:00,407.65167048638625,415.58882753455555,405.77361389082967,415.3219299316406,26681800,0.0,0.0
2024-11-07 00:00:00-05:00,416.40921822256973,421.91482589939426,415.0254108601489,420.51123046875,19901800,0.0,0.0
2024-11-08 00:00:00-05:00,420.40251992805025,421.568869701991,416.90344044148964,417.6546630859375,16891400,0.0,0.0
2024-11-11 00:00:00-05:00,417.6348370791872,419.8983686763573,411.1902318053884,413.177001953125,24503300,0.0,0.0
2024-11-12 00:00:00-05:00,413.4142742125201,419.5327090402253,412.37642617579047,418.1390075683594,19401200,0.0,0.0
2024-11-13 00:00:00-05:00,416.7650676989441,424.366129168666,413.3747019871383,420.2839050292969,21502200,0.0,0.0
2024-11-14 00:00:00-05:00,420.086213638624,423.21957584577814,415.14402288993426,421.9543762207031,30246900,0.0,0.0
2024-11-15 00:00:00-05:00,414.9661225121513,417.91164897279026,408.85758182070697,410.20184326171875,28247600,0.0,0.0
2024-11-18 00:00:00-05:00,410.0733395128572,413.56252505276035,407.33537663624696,410.95306396484375,24727000,0.0,0.0
2024-11-19 00:00:00-05:00,408.3336509537854,413.10782389174204,406.79168992363145,412.9595642089844,18133500,0.0,0.0
2024-11-20 00:00:00-05:00,412.05020669970736,412.46536399512735,405.8329222910528,410.6861572265625,19191700,0.0,0.0
2024-11-21 00:00:00-05:00,415.4797975064388,415.7571129679985,406.35806834126146,408.913330078125,20780200,0.83,0.0
2024-11-22 00:00:00-05:00,407.4277029433142,413.3999142872652,407.1206761919346,413.0037536621094,24814600,0.0,0.0
2024-11-25 00:00:00-05:00,414.3705063731925,417.0446130867062,410.8743369468268,414.7765808105469,27691100,0.0,0.0
2024-11-26 00:00:00-05:00,415.56890369905886,424.92835279721186,414.8360050762814,423.8883972167969,23458900,0.0,0.0
2024-11-27 00:00:00-05:00,421.03601885024915,423.13572759358533,417.97563494679554,418.93634033203125,18332400,0.0,0.0
2024-11-29 00:00:00-05:00,416.06412568619913,420.808229889217,413.7960631011275,419.4018249511719,16271900,0.0,0.0
2024-12-02 00:00:00-05:00,417.52999772728793,428.8504539576372,417.2724796995242,426.8498229980469,20207200,0.0,0.0
2024-12-03 00:00:00-05:00,425.72067515411175,428.32547569363487,423.6407942127541,427.0676574707031,18302000,0.0,0.0
2024-12-04 00:00:00-05:00,428.8800841135143,435.4564646159383,428.48392353237045,433.22802734375,26009400,0.0,0.0
2024-12-05 00:00:00-05:00,433.72329450893346,440.39869339406243,431.99006528414975,438.37823486328125,21697800,0.0,0.0
2024-12-06 00:00:00-05:00,438.0613042504407,441.8249059308298,437.53638459654593,439.31915283203125,18821000,0.0,0.0
2024-12-09 00:00:00-05:00,438.35845815609247,444.0335267708866,436.27857694289565,441.74566650390625,19144400,0.0,0.0
2024-12-10 00:00:00-05:00,440.1312292230723,445.3110884832869,437.36795856004716,439.08135986328125,18469500,0.0,0.0
2024-12-11 00:00:00-05:00,439.7945337941877,446.0341772846715,439.7945337941877,444.68719482421875,19200200,0.0,0.0
2024-12-12 00:00:00-05:00,444.8059789125675,451.78843398650577,444.8059789125675,445.2516784667969,20834800,0.0,0.0
2024-12-13 00:00:00-05:00,444.142443353527,447.10377945438483,441.30983602760955,442.983642578125,20177800,0.0,0.0
2024-12-16 00:00:00-05:00,442.9836607244317,447.8466102847365,441.0127411892908,447.26226806640625,23598800,0.0,0.0
2024-12-17 00:00:00-05:00,446.6878170659997,450.92679906279125,445.26161469090005,450.104736328125,22733500,0.0,0.0
2024-12-18 00:00:00-05:00,446.9948298056794,448.3120705924071,432.83185420697276,433.1983337402344,24444500,0.0,0.0
2024-12-19 00:00:00-05:00,437.38777493352876,438.93282241461935,432.13857903304347,432.8417663574219,22963700,0.0,0.0
2024-12-20 00:00:00-05:00,428.95931906801104,439.48745236080407,424.5222720446017,432.4158935546875,64263700,0.0,0.0
2024-12-23 00:00:00-05:00,432.5545379722653,433.455820708947,428.6820054234919,431.0788269042969,19152500,0.0,0.0
2024-12-24 00:00:00-05:00,430.484577930417,435.3871522905164,430.02899474815183,435.1197204589844,7164500,0.0,0.0
2024-12-26 00:00:00-05:00,434.8721127935591,436.7143034093448,432.44561022869516,433.9114074707031,8194200,0.0,0.0
2024-12-27 00:00:00-05:00,430.4350863105853,431.04913980352325,422.2641488688207,426.4040832519531,18117700,0.0,0.0
2024-12-30 00:00:00-05:00,421.97689027997586,423.45260132830686,417.8567536350218,420.7586669921875,13158700,0.0,0.0
2024-12-31 00:00:00-05:00,422.016524265212,422.64049156656444,416.6286554798762,417.4606018066406,13246500,0.0,0.0
2025-01-02 00:00:00-05:00,421.4519805555425,421.98681399014663,410.87433837182135,414.5685729980469,16896500,0.0,0.0
2025-01-03 00:00:00-05:00,417.0446121521978,419.96635323692743,415.51939233739597,419.2928771972656,16662900,0.0,0.0
2025-01-06 00:00:00-05:00,423.8983123069827,430.1577525838614,421.4024733118246,423.749755859375,20573600,0.0,0.0
2025-01-07 00:00:00-05:00,424.88876369017254,426.52294519780327,416.7673346717813,418.3222961425781,18139100,0.0,0.0
2025-01-08 00:00:00-05:00,419.40186853766966,422.87824100258706,417.50028530352995,420.4913330078125,15054600,0.0,0.0
2025-01-10 00:00:00-05:00,420.56061778951556,420.63983782074297,411.042698272716,414.93505859375,20201100,0.0,0.0
2025-01-13 00:00:00-05:00,411.2606004893305,414.48936844362913,408.3388895039501,413.1919250488281,17604800,0.0,0.0
2025-01-14 00:00:00-05:00,413.80596878606093,415.7174656234234,406.783918522941,411.6864929199219,16935900,0.0,0.0
2025-01-15 00:00:00-05:00,415.11333355996726,424.04688082339095,414.2615595275802,422.2245178222656,19637800,0.0,0.0
2025-01-16 00:00:00-05:00,424.5916197701724,425.3740271428382,420.3229265289763,420.5110778808594,15300000,0.0,0.0
2025-01-17 00:00:00-05:00,429.9299628963343,430.31623990051855,424.06671321451194,424.91845703125,26197500,0.0,0.0
2025-01-21 00:00:00-05:00,426.07727516253885,426.770548715405,421.52135231106814,424.3935546875,26085700,0.0,0.0
2025-01-22 00:00:00-05:00,433.366705345479,442.98364251820686,431.82165779523024,441.9239196777344,27803800,0.0,0.0
2025-01-23 00:00:00-05:00,437.7641621247137,442.46864124256984,437.26895379651836,442.42901611328125,18389300,0.0,0.0
2025-01-24 00:00:00-05:00,440.89387719602587,442.3695883246394,437.169900939795,439.8044128417969,15549500,0.0,0.0
2025-01-27 00:00:00-05:00,419.9465634582157,431.0293279263355,419.4414413066827,430.39544677734375,35647800,0.0,0.0
2025-01-28 00:00:00-05:00,430.4350516883182,444.08299095093025,427.24590909189664,442.914306640625,23491700,0.0,0.0
2025-01-29 00:00:00-05:00,442.40923592540474,442.5974175154718,436.17950645057016,438.09100341796875,23581400,0.0,0.0
2025-01-30 00:00:00-05:00,414.75677425796516,418.8075747745586,409.20055129765046,411.01300048828125,54586300,0.0,0.0
2025-01-31 00:00:00-05:00,414.964783031506,416.6583870568431,410.933779971825,411.08233642578125,34161900,0.0,0.0
2025-02-03 00:00:00-05:00,407.6555317858933,411.4290171061556,404.7437041840203,406.9820556640625,25679100,0.0,0.0
2025-02-04 00:00:00-05:00,408.7350313881363,409.9532546940812,405.81329031153365,408.4180908203125,20532100,0.0,0.0
2025-02-05 00:00:00-05:00,408.39832109505767,409.8641184268012,406.4669964929513,409.3293151855469,16316700,0.0,0.0
2025-02-06 00:00:00-05:00,410.0324869601977,414.19224891795665,410.0324869601977,411.8350524902344,16309800,0.0,0.0
2025-02-07 00:00:00-05:00,412.48872643025265,414.63791357819275,404.1890302854019,405.8232116699219,22886800,0.0,0.0
2025-02-10 00:00:00-05:00,409.74527293691693,411.47850211303046,406.9820321839411,408.2695617675781,20817900,0.0,0.0
2025-02-11 00:00:00-05:00,405.714301867279,408.5369652151938,405.3775335991668,407.4970397949219,18140600,0.0,0.0
2025-02-12 00:00:00-05:00,403.3075158999609,406.8135989590122,400.49473651773883,405.1199951171875,19121700,0.0,0.0
2025-02-13 00:00:00-05:00,403.0995382668374,407.0612044905901,402.465657162982,406.6056213378906,23891700,0.0,0.0
2025-02-14 00:00:00-05:00,403.8820181953633,404.99128001840967,401.99031874797896,404.515869140625,22758500,0.0,0.0
2025-02-18 00:00:00-05:00,404.08996621044764,406.6650553734785,402.6043413346739,405.7142639160156,21423100,0.0,0.0
2025-02-19 00:00:00-05:00,403.9711199361536,411.50817561028913,403.74331324145845,410.7950744628906,24114200,0.0,0.0
2025-02-20 00:00:00-05:00,412.134891295379,416.1243389128722,409.40578409861945,412.968505859375,23508700,0.83,0.0
2025-02-21 00:00:00-05:00,414.16928284227896,414.8738801834256,404.79109677447474,405.108642578125,27524800,0.0,0.0
2025-02-24 00:00:00-05:00,405.40634791593595,406.2597995139474,396.286166676689,400.93060302734375,26443700,0.0,0.0
2025-02-25 00:00:00-05:00,398.05265327493277,398.8664306026397,393.6860882830661,394.876953125,29387400,0.0,0.0
2025-02-26 00:00:00-05:00,394.9861511086002,400.53367776380867,391.25470780563023,396.6930847167969,19619000,0.0,0.0
2025-02-27 00:00:00-05:00,398.22134834414993,402.657388820498,389.1905096396701,389.5477600097656,21127400,0.0,0.0
2025-02-28 00:00:00-05:00,389.67678725566606,394.6090291195634,383.6330593862238,393.973876953125,32845700,0.0,0.0
2025-03-03 00:00:00-05:00,395.7899873220531,395.7899873220531,383.2261675615013,385.5384521484375,23007700,0.0,0.0
2025-03-04 00:00:00-05:00,380.48712304915495,389.59737098453536,378.10536303990614,385.65753173828125,29342900,0.0,0.0
2025-03-05 00:00:00-05:00,386.3820118850688,398.61835249883035,385.85603973587394,397.9732666015625,23433100,0.0,0.0
2025-03-06 00:00:00-05:00,391.28447789138556,399.09468114787944,389.6966277473878,393.8746643066406,23304600,0.0,0.0
2025-03-07 00:00:00-05:00,389.3394000020522,391.80053909690844,382.61091150423107,390.3218688964844,22034100,0.0,0.0
2025-03-10 00:00:00-04:00,382.90859827837613,383.4643412864511,374.3540930979484,377.2717590332031,32840100,0.0,0.0
2025-03-11 00:00:00-04:00,376.1205440687611,383.0673615053873,374.04642649696916,377.5595397949219,30380200,0.0,0.0
2025-03-12 00:00:00-04:00,380.0405779726452,382.2933209136247,376.0709676751301,380.3581237792969,24253600,0.0,0.0
2025-03-13 00:00:00-04:00,380.2489960755926,382.39258939479765,374.58238552740926,375.892333984375,20473000,0.0,0.0
2025-03-14 00:00:00-04:00,376.8946174814204,387.2652356448431,376.62667971124,385.60791015625,19952800,0.0,0.0
2025-03-17 00:00:00-04:00,383.7620820869245,389.7264008785539,382.6406623483486,385.74688720703125,22474300,0.0,0.0
2025-03-18 00:00:00-04:00,384.1292482671326,384.42695690697013,378.20460404859546,380.606201171875,19486900,0.0,0.0
2025-03-19 00:00:00-04:00,382.60095534567967,386.719419886704,381.0825806498319,384.8735656738281,19185500,0.0,0.0
2025-03-20 00:00:00-04:00,382.8093521082507,388.8134057411041,380.36805030146087,383.9010009765625,18470500,0.0,0.0
2025-03-21 00:00:00-04:00,380.3085496960487,388.76380948127513,379.8917272519025,388.2874755859375,39675900,0.0,0.0
2025-03-24 00:00:00-04:00,392.3959786933822,392.3959786933822,386.84845184017416,390.0935974121094,21004500,0.0,0.0
2025-03-25 00:00:00-04:00,390.9272368910712,393.34867131877104,389.65696280253144,392.1578063964844,15775000,0.0,0.0
2025-03-26 00:00:00-04:00,391.99901639757354,392.30665877239477,385.61787512073846,387.0072326660156,16108400,0.0,0.0
2025-03-27 00:00:00-04:00,387.1659858818112,389.2599405856522,384.4567161979595,387.612548828125,13766800,0.0,0.0
2025-03-28 00:00:00-04:00,385.13158343812927,386.1736243280803,374.0663006272135,375.9220886230469,21632000,0.0,0.0
2025-03-31 00:00:00-04:00,369.7096411618319,374.20522334023684,364.449889664545,372.5379943847656,35184700,0.0,0.0
2025-04-01 00:00:00-04:00,371.80362246362756,379.9413357760227,370.3944277527412,379.2863464355469,19689500,0.0,0.0
2025-04-02 00:00:00-04:00,375.0983928958324,382.1543604865691,373.7586433966847,379.2367248535156,16092600,0.0,0.0
2025-04-03 00:00:00-04:00,371.9425583652147,374.61212363444304,366.54388609690864,370.2752990722656,30198000,0.0,0.0
2025-04-04 00:00:00-04:00,361.363555677575,371.74407816646067,356.74888974568233,357.10614013671875,49209900,0.0,0.0
2025-04-07 00:00:00-04:00,348.2142236601539,368.1813588125757,342.17049555544185,355.14117431640625,50425000,0.0,0.0
2025-04-08 00:00:00-04:00,365.46213664338546,370.8111701107758,347.5889587924899,351.8662109375,35868900,0.0,0.0
2025-04-09 00:00:00-04:00,350.85399906862426,390.24245792204835,350.41733953240174,387.52325439453125,50199700,0.0,0.0
2025-04-10 00:00:00-04:00,379.1572950457799,380.983312003396,365.00562576710445,378.45269775390625,38024400,0.0,0.0
2025-04-11 00:00:00-04:00,377.7481178718862,387.0865991344375,376.0114134245454,385.498779296875,23839200,0.0,0.0
2025-04-14 00:00:00-04:00,390.23251818413166,391.6516465120973,381.2909618319917,384.8636169433594,19251200,0.0,0.0
2025-04-15 00:00:00-04:00,385.5583162962043,388.9126416904877,381.24135923720473,382.7994384765625,17199900,0.0,0.0
2025-04-16 00:00:00-04:00,377.7779079921512,378.71073856569086,365.2041538267982,368.7867126464844,21967800,0.0,0.0
2025-04-17 00:00:00-04:00,370.9104537724408,371.4761304955969,364.10258680355696,364.9858093261719,21120200,0.0,0.0
2025-04-21 00:00:00-04:00,360.0635031391147,361.71089501866106,352.9678309109542,356.3916015625,20807300,0.0,0.0
2025-04-22 00:00:00-04:00,360.6192443688487,364.9758758256959,357.12596800122816,364.0331115722656,19485000,0.0,0.0
2025-04-23 00:00:00-04:00,373.20288850682186,377.50000836988784,370.1859763720142,371.54559326171875,20545500,0.0,0.0
2025-04-24 00:00:00-04:00,372.84566753938213,385.49880064204365,372.33953252384407,384.3575134277344,22232300,0.0,0.0
2025-04-25 00:00:00-04:00,384.05979677325973,389.1805976978566,381.67803664886475,388.8729553222656,18973200,0.0,0.0
2025-04-28 00:00:00-04:00,388.9821118643913,389.7561846754867,383.7025530868883,388.1882019042969,16579400,0.0,0.0
2025-04-29 00:00:00-04:00,388.3270916828822,392.0982394081848,387.41409832984397,391.0462951660156,14974000,0.0,0.0
2025-04-30 00:00:00-04:00,387.33468087236696,393.6463764759126,381.51921680100196,392.25701904296875,36461100,0.0,0.0
2025-05-01 00:00:00-04:00,427.8346397458207,433.669971462135,421.67182852064957,422.16802978515625,58938100,0.0,0.0
2025-05-02 00:00:00-04:00,428.4598480759583,436.10135948336034,426.72314369115975,431.97296142578125,30757400,0.0,0.0
2025-05-05 00:00:00-04:00,429.58128511716615,436.1609188409604,428.827049490993,432.8562316894531,20136100,0.0,0.0
2025-05-06 00:00:00-04:00,428.91639204817295,434.4043769104007,427.8942186382879,430.0179443359375,15104200,0.0,0.0
2025-05-07 00:00:00-04:00,430.54391525930873,434.79139692835327,427.83464541633373,430.0576477050781,23295300,0.0,0.0
2025-05-08 00:00:00-04:00,434.602806230982,440.2992170006134,432.35006352791333,434.84100341796875,23491300,0.0,0.0
2025-05-09 00:00:00-04:00,436.6570993033328,437.3914674607305,432.5684058555715,435.3967590332031,15324200,0.0,0.0
2025-05-12 00:00:00-04:00,442.551987565255,445.9559209816134,436.43878433354007,445.8467712402344,22821900,0.0,0.0
2025-05-13 00:00:00-04:00,444.37803887168343,447.24609694771215,441.9764112331301,445.72772216796875,23618800,0.0,0.0
2025-05-14 00:00:00-04:00,444.73528972695,450.45150777480933,444.73528972695,449.4988098144531,19902800,0.0,0.0
2025-05-15 00:00:00-04:00,448.1665235651595,453.5552331837817,447.8284909088357,450.5129089355469,21992300,0.83,0.0
2025-05-16 00:00:00-04:00,449.43915228561843,451.73580834700897,446.1383501578063,451.6463317871094,23849800,0.0,0.0
2025-05-19 00:00:00-04:00,448.27591363294266,456.9355998797858,448.1963586877965,456.2197570800781,21336500,0.0,0.0
2025-05-20 00:00:00-04:00,452.9587181303489,455.69283539558984,451.69606398891386,455.5238342285156,15441800,0.0,0.0
2025-05-21 00:00:00-04:00,451.94462570262056,455.1360777634671,449.20055644956204,449.9561767578125,19216900,0.0,0.0
2025-05-22 00:00:00-04:00,452.32244757902833,457.5918252828005,451.27849365115543,452.2329406738281,18025600,0.0,0.0
2025-05-23 00:00:00-04:00,447.3811293692874,451.06969358680703,446.3173019248347,447.5799560546875,16883500,0.0,0.0
2025-05-27 00:00:00-04:00,453.8435898996704,458.2877744248074,453.48565331857327,458.0292663574219,20974300,0.0,0.0
2025-05-28 00:00:00-04:00,458.55619745791415,459.84867709346275,454.2909661144885,454.7184753417969,17086300,0.0,0.0
2025-05-29 00:00:00-04:00,458.884303233251,459.05333474747385,452.68035209769624,456.0308837890625,13974800,0.0,0.0
2025-05-30 00:00:00-04:00,457.0648535034259,459.0135248792732,452.90900269221845,457.7011413574219,34770500,0.0,0.0
2025-06-02 00:00:00-04:00,454.4997588416313,459.44102500437896,454.25120274050374,459.3018493652344,16626500,0.0,0.0
2025-06-03 00:00:00-04:00,458.8047449110186,461.4593374660713,458.19825223653834,460.29608154296875,15743800,0.0,0.0
2025-06-04 00:00:00-04:00,461.3201414833542,463.00038321907994,460.3457906064832,461.1908874511719,14162700,0.0,0.0
2025-06-05 00:00:00-04:00,462.2745901279283,466.93750520910584,461.3499686746429,464.9788818359375,20131700,0.0,0.0
2025-06-06 00:00:00-04:00,467.37496597576217,470.6061954238558,466.0725343793748,467.6632995605469,15285600,0.0,0.0
2025-06-09 00:00:00-04:00,466.98725027602023,470.69568816704816,465.9134708467471,470.0196228027344,16469900,0.0,0.0
2025-06-10 00:00:00-04:00,468.4686249933991,470.06931180763127,464.26304461137784,468.2001953125,15375900,0.0,0.0
2025-06-11 00:00:00-04:00,467.3053910772251,472.72392676786,466.94748481913814,469.890380859375,16399200,0.0,0.0
2025-06-12 00:00:00-04:00,472.2764779222473,477.6453141185156,470.7851412769109,476.104248046875,18950600,0.0,0.0
2025-06-13 00:00:00-04:00,473.6584649544854,476.4124557062983,470.0295518485209,472.2168273925781,16814500,0.0,0.0
2025-06-16 00:00:00-04:00,472.4653860858625,477.91374692205306,472.25660744971805,476.3727111816406,15626100,0.0,0.0
2025-06-17 00:00:00-04:00,472.65428568792316,475.97499162724574,471.3419021646973,475.279052734375,15414100,0.0,0.0
2025-06-18 00:00:00-04:00,475.2392860574369,478.2219594008936,471.71972301658775,477.4663391113281,17526500,0.0,0.0
2025-06-20 00:00:00-04:00,479.4448516392065,480.6677282539423,474.11579298541653,474.6427307128906,37576200,0.0,0.0
2025-06-23 00:00:00-04:00,475.44806772339973,484.932977511559,469.7810065395394,483.1930847167969,24864000,0.0,0.0
2025-06-24 00:00:00-04:00,486.1260232932434,489.0092679302753,483.9884166007436,487.279296875,22305600,0.0,0.0
2025-06-25 00:00:00-04:00,489.1981971647186,491.70363180611855,486.5635084927723,489.4268493652344,17495100,0.0,0.0
2025-06-26 00:00:00-04:00,490.13278082199906,495.1635541172166,489.9637493151316,494.57696533203125,21578900,0.0,0.0
2025-06-27 00:00:00-04:00,494.6763398018984,496.41623250794254,490.18245642116284,493.0756530761719,34539200,0.0,0.0
2025-06-30 00:00:00-04:00,494.1693427257206,497.86785899517616,492.4691970236715,494.5372009277344,28369000,0.0,0.0
2025-07-01 00:00:00-04:00,493.602615314542,495.17347659984546,488.14433277768,489.2081298828125,19945400,0.0,0.0
2025-07-02 00:00:00-04:00,487.1600396387865,490.6497772469701,485.87751191483574,488.2536926269531,16319600,0.0,0.0
2025-07-03 00:00:00-04:00,490.95797554637323,497.2414813819725,490.59011735274714,495.95892333984375,13984800,0.0,0.0
2025-07-07 00:00:00-04:00,494.50736527479916,495.8694479262707,492.36978876052433,494.84539794921875,13981600,0.0,0.0
2025-07-08 00:00:00-04:00,494.36815380384166,495.3226311177228,491.25622643335066,493.7517395019531,11846600,0.0,0.0
2025-07-09 00:00:00-04:00,497.41047691930333,503.8530622357068,496.85371365827956,500.6019592285156,18659500,0.0,0.0
2025-07-10 00:00:00-04:00,500.14458849842043,501.52657502305914,494.87521114411277,498.58367919921875,16492100,0.0,0.0
2025-07-11 00:00:00-04:00,495.59106078877636,502.1131707269345,494.9249170598048,500.4130554199219,16459500,0.0,0.0
2025-07-14 00:00:00-04:00,498.6234399223271,501.05930198422453,498.1362796464767,500.1147766113281,12058800,0.0,0.0
2025-07-15 00:00:00-04:00,500.11477392946824,505.36427783294863,499.88612172349406,502.89862060546875,14927200,0.0,0.0
2025-07-16 00:00:00-04:00,502.2623068754336,503.793421043838,498.99133023831314,502.69976806640625,15154400,0.0,0.0
2025-07-17 00:00:00-04:00,502.75940886082554,510.40499725185873,502.6997578215743,508.7446594238281,17503100,0.0,0.0
2025-07-18 00:00:00-04:00,511.50859420333654,511.6677041033988,504.499323712682,507.10418701171875,21209700,0.0,0.0
2025-07-21 00:00:00-04:00,503.7834776665751,509.1324405638626,502.6301736290422,507.1141357421875,14066800,0.0,0.0
2025-07-22 00:00:00-04:00,508.01886761548803,508.2475501614973,502.3517761230469,502.3517761230469,13868600,0.0,0.0
2025-07-23 00:00:00-04:00,503.8232255681408,503.8630030405687,497.80817995491657,502.94830322265625,16396600,0.0,0.0
2025-07-24 00:00:00-04:00,505.83158338819493,510.703277326071,504.37007217269974,507.9294128417969,16107000,0.0,0.0
2025-07-25 00:00:00-04:00,509.5101527540243,515.2965460849812,507.4123538189797,510.7430419921875,19125700,0.0,0.0
2025-07-28 00:00:00-04:00,511.110930710653,512.0256002286585,507.17377997770546,509.5400390625,14308000,0.0,0.0
2025-07-29 00:00:00-04:00,512.5525452747698,514.6304403339567,508.6054427654301,509.609619140625,16469200,0.0,0.0
2025-07-30 00:00:00-04:00,512.1946027794743,512.9701269930791,506.49771598970693,510.2757568359375,26380400,0.0,0.0
2025-07-31 00:00:00-04:00,552.0232408256204,552.2420017670738,528.8280273057109,530.4187622070312,51617300,0.0,0.0
2025-08-01 00:00:00-04:00,531.9100652869249,532.7054326872741,517.8517174087783,521.0829467773438,28977600,0.0,0.0
2025-08-04 00:00:00-04:00,525.2190177406763,535.1413592423181,525.0798117410876,532.5464477539062,25349000,0.0,0.0
2025-08-05 00:00:00-04:00,534.077432699505,534.196734767709,524.194840165689,524.701904296875,19171600,0.0,0.0
2025-08-06 00:00:00-04:00,527.8338028961505,528.6291703469228,521.0034855448089,521.908203125,21355700,0.0,0.0
2025-08-07 00:00:00-04:00,523.757448292983,525.0400367197672,514.5608717763297,517.8319091796875,16079100,0.0,0.0
2025-08-08 00:00:00-04:00,519.5816044995674,521.6297041680745,516.4100264967077,519.0248413085938,15531000,0.0,0.0
2025-08-11 00:00:00-04:00,519.2833770884752,524.542862850504,516.7182612189127,518.7564697265625,20194400,0.0,0.0
2025-08-12 00:00:00-04:00,520.7250669698358,527.9132904806338,519.6811434112465,526.183349609375,18667000,0.0,0.0
2025-08-13 00:00:00-04:00,529.0368026236954,529.6234217995657,516.3703917601634,517.5734252929688,19619200,0.0,0.0
2025-08-14 00:00:00-04:00,519.5419572956574,522.9123929469488,517.13595097363,519.46240234375,20269100,0.0,0.0
2025-08-15 00:00:00-04:00,519.7507304052322,523.0614541020369,516.0820397908819,517.1657104492188,25213300,0.0,0.0
2025-08-18 00:00:00-04:00,518.5775833311014,519.8004600468895,511.05129658888984,514.1134643554688,23760600,0.0,0.0
2025-08-19 00:00:00-04:00,512.0255798217245,512.1846290296555,505.61282013208876,506.8257751464844,21481000,0.0,0.0
2025-08-20 00:00:00-04:00,506.92525053820776,508.0487290990465,501.526618683124,502.7992248535156,27723000,0.0,0.0
2025-08-21 00:00:00-04:00,501.6041452591809,505.5278315490841,500.6381609615915,502.15185546875,18443300,0.83,0.0
2025-08-22 00:00:00-04:00,502.1618461633245,508.6150227226763,500.32946944945456,505.1295166015625,24324200,0.0,0.0
2025-08-25 00:00:00-04:00,504.5319946732823,506.0855321115255,502.0323791323648,502.17181396484375,21638600,0.0,0.0
2025-08-26 00:00:00-04:00,502.2713680297872,502.88882606141556,496.4456179190968,499.96099853515625,30835700,0.0,0.0
2025-08-27 00:00:00-04:00,499.92117896114246,505.18928116929357,497.82986914621193,504.64154052734375,17277900,0.0,0.0
2025-08-28 00:00:00-04:00,504.99008260275673,508.9735181763212,503.406670609209,507.529541015625,18015600,0.0,0.0
2025-08-29 00:00:00-04:00,506.5535790393771,507.4896888132377,502.40083415821226,504.59173583984375,20961600,0.0,0.0
2025-09-02 00:00:00-04:00,498.3974910813857,503.90458943006223,494.75264396148896,503.0282287597656,18128000,0.0,0.0
2025-09-03 00:00:00-04:00,501.70375627159575,505.68719181229375,500.2398424947412,503.2572937011719,16345100,0.0,0.0
2025-09-04 00:00:00-04:00,502.2116394820944,506.04570238922344,501.0664078062513,505.866455078125,15509500,0.0,0.0
2025-09-05 00:00:00-04:00,506.9619070760115,509.8498918622262,490.3310509759443,492.9501647949219,31994800,0.0,0.0
2025-09-08 00:00:00-04:00,496.04724781279185,499.1244784694731,492.9800158612091,496.13690185546875,16771000,0.0,0.0
2025-09-09 00:00:00-04:00,499.3534910580183,500.17010260105087,495.6389570336189,496.34600830078125,14410500,0.0,0.0
2025-09-10 00:00:00-04:00,500.8971201283455,501.1460848531792,494.6630336933239,498.29791259765625,21611800,0.0,0.0
2025-09-11 00:00:00-04:00,500.17012751524385,501.08633106619584,495.8182290284252,498.9352722167969,18881600,0.0,0.0
2025-09-12 00:00:00-04:00,504.55191069082485,510.42747218178897,501.7635178992086,507.7884521484375,23624900,0.0,0.0
2025-09-15 00:00:00-04:00,506.68306017742736,513.3353599697668,504.9004642300766,513.225830078125,17143800,0.0,0.0
2025-09-16 00:00:00-04:00,514.7395367165727,515.0880630075219,506.4938265025834,506.9320068359375,19711900,0.0,0.0
2025-09-17 00:00:00-04:00,508.5054498653079,509.1726886784055,503.8348693472275,507.9079284667969,15816600,0.0,0.0
2025-09-18 00:00:00-04:00,509.37184097126715,510.9453149965379,505.55771489166153,506.3444519042969,18913700,0.0,0.0
2025-09-19 00:00:00-04:00,508.44574170609144,517.1495391803752,508.19677696926453,515.7852172851562,52474100,0.0,0.0
2025-09-22 00:00:00-04:00,513.4549348866175,515.5959951267806,510.41751650985566,512.3196411132812,20009300,0.0,0.0
2025-09-23 00:00:00-04:00,511.67229848312854,512.4590659268906,505.2091838485409,507.1212463378906,19799600,0.0,0.0
2025-09-24 00:00:00-04:00,508.26644250853604,510.35772177145367,504.82077941210207,508.0373840332031,13533700,0.0,0.0
2025-09-25 00:00:00-04:00,506.1950582100621,507.89799878212006,502.94857891661616,504.9303283691406,15786500,0.0,0.0
2025-09-26 00:00:00-04:00,507.9477531769938,511.8116903059077,504.52199636524745,509.3419494628906,16213100,0.0,0.0
2025-09-29 00:00:00-04:00,509.3817950243417,514.7096154882738,506.77264973451184,512.4689331054688,17617800,0.0,0.0
2025-09-30 00:00:00-04:00,511.11459757878936,516.0142062084105,507.54943619028296,515.8051147460938,19728200,0.0,0.0
2025-10-01 00:00:00-04:00,512.6680995330014,518.3544751787417,509.5709932440202,517.5578002929688,22632300,0.0,0.0
2025-10-02 00:00:00-04:00,515.4963429681408,519.4399047558908,508.56514411884206,513.6041870117188,21222900,0.0,0.0
2025-10-03 00:00:00-04:00,514.9585548343116,518.3345307125708,512.8672756929882,515.20751953125,15112300,0.0,0.0
2025-10-06 00:00:00-04:00,516.4623876768178,528.8309994124726,516.0541122577388,526.3811645507812,21388600,0.0,0.0
2025-10-07 00:00:00-04:00,526.1022689962125,527.6060256392368,519.2806599401652,521.8101196289062,14615200,0.0,0.0
2025-10-08 00:00:00-04:00,521.1130687043808,524.7678538085896,520.923853084141,522.676513671875,13363400,0.0,0.0
2025-10-09 00:00:00-04:00,520.1769452354545,522.158694647609,515.2574000210162,520.2366943359375,18343600,0.0,0.0
2025-10-10 00:00:00-04:00,517.4881335274953,521.4118200258811,507.5195762105422,508.84405517578125,24133800,0.0,0.0
2025-10-13 00:00:00-04:00,514.2714771071726,514.2714771071726,509.56108387533754,511.9212646484375,14284200,0.0,0.0
2025-10-14 00:00:00-04:00,508.1170420708167,513.146147202046,503.9045484424133,511.4432067871094,14684300,0.0,0.0
2025-10-15 00:00:00-04:00,512.8275263160849,515.0482722356254,507.88804423946306,511.3038330078125,14694700,0.0,0.0
2025-10-16 00:00:00-04:00,510.4573477017149,514.7096236704256,506.02576365101777,509.4913330078125,15559600,0.0,0.0
2025-10-17 00:00:00-04:00,506.9320087638593,513.3453119402852,505.20916197429216,511.4532165527344,19867800,0.0,0.0
2025-10-20 00:00:00-04:00,512.4788764440519,516.5519656323323,511.30377036778043,514.6498413085938,14665600,0.0,0.0
2025-10-21 00:00:00-04:00,515.3569857054445,516.5420602391357,510.91543308707116,515.5162963867188,15586200,0.0,0.0
2025-10-22 00:00:00-04:00,518.9918584655633,523.0549187669818,515.566101626736,518.3843383789062,18962700,0.0,0.0
2025-10-23 00:00:00-04:00,520.2964530626382,521.7802730707533,516.4623598997719,518.404296875,14023500,0.0,0.0
2025-10-24 00:00:00-04:00,520.6250388201142,523.1744351060786,518.5536961256696,521.441650390625,15532400,0.0,0.0
2025-10-27 00:00:00-04:00,529.577902779321,532.3662956890146,526.819354031342,529.3189697265625,18734700,0.0,0.0
2025-10-28 00:00:00-04:00,547.722348424072,551.4269140414981,538.5305910090683,539.8251953125,29986700,0.0,0.0
2025-10-29 00:00:00-04:00,542.6832878753321,544.0077970763692,534.5072653816836,539.3073120117188,36023000,0.0,0.0
2025-10-30 00:00:00-04:00,528.2831883129468,532.7545848667123,519.9578228356851,523.582763671875,41023100,0.0,0.0
2025-10-31 00:00:00-04:00,526.6898137654194,527.1279940743384,512.9668501497666,515.6656494140625,34006400,0.0,0.0
2025-11-03 00:00:00-05:00,517.657371934483,522.7860691817526,512.4590180581705,514.888916015625,22374700,0.0,0.0
2025-11-04 00:00:00-05:00,509.6407695643784,513.4150529816625,505.73698923396887,512.2001342773438,20958700,0.0,0.0
2025-11-05 00:00:00-05:00,511.17434154282535,512.6980347767452,504.4821687767013,505.0597839355469,23024300,0.0,0.0
2025-11-06 00:00:00-05:00,503.5659922381216,503.6058351018555,493.75677643867937,495.04144287109375,27406500,0.0,0.0
2025-11-07 00:00:00-05:00,494.89207027354036,497.31199999791255,491.2073803526309,494.7626037597656,24019800,0.0,0.0
2025-11-10 00:00:00-05:00,497.96929153220975,504.7510881917551,496.73440583349895,503.90460205078125,26101500,0.0,0.0
2025-11-11 00:00:00-05:00,502.70954902224156,507.48968986721945,500.26971300797675,506.573486328125,17980000,0.0,0.0
2025-11-12 00:00:00-05:00,507.2506574723947,509.5511194130969,497.05307240824305,509.0233154296875,26574900,0.0,0.0
2025-11-13 00:00:00-05:00,508.1967287528611,511.3735209246628,499.2140928412288,501.205810546875,25273100,0.0,0.0
2025-11-14 00:00:00-05:00,496.16679552350377,509.48142428367663,495.3800584752997,508.0672912597656,28505700,0.0,0.0
2025-11-17 00:00:00-05:00,506.34447416817187,509.9992593431845,502.8191251226507,505.388427734375,19092800,0.0,0.0
2025-11-18 00:00:00-05:00,493.31862192366924,500.89712400975867,484.76419755903834,491.74517822265625,33815100,0.0,0.0
2025-11-19 00:00:00-05:00,488.070453670226,493.13937183157236,480.8305400064438,485.102783203125,23245300,0.0,0.0
2025-11-20 00:00:00-05:00,491.5879641710541,492.4460215630244,474.41716428973194,477.3404846191406,26802500,0.91,0.0
2025-11-21 00:00:00-05:00,477.4103368698009,477.8293938228302,467.20362215472323,471.04486083984375,31769200,0.0,0.0
2025-11-24 00:00:00-05:00,473.9183160323131,475.8139832068258,466.9542001322548,472.92059326171875,34421000,0.0,0.0
2025-11-25 00:00:00-05:00,472.9904142849383,478.0588322743821,463.8313270788984,475.90374755859375,28019800,0.0,0.0
2025-11-26 00:00:00-05:00,485.2025316262965,487.1979770584782,480.10418316215106,484.3943786621094,25709100,0.0,0.0
2025-11-28 00:00:00-05:00,486.48962635446395,491.5081706450152,485.54177754838196,490.88958740234375,14386700,0.0,0.0
2025-12-01 00:00:00-05:00,487.32770213243884,488.7444513856018,483.5463243869077,485.6315612792969,23964000,0.0,0.0
2025-12-02 00:00:00-05:00,485.6116258193264,492.3761849539621,485.2125428025972,488.8841552734375,19562700,0.0,0.0
2025-12-03 00:00:00-05:00,475.23529714339696,483.13724409881166,474.1178525596479,476.64208984375,34615100,0.0,0.0
2025-12-04 00:00:00-05:00,478.6674679630734,480.2239129901724,475.40489514051177,479.7449951171875,22318200,0.0,0.0
2025-12-05 00:00:00-05:00,481.4211657314621,482.299166614698,477.78947078944657,482.0597229003906,22608700,0.0,0.0
2025-12-08 00:00:00-05:00,483.7858099301447,491.17890888246444,483.2769615726175,489.9018249511719,21965900,0.0,0.0
2025-12-09 00:00:00-05:00,487.9862027558801,490.99931449735556,487.3875630167038,490.8995361328125,14696100,0.0,0.0
2025-12-10 00:00:00-05:00,482.92772884397027,483.14722906115725,473.99809828560024,477.4701843261719,35756200,0.0,0.0
2025-12-11 00:00:00-05:00,475.5445986070271,484.92318635563356,474.7763326037194,482.3690185546875,24669200,0.0,0.0
2025-12-12 00:00:00-05:00,478.72734800157895,481.3513637649093,475.2552617920193,477.4402770996094,21248100,0.0,0.0
2025-12-15 00:00:00-05:00,479.0066832317436,479.6252664455081,471.44392797474177,473.73870849609375,23727700,0.0,0.0
2025-12-16 00:00:00-05:00,470.8353364785088,476.80172935648005,469.8076832860371,475.3051452636719,20705600,0.0,0.0
2025-12-17 00:00:00-05:00,475.8239455574328,478.9069051052783,473.9182915104317,475.0357360839844,24527200,0.0,0.0
2025-12-18 00:00:00-05:00,477.10104539067044,488.4850656489584,476.8017407441929,482.87786865234375,28573500,0.0,0.0
2025-12-19 00:00:00-05:00,486.2501387748106,486.73904362092316,481.39123391446003,484.8134460449219,70836100,0.0,0.0
2025-12-22 00:00:00-05:00,485.01298390813173,487.6170561484318,481.5908021440126,483.81573486328125,16963000,0.0,0.0
2025-12-23 00:00:00-05:00,483.8755963136496,486.71908182827985,483.63612214595605,485.7413330078125,14683600,0.0,0.0
2025-12-24 00:00:00-05:00,484.5739628623746,488.04604888584674,483.7258924615979,486.90863037109375,5855900,0.0,0.0
2025-12-26 00:00:00-05:00,485.601642461088,487.00843522519267,484.85335038112265,486.599365234375,8842200,0.0,0.0
2025-12-29 00:00:00-05:00,483.7558335295542,487.23790659993216,483.0773893732932,485.9907531738281,10893400,0.0,0.0
2025-12-30 00:00:00-05:00,484.82341501264875,488.56487537463653,484.39440153201394,486.3699035644531,13944500,0.0,0.0
2025-12-31 00:00:00-05:00,486.7290680267604,487.0284031238816,482.1993981667827,482.5186767578125,15601600,0.0,0.0
2026-01-02 00:00:00-05:00,483.2869444224563,483.5563186075122,469.0893385249197,471.8630065917969,25571600,0.0,0.0
2026-01-05 00:00:00-05:00,472.98042932285466,474.9858617296903,468.4308161640092,471.773193359375,25250300,0.0,0.0
2026-01-06 00:00:00-05:00,472.72102257015473,477.64977534720424,468.68025764779384,477.4203186035156,23037700,0.0,0.0
2026-01-07 00:00:00-05:00,478.6674756822987,488.5848422406915,476.86159994291296,482.3690185546875,25564200,0.0,0.0
2026-01-08 00:00:00-05:00,480.14408679814625,481.5608665012806,474.7763335277468,477.0212097167969,18162600,0.0,0.0
2026-01-09 00:00:00-05:00,472.9804540365218,478.72734693664125,471.1247042989064,478.1885681152344,18491000,0.0,0.0
2026-01-12 00:00:00-05:00,475.5845048686955,479.89464390147504,474.59673866594744,476.09332275390625,23519900,0.0,0.0
2026-01-13 00:00:00-05:00,473.5990225282599,474.6965236309785,464.888922501957,469.5981750488281,28545800,0.0,0.0
2026-01-14 00:00:00-05:00,465.39775666549855,467.13381499707015,456.1289340170423,458.3338928222656,28184300,0.0,0.0
2026-01-15 00:00:00-05:00,463.0630900555096,463.1927988881192,454.8618076165624,455.6200866699219,23225800,0.0,0.0
2026-01-16 00:00:00-05:00,456.78739866953146,462.13520850615447,455.4404972994736,458.8127746582031,34246700,0.0,0.0
2026-01-20 00:00:00-05:00,450.1924514863621,455.7597309230742,448.2568669541529,453.48492431640625,26130000,0.0,0.0
2026-01-21 00:00:00-05:00,451.56931960591265,451.65911099901973,437.68100562513575,443.0986328125,37980500,0.0,0.0
2026-01-22 00:00:00-05:00,446.600636936346,451.8087507279656,443.6873036586902,450.1126403808594,25349400,0.0,0.0
2026-01-23 00:00:00-05:00,450.8409629929935,470.0271819611143,449.50401819491054,464.888916015625,38000200,0.0,0.0
2026-01-26 00:00:00-05:00,464.25036221183507,473.1700058760031,460.94790240319116,469.20904541015625,29291200,0.0,0.0
2026-01-27 00:00:00-05:00,472.62128861771004,481.7703893732875,472.0825097961169,479.485595703125,29213900,0.0,0.0
2026-01-28 00:00:00-05:00,482.10959164059926,482.63838346935967,476.9114647448887,480.533203125,36875400,0.0,0.0
2026-01-29 00:00:00-05:00,438.98802836564175,441.49232224197124,420.06122635013605,432.5128173828125,128855300,0.0,0.0
2026-01-30 00:00:00-05:00,438.1699022937122,438.5989157576861,425.47886802078926,429.31011962890625,58566800,0.0,0.0
2026-02-02 00:00:00-05:00,429.2602343395754,429.7590957240154,421.28843915961005,422.4058837890625,42219900,0.0,0.0
2026-02-03 00:00:00-05:00,421.0489834358989,421.0888704228976,407.6296003977664,410.2735595703125,61424100,0.0,0.0
2026-02-04 00:00:00-05:00,410.0640575889883,418.84400576689177,408.3080557741746,413.2467956542969,45012400,0.0,0.0
2026-02-05 00:00:00-05:00,406.51216038211834,407.37018733348754,391.4265972483441,392.7735290527344,66289200,0.0,0.0
2026-02-06 00:00:00-05:00,398.2609865133262,400.87501513504304,392.0252195920243,400.22650146484375,53515300,0.0,0.0
2026-02-09 00:00:00-05:00,403.9280678877113,413.94521298339265,399.9571203178888,412.65814208984375,45480500,0.0,0.0
2026-02-10 00:00:00-05:00,418.66440278178237,422.7151545880433,411.76017861216997,412.328857421875,44857900,0.0,0.0
2026-02-11 00:00:00-05:00,415.2322299614449,415.51159110220135,400.096793508188,403.4491271972656,42491000,0.0,0.0
2026-02-12 00:00:00-05:00,404.07770370563327,405.2749831551046,397.1036315998776,400.9248962402344,40802400,0.0,0.0
2026-02-13 00:00:00-05:00,403.528974460687,404.61648859375555,397.1435245648219,400.4060974121094,34091600,0.0,0.0
2026-02-17 00:00:00-05:00,398.31087932693146,399.60790672873594,393.6315571718042,395.95623779296875,32078800,0.0,0.0
2026-02-18 00:00:00-05:00,397.2233488345012,401.6432531481791,395.41747315874426,398.69000244140625,23223400,0.0,0.0
2026-02-19 00:00:00-05:00,400.69000244140625,404.42999267578125,396.6700134277344,398.4599914550781,28234000,0.91,0.0
2026-02-20 00:00:00-05:00,396.1099853515625,400.1199951171875,395.1600036621094,397.2300109863281,34015200,0.0,0.0
2026-02-23 00:00:00-05:00,395.0,395.3599853515625,383.1000061035156,384.4700012207031,43238300,0.0,0.0
2026-02-24 00:00:00-05:00,384.1400146484375,389.3599853515625,381.7099914550781,389.0,33884700,0.0,0.0
2026-02-25 00:00:00-05:00,390.5299987792969,401.4700012207031,390.1600036621094,400.6000061035156,43625500,0.0,0.0
2026-02-26 00:00:00-05:00,404.7099914550781,407.489990234375,398.739990234375,401.7200012207031,34405900,0.0,0.0
2026-02-27 00:00:00-05:00,390.8800048828125,396.82000732421875,389.8800048828125,392.739990234375,51367200,0.0,0.0
2026-03-02 00:00:00-05:00,392.8599853515625,401.19000244140625,390.6300048828125,398.54998779296875,35474900,0.0,0.0
2026-03-03 00:00:00-05:00,393.1400146484375,406.70001220703125,392.6700134277344,403.92999267578125,38199200,0.0,0.0
2026-03-04 00:00:00-05:00,401.2699890136719,411.0299987792969,400.30999755859375,405.20001220703125,35808000,0.0,0.0
2026-03-05 00:00:00-05:00,404.4200134277344,411.6099853515625,404.3999938964844,410.67999267578125,39001300,0.0,0.0
2026-03-06 00:00:00-05:00,409.20001220703125,413.04998779296875,408.510009765625,408.9599914550781,31123900,0.0,0.0
2026-03-09 00:00:00-04:00,404.9200134277344,410.2099914550781,403.5,409.4100036621094,30131900,0.0,0.0
2026-03-10 00:00:00-04:00,410.0299987792969,410.20001220703125,402.92999267578125,405.760009765625,31706400,0.0,0.0
2026-03-11 00:00:00-04:00,405.57000732421875,409.010009765625,401.5899963378906,404.8800048828125,25512100,0.0,0.0
2026-03-12 00:00:00-04:00,404.6300048828125,406.1199951171875,401.7099914550781,401.8599853515625,27263900,0.0,0.0
2026-03-13 00:00:00-04:00,401.0,404.79998779296875,394.25,395.54998779296875,26848000,0.0,0.0
2026-03-16 00:00:00-04:00,398.07000732421875,400.6300048828125,394.7900085449219,399.95001220703125,27733700,0.0,0.0
2026-03-17 00:00:00-04:00,400.2699890136719,404.3999938964844,397.75,399.4100036621094,26228300,0.0,0.0
2026-03-18 00:00:00-04:00,397.1300048828125,398.0,391.0,391.7900085449219,25908500,0.0,0.0
2026-03-19 00:00:00-04:00,390.1000061035156,392.489990234375,387.05999755859375,389.0199890136719,25138800,0.0,0.0
2026-03-20 00:00:00-04:00,386.7900085449219,387.0,380.1199951171875,381.8699951171875,50853200,0.0,0.0
2026-03-23 00:00:00-04:00,383.8999938964844,387.2099914550781,381.67999267578125,383.0,29680100,0.0,0.0
2026-03-24 00:00:00-04:00,382.3599853515625,382.4700012207031,371.8500061035156,372.739990234375,42733600,0.0,0.0
2026-03-25 00:00:00-04:00,376.9200134277344,377.05999755859375,369.6300048828125,371.0400085449219,31181200,0.0,0.0
2026-03-26 00:00:00-04:00,370.82000732421875,374.7200012207031,365.19000244140625,365.9700012207031,36836600,0.0,0.0
2026-03-27 00:00:00-04:00,361.8999938964844,362.45001220703125,356.510009765625,356.7699890136719,37883400,0.0,0.0
2026-03-30 00:00:00-04:00,361.8999938964844,365.3599853515625,356.2799987792969,358.9599914550781,44797000,0.0,0.0
2026-03-31 00:00:00-04:00,364.54998779296875,372.8999938964844,363.07000732421875,370.1700134277344,45244400,0.0,0.0
2026-04-01 00:00:00-04:00,373.489990234375,373.989990234375,368.20001220703125,369.3699951171875,29417200,0.0,0.0
2026-04-02 00:00:00-04:00,367.2099914550781,373.6400146484375,364.1499938964844,373.4599914550781,24099100,0.0,0.0
2026-04-06 00:00:00-04:00,373.489990234375,373.7300109863281,369.5,372.8800048828125,16146600,0.0,0.0
2026-04-07 00:00:00-04:00,370.3399963378906,372.45001220703125,366.55999755859375,372.2900085449219,21443300,0.0,0.0
2026-04-08 00:00:00-04:00,384.9800109863281,385.0,371.4100036621094,374.3299865722656,33064800,0.0,0.0
2026-04-09 00:00:00-04:00,372.5,373.5,367.04998779296875,373.07000732421875,28422375,0.0,0.0
